Recency,Frequency,Monetary,Churn,AvgOrderValue,PurchaseSpanDays,PurchaseInterval,RepeatRatio,ChurnProbability,RiskSegment,Segment,SegmentName
326,12,77556.46,1,6463.038333333334,400,36.36363636363637,2.4,0.18038946372912348,Low Risk,2,VIP Loyal
2,8,5633.32,0,704.165,402,57.42857142857143,1.0,0.17984071890515485,Low Risk,2,VIP Loyal
75,5,2019.4,0,403.88,362,90.5,1.0,0.24438080688423897,Low Risk,3,regular
19,4,4428.69,0,1107.1725,570,190.0,1.0,0.11204627891594303,Low Risk,3,regular
310,1,334.4,1,334.4,0,0.0,1.0,0.6955236271609935,High Risk,1,Churned
375,1,300.93,1,300.93,0,0.0,1.0,0.6958598687874314,High Risk,1,Churned
36,10,2849.84,0,284.98400000000004,356,39.55555555555556,2.0,0.20987127832406832,Low Risk,2,VIP Loyal
204,2,406.76,1,203.38,204,204.0,1.0,0.5362342273404036,Medium Risk,0,Occasional
232,1,1079.4,1,1079.4,0,0.0,1.0,0.6879856673821612,High Risk,1,Churned
214,2,947.61,1,473.805,353,353.0,1.0,0.41366850637630814,Medium Risk,3,regular
23,6,6373.68,0,1062.28,401,80.2,1.2,0.19614276392770355,Low Risk,3,regular
33,3,18287.66,0,6095.886666666666,355,177.5,1.5,0.2665248809707805,Low Risk,3,regular
2,5,3887.07,0,777.414,730,182.5,1.0,0.04651485057264779,Low Risk,3,regular
58,10,8935.94,0,893.5939999999998,676,75.11111111111111,1.25,0.04368968665710433,Low Risk,2,VIP Loyal
52,8,4252.89,0,531.6112499999999,603,86.14285714285714,1.1428571428571428,0.06941510454682702,Low Risk,3,regular
287,4,511.25,1,127.8125,394,131.33333333333334,1.0,0.23551809233960977,Low Risk,0,Occasional
3,11,5356.23,0,486.92999999999995,735,73.5,1.2222222222222223,0.030578023879143514,Low Risk,2,VIP Loyal
110,2,552.0,0,276.0,132,132.0,1.0,0.592783297635516,Medium Risk,0,Occasional
8,4,1313.1,0,328.275,104,34.666666666666664,1.0,0.5597059132686435,Medium Risk,3,regular
291,2,641.38,1,320.69,0,0.0,2.0,0.6947845288747647,High Risk,1,Churned
634,1,500.24,1,500.24,0,0.0,1.0,0.6938545112009957,High Risk,1,Churned
4,1,168.9,0,168.9,0,0.0,1.0,0.6971842083142321,High Risk,1,Churned
628,1,917.6999999999999,1,917.6999999999999,0,0.0,1.0,0.6896304217515459,High Risk,1,Churned
413,3,1791.15,1,597.05,228,114.0,1.0,0.4359163094062061,Medium Risk,3,regular
51,7,4320.31,0,617.1871428571428,617,102.83333333333333,1.4,0.06876897672970322,Low Risk,3,regular
45,5,4067.38,0,813.476,600,150.0,1.6666666666666667,0.08770994925038893,Low Risk,3,regular
72,3,1298.04,0,432.68,224,112.0,1.0,0.441774248522729,Medium Risk,3,regular
311,3,1127.65,1,375.8833333333334,362,181.0,1.0,0.2990752986717728,Low Risk,3,regular
25,4,2989.2200000000003,0,747.3050000000001,563,187.66666666666666,1.3333333333333333,0.11732730684852181,Low Risk,3,regular
11,2,457.5,0,228.75,87,87.0,1.0,0.627908594528307,High Risk,0,Occasional
390,2,503.15,1,251.575,28,28.0,1.0,0.6711711579915188,High Risk,0,Occasional
315,4,3426.32,1,856.58,274,91.33333333333333,1.0,0.3520796710532312,Medium Risk,3,regular
130,2,5416.32,0,2708.16,432,432.0,1.0,0.33238847327050974,Medium Risk,3,regular
82,4,1620.22,0,405.055,452,150.66666666666666,1.0,0.18690869596469348,Low Risk,3,regular
22,11,9676.300000000001,0,879.6636363636364,640,64.0,1.375,0.05085832455306988,Low Risk,2,VIP Loyal
5,5,1845.31,0,369.062,115,28.75,1.25,0.5352013822893282,Medium Risk,3,regular
185,5,1850.56,1,370.11199999999997,167,41.75,1.0,0.4674607076811482,Medium Risk,3,regular
29,2,585.27,0,292.635,92,92.0,1.0,0.6234941961381516,High Risk,0,Occasional
379,1,1938.4,1,1938.4,0,0.0,1.0,0.6791692444052108,High Risk,1,Churned
338,2,660.8,1,330.4,29,29.0,1.0,0.669733456915913,High Risk,3,regular
415,1,143.94,1,143.94,0,0.0,1.0,0.6974342050802226,High Risk,1,Churned
16,8,3901.11,0,487.63875,566,80.85714285714286,1.0,0.08322711986549537,Low Risk,3,regular
403,3,1433.33,1,477.77666666666664,253,126.5,1.0,0.40955620366814677,Medium Risk,3,regular
80,1,549.84,0,549.84,0,0.0,1.0,0.6933543140947215,High Risk,1,Churned
22,6,2773.42,0,462.2366666666667,641,128.2,1.5,0.06588464449223878,Low Risk,3,regular
591,1,234.75000000000003,1,234.75000000000003,0,0.0,1.0,0.6965241012487275,High Risk,1,Churned
72,6,2399.4500000000003,0,399.9083333333333,356,71.2,1.2,0.23808790283800033,Low Risk,3,regular
64,2,1272.48,0,636.24,153,153.0,1.0,0.5726099616712496,Medium Risk,3,regular
19,15,5067.27,0,337.81800000000004,583,41.642857142857146,1.3636363636363635,0.05933807296973555,Low Risk,2,VIP Loyal
674,1,931.43,1,931.43,0,0.0,1.0,0.6894909504168115,High Risk,1,Churned
36,2,2409.9,0,1204.9499999999998,99,99.0,1.0,0.6091914920108631,High Risk,3,regular
46,1,1635.6599999999999,0,1635.6599999999999,0,0.0,1.0,0.6822914763810972,High Risk,1,Churned
119,7,1962.3,0,280.3285714285715,525,87.5,1.0,0.10711694641946297,Low Risk,3,regular
414,1,205.25,1,205.25,0,0.0,1.0,0.6968199216050159,High Risk,1,Churned
303,1,84.3,1,84.3,0,0.0,1.0,0.6980310795957507,High Risk,1,Churned
323,6,1256.9,1,209.48333333333335,347,69.4,1.0,0.24657711928256684,Low Risk,0,Occasional
50,2,1019.36,0,509.68000000000006,471,471.0,1.0,0.32461073731973084,Medium Risk,3,regular
682,1,63.24,1,63.24,0,0.0,1.0,0.6982416874743465,High Risk,1,Churned
149,1,1710.39,0,1710.39,0,0.0,1.0,0.6815222761758718,High Risk,1,Churned
22,5,6390.36,0,1278.0720000000001,675,168.75,1.0,0.06004841326859615,Low Risk,3,regular
50,5,1708.1200000000001,0,341.62399999999997,214,53.5,1.25,0.4097903434407537,Medium Risk,3,regular
33,8,4340.7699999999995,0,542.5962499999999,465,66.42857142857143,1.1428571428571428,0.13555209443626828,Low Risk,3,regular
79,7,23419.29,0,3345.612857142857,486,81.0,1.1666666666666667,0.12518189639563815,Low Risk,3,regular
309,3,1013.71,1,337.9033333333333,193,96.5,1.5,0.47981848954668094,Medium Risk,0,Occasional
410,1,346.9,1,346.9,0,0.0,1.0,0.6953979978222069,High Risk,1,Churned
75,6,2596.93,0,432.82166666666666,464,92.8,1.0,0.15006672576817215,Low Risk,3,regular
67,4,999.45,0,249.8625,335,111.66666666666667,1.0,0.2908131029270333,Low Risk,0,Occasional
217,6,952.41,1,158.73499999999999,246,49.2,1.5,0.359836324969876,Medium Risk,0,Occasional
24,28,144458.37,0,5159.2275,503,19.346153846153847,1.8,0.10665482557078493,Low Risk,2,VIP Loyal
657,1,202.56,1,202.56,0,0.0,1.0,0.6968468883050942,High Risk,1,Churned
3,20,6816.91,0,340.8455,730,38.421052631578945,1.25,0.023113287085018124,Low Risk,2,VIP Loyal
113,4,2021.2,0,505.3,517,172.33333333333334,1.0,0.1428052870429117,Low Risk,3,regular
386,2,503.01,1,251.505,27,27.0,1.0,0.6718865359862225,High Risk,0,Occasional
64,1,600.39,0,600.39,0,0.0,1.0,0.6928440679558212,High Risk,1,Churned
16,6,1098.6,0,183.1,489,97.8,1.0,0.1346137531465329,Low Risk,0,Occasional
96,17,5231.8,0,307.7529411764706,625,39.0625,1.5454545454545454,0.0448272525607264,Low Risk,2,VIP Loyal
1,10,2622.39,0,262.239,465,51.666666666666664,1.0,0.1253593034457419,Low Risk,2,VIP Loyal
163,4,3340.03,0,835.0075,385,192.5,1.0,0.27021240438622984,Low Risk,3,regular
78,2,1741.41,0,870.705,370,370.0,1.0,0.3964320123481842,Medium Risk,3,regular
195,2,1345.21,1,672.605,468,468.0,1.0,0.32526195637885025,Medium Risk,3,regular
22,3,1129.3,0,376.43333333333334,349,174.5,1.0,0.31145151964079737,Medium Risk,3,regular
26,9,7956.46,0,884.0511111111111,257,32.125,1.8,0.3199176693805207,Medium Risk,2,VIP Loyal
9,8,7485.91,0,935.73875,537,76.71428571428571,1.3333333333333333,0.09634819335244506,Low Risk,2,VIP Loyal
43,1,256.4,0,256.4,0,0.0,1.0,0.696306895593713,High Risk,1,Churned
36,27,10857.97,0,402.147037037037,658,25.307692307692307,1.6875,0.028632648605479444,Low Risk,2,VIP Loyal
43,5,5059.32,0,1011.8639999999999,129,32.25,2.5,0.5202146327043513,Medium Risk,3,regular
1,10,20581.26,0,2058.1259999999997,476,52.888888888888886,1.25,0.1207340218097943,Low Risk,2,VIP Loyal
85,3,1103.43,0,367.81,296,148.0,1.0,0.36470158727641694,Medium Risk,3,regular
80,6,13925.93,0,2320.9883333333332,657,131.4,1.0,0.058496121983965414,Low Risk,3,regular
100,1,509.01,0,509.01,0,0.0,1.0,0.6937661022732725,High Risk,1,Churned
2,39,12683.4,0,325.2153846153846,735,19.342105263157894,1.95,0.013544866516808845,Low Risk,2,VIP Loyal
14,2,2906.85,0,1453.425,125,125.0,1.0,0.5864647161292865,Medium Risk,3,regular
683,2,1158.18,1,579.09,43,43.0,1.0,0.6573054177294722,High Risk,3,regular
462,2,859.2,1,429.6,255,255.0,1.0,0.4926407707128771,Medium Risk,3,regular
367,1,347.1,1,347.1,0,0.0,1.0,0.695395987516026,High Risk,1,Churned
3,1,172.06,0,172.06,0,0.0,1.0,0.6971525497509672,High Risk,1,Churned
732,1,485.31,1,485.31,0,0.0,1.0,0.6940049852630659,High Risk,1,Churned
21,5,5005.46,0,1001.092,149,37.25,1.0,0.48674798478416836,Medium Risk,3,regular
22,2,434.98,0,217.49,398,398.0,1.0,0.38130533344982004,Medium Risk,0,Occasional
58,1,1002.3100000000001,0,1002.3100000000001,0,0.0,1.0,0.6887703935947928,High Risk,1,Churned
243,1,476.49,1,476.49,0,0.0,1.0,0.6940938594160578,High Risk,1,Churned
44,1,449.45,0,449.45,0,0.0,1.0,0.694366236204739,High Risk,1,Churned
22,6,4835.89,0,805.9816666666667,416,83.2,1.0,0.1840739806739765,Low Risk,3,regular
156,5,688.2,0,137.64000000000001,318,79.5,1.0,0.2895728299087823,Low Risk,0,Occasional
11,8,12669.88,0,1583.735,518,74.0,1.3333333333333333,0.105301354978021,Low Risk,2,VIP Loyal
17,2,430.57,0,215.285,0,0.0,2.0,0.6957100736668526,High Risk,1,Churned
134,1,707.09,0,707.09,0,0.0,1.0,0.6917655003350124,High Risk,1,Churned
56,5,16679.78,0,3335.9559999999997,364,91.0,1.6666666666666667,0.2326277264256146,Low Risk,3,regular
73,10,5879.95,0,587.995,648,72.0,1.1111111111111112,0.05030842186593716,Low Risk,2,VIP Loyal
44,3,3181.04,0,1060.3466666666666,210,105.0,1.0,0.4518172907989186,Medium Risk,3,regular
66,8,2995.91,0,374.48875,368,52.57142857142857,2.0,0.21226035122321552,Low Risk,2,VIP Loyal
71,4,1777.49,0,444.3725,416,138.66666666666666,1.0,0.2150588089684951,Low Risk,3,regular
605,1,454.36,1,454.36,0,0.0,1.0,0.6943167873428707,High Risk,1,Churned
456,1,326.65,1,326.65,0,0.0,1.0,0.6956015027191891,High Risk,1,Churned
94,2,826.88,0,413.44,60,60.0,1.0,0.6463627193755509,High Risk,3,regular
19,2,1189.59,0,594.7950000000001,284,284.0,1.0,0.46748249156344734,Medium Risk,3,regular
53,4,1344.78,0,336.195,188,62.666666666666664,1.0,0.45697565324180744,Medium Risk,3,regular
10,8,1212.05,0,151.50625,299,42.714285714285715,1.6,0.2794621870077192,Low Risk,0,Occasional
17,2,742.1899999999999,0,371.095,152,152.0,1.0,0.5760884587015218,Medium Risk,3,regular
682,1,56.73,1,56.73,0,0.0,1.0,0.6983067730309539,High Risk,1,Churned
423,1,132.8,1,132.8,0,0.0,1.0,0.697545744439651,High Risk,1,Churned
188,5,3670.74,1,734.1479999999999,495,123.75,1.0,0.1397930935139154,Low Risk,3,regular
523,2,3070.54,1,1535.27,14,14.0,1.0,0.6694394828991915,High Risk,3,regular
690,1,211.95,1,211.95,0,0.0,1.0,0.6967527495843425,High Risk,1,Churned
2,79,39963.79,0,505.8707594936709,730,9.480519480519481,3.391304347826087,0.005535035446067633,Low Risk,2,VIP Loyal
32,19,17880.59,0,941.0836842105264,693,38.5,1.1875,0.030150240755258403,Low Risk,2,VIP Loyal
29,5,3938.5499999999997,0,787.71,162,40.5,1.25,0.4727200089926092,Medium Risk,3,regular
17,31,12424.45,0,400.7887096774194,649,21.633333333333333,1.8235294117647058,0.027159536495320703,Low Risk,2,VIP Loyal
54,2,1149.64,0,574.8199999999999,356,356.0,1.0,0.4102994461860511,Medium Risk,3,regular
16,23,14115.41,0,613.7134782608696,486,22.09090909090909,1.7692307692307692,0.08125278570901803,Low Risk,2,VIP Loyal
23,9,20276.37,0,2252.93,600,75.0,1.125,0.06724780529497996,Low Risk,2,VIP Loyal
4,1,680.99,0,680.99,0,0.0,1.0,0.6920295238927011,High Risk,1,Churned
11,1,527.2,0,527.2,0,0.0,1.0,0.6935826864197648,High Risk,1,Churned
28,7,5464.85,0,780.6928571428572,479,79.83333333333333,1.0,0.1322400707034851,Low Risk,3,regular
23,15,12361.39,0,824.0926666666667,584,41.714285714285715,1.3636363636363635,0.0600271755796732,Low Risk,2,VIP Loyal
576,29,23691.4,1,816.944827586207,77,2.9615384615384617,9.0,0.47787925884617977,Medium Risk,2,VIP Loyal
17,19,5120.58,0,269.5042105263158,660,36.666666666666664,1.3571428571428572,0.03478230089645367,Low Risk,2,VIP Loyal
33,12,6370.15,0,530.8458333333334,648,58.90909090909091,1.5,0.04692925506082035,Low Risk,2,VIP Loyal
529,1,708.1,1,708.1,0,0.0,1.0,0.6917552808095997,High Risk,1,Churned
432,1,1037.28,1,1037.28,0,0.0,1.0,0.6884145557054251,High Risk,1,Churned
731,1,285.29999999999995,1,285.29999999999995,0,0.0,1.0,0.6960168170855574,High Risk,1,Churned
10,3,1298.66,0,432.8866666666667,65,32.5,1.0,0.617769496225508,High Risk,3,regular
336,1,334.93,1,334.93,0,0.0,1.0,0.6955183010684587,High Risk,1,Churned
5,21,9823.64,0,467.79238095238094,733,36.65,1.2352941176470589,0.022271059151374596,Low Risk,2,VIP Loyal
39,1,460.40000000000003,0,460.40000000000003,0,0.0,1.0,0.6942559520509548,High Risk,1,Churned
63,3,715.21,0,238.40333333333334,340,170.0,1.0,0.3212501368346316,Medium Risk,0,Occasional
166,2,433.74,0,216.87,31,31.0,1.0,0.6693405943790066,High Risk,0,Occasional
16,9,1872.8700000000001,0,208.0966666666667,560,70.0,1.125,0.08212010742779055,Low Risk,2,VIP Loyal
641,1,357.4,1,357.4,0,0.0,1.0,0.6952924466692911,High Risk,1,Churned
620,2,54.09,1,27.045,0,0.0,2.0,0.6973590431813864,High Risk,1,Churned
82,3,6248.5,0,2082.8333333333335,563,281.5,1.0,0.1400505126490495,Low Risk,3,regular
21,3,403.70000000000005,0,134.56666666666666,36,18.0,1.5,0.6528331807450747,High Risk,0,Occasional
560,1,393.72,1,393.72,0,0.0,1.0,0.6949271818177309,High Risk,1,Churned
23,19,5955.21,0,313.4321052631579,650,36.111111111111114,1.5833333333333333,0.036978189041389664,Low Risk,2,VIP Loyal
337,1,2169.39,1,2169.39,0,0.0,1.0,0.6767761391585931,High Risk,1,Churned
96,5,3723.87,0,744.774,214,53.5,1.0,0.4062284691578572,Medium Risk,3,regular
584,1,1126.0,1,1126.0,0,0.0,1.0,0.6875107856494383,High Risk,1,Churned
18,4,779.05,0,194.7625,578,192.66666666666666,1.3333333333333333,0.11151608525142209,Low Risk,0,Occasional
409,1,955.2,1,955.2,0,0.0,1.0,0.6892494098835777,High Risk,1,Churned
233,1,73.5,1,73.5,0,0.0,1.0,0.698139094054865,High Risk,1,Churned
134,4,1844.06,0,461.015,450,150.0,1.3333333333333333,0.18923689091494286,Low Risk,3,regular
26,2,398.27,0,199.135,2,2.0,2.0,0.6944784389293145,High Risk,1,Churned
284,1,176.5,1,176.5,0,0.0,1.0,0.6971080643030483,High Risk,1,Churned
143,9,5178.02,0,575.3355555555556,592,74.0,1.2857142857142858,0.07017743886244286,Low Risk,3,regular
429,1,3084.02,1,3084.02,0,0.0,1.0,0.6672100291657996,High Risk,3,regular
66,2,138.03,0,69.015,0,0.0,2.0,0.6969918270797114,High Risk,1,Churned
113,1,612.29,0,612.29,0,0.0,1.0,0.6927238819579885,High Risk,1,Churned
267,2,1597.76,1,798.88,374,374.0,1.0,0.39404545646389916,Medium Risk,3,regular
353,1,383.7,1,383.7,0,0.0,1.0,0.6950279760064391,High Risk,1,Churned
78,4,2648.62,0,662.155,521,173.66666666666666,1.0,0.13986286197249762,Low Risk,3,regular
28,5,2502.84,0,500.56800000000004,161,40.25,1.25,0.47567182599577035,Medium Risk,3,regular
1,5,2056.89,0,411.378,109,27.25,1.0,0.5412653538099963,Medium Risk,3,regular
64,2,726.54,0,363.27,413,413.0,1.0,0.368499946800875,Medium Risk,3,regular
79,5,2634.26,0,526.8520000000001,194,48.5,1.25,0.4336823580468223,Medium Risk,3,regular
143,1,599.68,0,599.68,0,0.0,1.0,0.6928512378897624,High Risk,1,Churned
39,2,192.72,0,96.36,12,12.0,2.0,0.6884744944478267,High Risk,0,Occasional
19,23,4372.15,0,190.09347826086955,712,32.36363636363637,1.2777777777777777,0.023119102127673274,Low Risk,2,VIP Loyal
9,17,11126.11,0,654.4770588235294,660,41.25,1.3076923076923077,0.037589363651823686,Low Risk,2,VIP Loyal
498,3,973.73,1,324.57666666666665,149,74.5,1.0,0.526646792679866,Medium Risk,3,regular
1,3,1316.66,0,438.8866666666666,93,46.5,1.0,0.5876192101228542,Medium Risk,3,regular
82,5,735.51,0,147.102,447,111.75,1.0,0.17397931294501995,Low Risk,0,Occasional
9,6,1933.48,0,322.24666666666667,303,60.6,1.0,0.2914619833722686,Low Risk,3,regular
528,1,316.48,1,316.48,0,0.0,1.0,0.6957036785513111,High Risk,1,Churned
60,9,3759.26,0,417.6955555555556,582,72.75,1.0,0.07338333928519718,Low Risk,3,regular
15,2,1933.2,0,966.6,671,671.0,1.0,0.19787031708022204,Low Risk,3,regular
30,1,349.83000000000004,0,349.83000000000004,0,0.0,1.0,0.6953685460911828,High Risk,1,Churned
628,2,1367.89,1,683.9449999999999,110,110.0,1.0,0.605841097337377,High Risk,3,regular
131,1,1089.18,0,1089.18,0,0.0,1.0,0.6878860360608733,High Risk,1,Churned
92,2,716.35,0,358.17499999999995,94,94.0,1.0,0.6213328239151353,High Risk,0,Occasional
43,3,12601.830000000002,0,4200.610000000001,15,7.5,3.0,0.6487628558731782,High Risk,3,regular
409,1,732.94,1,732.94,0,0.0,1.0,0.691503882090255,High Risk,1,Churned
29,2,640.45,0,320.225,349,349.0,1.0,0.41836365245960394,Medium Risk,3,regular
22,7,11214.75,0,1602.107142857143,694,115.66666666666667,1.4,0.046221817755789166,Low Risk,3,regular
20,33,22254.49,0,674.3784848484847,712,22.25,1.5,0.01878589814712518,Low Risk,2,VIP Loyal
30,3,981.18,0,327.06,251,125.5,1.0,0.4130240301081761,Medium Risk,3,regular
484,2,481.88,1,240.94,156,156.0,1.0,0.5742394118877457,Medium Risk,0,Occasional
448,1,980.25,1,980.25,0,0.0,1.0,0.6889947509173708,High Risk,1,Churned
36,1,372.7,0,372.7,0,0.0,1.0,0.6951386067855743,High Risk,1,Churned
75,2,1000.39,0,500.195,184,184.0,1.0,0.5492637932656379,Medium Risk,3,regular
47,2,1161.5,0,580.75,31,31.0,1.0,0.6659945009521909,High Risk,3,regular
198,3,383.58,1,127.86,302,151.0,1.0,0.3604390322906082,Medium Risk,0,Occasional
166,1,95.19999999999999,0,95.19999999999999,0,0.0,1.0,0.6979220427703452,High Risk,1,Churned
576,6,1575.68,1,262.61333333333334,121,24.2,3.0,0.527257331062372,Medium Risk,0,Occasional
79,1,964.83,0,964.83,0,0.0,1.0,0.6891515245957538,High Risk,1,Churned
358,1,168.0,1,168.0,0,0.0,1.0,0.6971932246511223,High Risk,1,Churned
39,2,437.82,0,218.91,0,0.0,1.0,0.6911644654256303,High Risk,1,Churned
8,12,4608.75,0,384.0625,415,37.72727272727273,1.0909090909090908,0.14961088770072395,Low Risk,2,VIP Loyal
449,1,468.5,1,468.5,0,0.0,1.0,0.6941743576643016,High Risk,1,Churned
682,1,129.23,1,129.23,0,0.0,1.0,0.6975814841716547,High Risk,1,Churned
50,2,603.71,0,301.855,100,100.0,1.0,0.6172994703833069,High Risk,0,Occasional
16,8,18716.14,0,2339.5175,706,100.85714285714286,1.0,0.040580029075884906,Low Risk,3,regular
8,1,269.96,0,269.96,0,0.0,1.0,0.6961708089883073,High Risk,1,Churned
311,2,561.71,1,280.855,8,8.0,1.0,0.68505030552711,High Risk,1,Churned
5,3,2134.01,0,711.3366666666667,137,68.5,1.0,0.536653116987375,Medium Risk,3,regular
303,1,238.85,1,238.85,0,0.0,1.0,0.6964829743432323,High Risk,1,Churned
8,9,4966.92,0,551.88,427,53.375,1.0,0.15521521056485768,Low Risk,2,VIP Loyal
409,1,249.24,1,249.24,0,0.0,1.0,0.6963787386661137,High Risk,1,Churned
261,1,456.9,1,456.9,0,0.0,1.0,0.694291205115173,High Risk,1,Churned
289,1,145.92,1,145.92,0,0.0,1.0,0.6974143778734263,High Risk,1,Churned
86,1,351.65,0,351.65,0,0.0,1.0,0.69535025103623,High Risk,1,Churned
23,15,13709.86,0,913.9906666666667,644,46.0,1.25,0.04377435768303055,Low Risk,2,VIP Loyal
645,1,70.0,1,70.0,0,0.0,1.0,0.6981740940350344,High Risk,1,Churned
2,32,4124.69,0,128.89656250000002,250,8.620689655172415,3.3333333333333335,0.20575273100464667,Low Risk,2,VIP Loyal
682,1,77.52,1,77.52,0,0.0,1.0,0.698098891235204,High Risk,1,Churned
40,2,519.61,0,259.805,81,81.0,1.0,0.6321403254856133,High Risk,3,regular
9,2,1020.42,0,510.21000000000004,43,43.0,1.0,0.6579481379009949,High Risk,3,regular
227,5,717.41,1,143.48200000000003,237,59.25,1.25,0.38275566839163583,Medium Risk,0,Occasional
316,1,218.45,1,218.45,0,0.0,1.0,0.696687574666775,High Risk,1,Churned
457,2,622.8199999999999,1,311.40999999999997,69,69.0,1.0,0.6406427137952507,High Risk,0,Occasional
36,8,2142.72,0,267.84,490,70.0,1.0,0.12037357634958598,Low Risk,3,regular
35,8,1653.75,0,206.71875,700,100.0,1.6,0.04283866497531921,Low Risk,2,VIP Loyal
21,4,4642.45,0,1160.6125,422,140.66666666666666,1.0,0.20665330946567648,Low Risk,3,regular
78,1,440.42,0,440.42,0,0.0,1.0,0.6944571661053374,High Risk,1,Churned
247,2,1052.9,1,526.45,329,329.0,1.0,0.4321130936438266,Medium Risk,3,regular
40,1,197.71,0,197.71,0,0.0,1.0,0.6968955051392226,High Risk,1,Churned
239,4,1980.4,1,495.1,338,112.66666666666667,1.0,0.28630923810329356,Low Risk,3,regular
3,27,14447.44,0,535.0903703703704,730,28.076923076923077,1.2272727272727273,0.019342218448918067,Low Risk,2,VIP Loyal
4,9,2338.15,0,259.7944444444445,276,34.5,1.125,0.29483299265380974,Low Risk,2,VIP Loyal
234,2,2040.1,1,1020.05,117,117.0,1.0,0.5970653921135136,Medium Risk,3,regular
17,4,2062.67,0,515.6675,706,235.33333333333334,1.0,0.06179927898353818,Low Risk,3,regular
8,1,144.0,0,144.0,0,0.0,1.0,0.6974336042665816,High Risk,1,Churned
39,4,958.78,0,239.695,558,186.0,1.3333333333333333,0.12147747848120616,Low Risk,0,Occasional
29,8,4695.66,0,586.9575,660,94.28571428571429,1.6,0.05249048518190642,Low Risk,2,VIP Loyal
211,2,9864.26,1,4932.13,0,0.0,2.0,0.6528232864484022,High Risk,3,regular
317,3,1352.15,1,450.7166666666667,91,45.5,1.0,0.5896925949587704,Medium Risk,3,regular
92,5,2582.66,0,516.5319999999999,427,106.75,1.6666666666666667,0.1900244578729731,Low Risk,3,regular
109,3,418.09999999999997,0,139.36666666666667,110,55.0,1.5,0.5742016533862314,Medium Risk,0,Occasional
38,15,5090.110000000001,0,339.3406666666667,608,43.42857142857143,1.0714285714285714,0.05173226132416584,Low Risk,2,VIP Loyal
505,1,299.02,1,299.02,0,0.0,1.0,0.6958790504565241,High Risk,1,Churned
51,2,618.27,0,309.135,190,190.0,1.0,0.5464092399611261,Medium Risk,3,regular
19,4,3811.22,0,952.805,248,82.66666666666667,1.0,0.38103977834204944,Medium Risk,3,regular
10,11,4534.09,0,412.19,639,63.9,1.5714285714285714,0.051039585572491025,Low Risk,2,VIP Loyal
29,13,2296.72,0,176.67076923076925,548,45.666666666666664,1.1818181818181819,0.07518719686141666,Low Risk,2,VIP Loyal
29,21,5043.92,0,240.18666666666667,703,35.15,1.2352941176470589,0.02583107248316384,Low Risk,2,VIP Loyal
190,6,681.26,1,113.54333333333334,214,42.8,1.0,0.3969520949709916,Medium Risk,0,Occasional
59,1,153.12,0,153.12,0,0.0,1.0,0.6973422727395114,High Risk,1,Churned
22,1,739.1999999999999,0,739.1999999999999,0,0.0,1.0,0.691440508460856,High Risk,1,Churned
79,2,254.18,0,127.09,182,182.0,1.0,0.554690238610054,Medium Risk,0,Occasional
376,4,1232.95,1,308.2375,81,27.0,1.3333333333333333,0.5891654352044323,Medium Risk,3,regular
682,1,21.0,1,21.0,0,0.0,1.0,0.6986638517319264,High Risk,1,Churned
60,1,1579.51,0,1579.51,0,0.0,1.0,0.6828687778217709,High Risk,1,Churned
405,1,415.79,1,415.79,0,0.0,1.0,0.6947051071646384,High Risk,1,Churned
78,9,3435.86,0,381.76222222222225,641,80.125,1.0,0.05436302741139289,Low Risk,3,regular
23,5,2099.54,0,419.908,103,25.75,1.6666666666666667,0.5523304269100995,Medium Risk,3,regular
52,1,1193.32,0,1193.32,0,0.0,1.0,0.6868240592729432,High Risk,1,Churned
74,1,704.0400000000001,0,704.0400000000001,0,0.0,1.0,0.6917963601379001,High Risk,1,Churned
57,10,6835.07,0,683.507,668,74.22222222222223,1.25,0.04549216795370889,Low Risk,2,VIP Loyal
278,1,315.6,1,315.6,0,0.0,1.0,0.6957125188175002,High Risk,1,Churned
2,8,5740.98,0,717.6225000000001,629,89.85714285714286,1.1428571428571428,0.06084211124797363,Low Risk,2,VIP Loyal
95,3,1131.1,0,377.0333333333333,293,146.5,1.0,0.36775284441522355,Medium Risk,3,regular
29,1,355.53,0,355.53,0,0.0,1.0,0.695311246330759,High Risk,1,Churned
22,1,177.31,0,177.31,0,0.0,1.0,0.6970999483160256,High Risk,1,Churned
16,10,3781.38,0,378.13800000000003,544,60.44444444444444,1.4285714285714286,0.08592856822621088,Low Risk,2,VIP Loyal
15,3,1339.41,0,446.46999999999997,189,94.5,1.0,0.48069227746883164,Medium Risk,3,regular
2,35,24775.81,0,707.8802857142856,666,19.58823529411765,1.6666666666666667,0.023295524234468862,Low Risk,2,VIP Loyal
232,1,180.1,1,180.1,0,0.0,1.0,0.6970719923083559,High Risk,1,Churned
276,7,3747.84,1,535.4057142857143,420,70.0,1.0,0.1730244433866767,Low Risk,3,regular
106,2,641.13,0,320.565,71,71.0,1.0,0.63906188624999,High Risk,0,Occasional
212,4,5164.88,1,1291.22,384,128.0,1.0,0.2382020467312581,Low Risk,3,regular
23,9,6620.48,0,735.6088888888888,303,37.875,1.5,0.26691218513114506,Low Risk,2,VIP Loyal
11,7,4478.53,0,639.79,129,21.5,1.4,0.4981153749120989,Medium Risk,2,VIP Loyal
4,3,786.46,0,262.15333333333336,60,30.0,1.0,0.6244772631949983,High Risk,3,regular
386,2,1558.22,1,779.11,37,37.0,1.0,0.6598131259028865,High Risk,3,regular
10,2,1270.88,0,635.44,34,34.0,1.0,0.6633226675642017,High Risk,3,regular
57,6,3481.57,0,580.2616666666667,635,127.0,1.2,0.0673159028404726,Low Risk,3,regular
521,2,804.88,1,402.44,44,44.0,1.0,0.6582239978617006,High Risk,3,regular
59,7,5678.16,0,811.1657142857142,466,77.66666666666667,1.0,0.14034570806985344,Low Risk,3,regular
536,2,490.0,1,245.0,12,12.0,2.0,0.6871517683848228,High Risk,1,Churned
90,4,2930.41,0,732.6025,367,122.33333333333333,1.0,0.25679518204553115,Low Risk,3,regular
739,1,141.0,1,141.0,0,0.0,1.0,0.6974636441211526,High Risk,1,Churned
67,12,8340.31,0,695.0258333333333,476,43.27272727272727,1.3333333333333333,0.11273792688480659,Low Risk,2,VIP Loyal
33,2,921.49,0,460.745,606,606.0,1.0,0.2372031309234083,Low Risk,3,regular
239,3,1312.37,1,437.45666666666665,389,194.5,1.0,0.2738566155285502,Low Risk,3,regular
24,3,1174.58,0,391.5266666666667,57,28.5,1.5,0.6290401437985312,High Risk,3,regular
115,1,185.9,0,185.9,0,0.0,1.0,0.6970138712081178,High Risk,1,Churned
25,3,1013.26,0,337.75333333333333,82,41.0,1.0,0.6003961449097076,High Risk,3,regular
128,12,8350.42,0,695.8683333333333,482,43.81818181818182,1.2,0.10919646117835584,Low Risk,2,VIP Loyal
130,4,1918.49,0,479.62250000000006,564,188.0,1.0,0.11690237086295448,Low Risk,3,regular
34,8,3539.3,0,442.4125,635,90.71428571428571,1.0,0.058935968600291606,Low Risk,3,regular
5,2,1346.97,0,673.4849999999999,44,44.0,1.0,0.6556925191796052,High Risk,3,regular
22,36,17924.35,0,497.89861111111105,672,19.764705882352942,1.8421052631578947,0.021384803961121246,Low Risk,2,VIP Loyal
155,4,1112.0,0,278.0,546,182.0,1.0,0.1269917278484613,Low Risk,0,Occasional
107,8,2294.65,0,286.83125,588,84.0,1.3333333333333333,0.0751891101965635,Low Risk,3,regular
3,1,314.44,0,314.44,0,0.0,1.0,0.6957241716748822,High Risk,1,Churned
335,4,377.75,1,94.4375,130,43.333333333333336,1.0,0.5297758395034494,Medium Risk,0,Occasional
331,2,1017.03,1,508.515,102,102.0,1.0,0.6137389685383658,High Risk,3,regular
149,3,4160.83,0,1386.9433333333334,378,189.0,1.0,0.2770013584484118,Low Risk,3,regular
11,5,601.98,0,120.396,284,71.0,1.6666666666666667,0.3298316624598079,Medium Risk,0,Occasional
424,1,261.35,1,261.35,0,0.0,1.0,0.6962572219443239,High Risk,1,Churned
17,8,6407.83,0,800.97875,545,77.85714285714286,1.0,0.09212985173313921,Low Risk,3,regular
11,4,1643.18,0,410.795,67,22.333333333333332,1.3333333333333333,0.6049680200142294,High Risk,3,regular
19,1,686.05,0,686.05,0,0.0,1.0,0.6919783475242123,High Risk,1,Churned
30,1,91.68,0,91.68,0,0.0,1.0,0.6979572571038565,High Risk,1,Churned
11,1,245.1,0,245.1,0,0.0,1.0,0.6964202748396802,High Risk,1,Churned
436,1,162.0,1,162.0,0,0.0,1.0,0.6972533296825318,High Risk,1,Churned
1,20,6988.02,0,349.401,617,32.473684210526315,1.1764705882352942,0.04265474859568262,Low Risk,2,VIP Loyal
625,2,239.4,1,119.7,43,43.0,1.0,0.6615809857048196,High Risk,0,Occasional
8,11,6070.04,0,551.8218181818182,718,71.8,1.2222222222222223,0.03349656049774129,Low Risk,2,VIP Loyal
325,3,313.6,1,104.53333333333335,344,172.0,1.0,0.31837426382987677,Medium Risk,0,Occasional
394,1,1248.42,1,1248.42,0,0.0,1.0,0.6862613777469073,High Risk,1,Churned
58,1,620.13,0,620.13,0,0.0,1.0,0.6926446862979319,High Risk,1,Churned
12,10,11444.68,0,1144.468,665,73.88888888888889,1.1111111111111112,0.04621415936602604,Low Risk,2,VIP Loyal
151,3,2744.0299999999997,0,914.6766666666666,105,52.5,1.0,0.5703751583191002,Medium Risk,3,regular
10,7,3760.29,0,537.1842857142857,656,109.33333333333333,1.1666666666666667,0.056387793293491584,Low Risk,3,regular
606,1,2622.481,1,2622.481,0,0.0,1.0,0.6720551161186535,High Risk,1,Churned
330,2,437.05,1,218.52499999999998,265,265.0,1.0,0.48672949520151326,Medium Risk,0,Occasional
5,3,1230.02,0,410.00666666666666,396,198.0,1.0,0.2678404565304845,Low Risk,3,regular
39,4,1970.6,0,492.65,169,56.333333333333336,1.0,0.47904276243938854,Medium Risk,3,regular
554,2,958.5,1,479.25,24,24.0,1.0,0.6719488107822191,High Risk,3,regular
25,11,2843.09,0,258.4627272727273,458,45.8,1.375,0.12620699493804902,Low Risk,2,VIP Loyal
555,2,395.1,1,197.55,111,111.0,1.0,0.6098735913649148,High Risk,0,Occasional
42,21,34281.18,0,1632.4371428571428,658,32.9,1.3125,0.03646235256006587,Low Risk,2,VIP Loyal
59,4,1113.02,0,278.255,225,75.0,1.0,0.4127981563684879,Medium Risk,3,regular
1,4,880.81,0,220.2025,112,37.333333333333336,1.3333333333333333,0.5525460509935947,Medium Risk,0,Occasional
15,45,30868.28,0,685.9617777777778,711,16.15909090909091,2.142857142857143,0.01437252982731664,Low Risk,2,VIP Loyal
4,52,24033.91,0,462.19057692307695,735,14.411764705882353,2.08,0.010034232618038038,Low Risk,2,VIP Loyal
4,21,12696.78,0,604.6085714285715,722,36.1,1.6153846153846154,0.024076733589272255,Low Risk,2,VIP Loyal
8,7,2283.63,0,326.23285714285714,205,34.166666666666664,1.4,0.3992365792034497,Medium Risk,2,VIP Loyal
28,6,2863.08,0,477.18,65,13.0,2.0,0.593315154126028,Medium Risk,2,VIP Loyal
372,1,178.28,1,178.28,0,0.0,1.0,0.6970902290092638,High Risk,1,Churned
481,2,2138.91,1,1069.455,0,0.0,2.0,0.688164654294391,High Risk,1,Churned
114,1,4873.8099999999995,0,4873.8099999999995,0,0.0,1.0,0.6480918219689046,High Risk,3,regular
26,2,1247.61,0,623.805,101,101.0,1.0,0.6133743850390045,High Risk,3,regular
206,1,389.01,1,389.01,0,0.0,1.0,0.694974563449729,High Risk,1,Churned
28,7,1170.4,0,167.20000000000002,392,65.33333333333333,1.1666666666666667,0.19662608536906215,Low Risk,0,Occasional
637,1,110.95,1,110.95,0,0.0,1.0,0.6977644501221305,High Risk,1,Churned
127,7,1703.02,0,243.28857142857143,395,65.83333333333333,1.0,0.19342669905869464,Low Risk,0,Occasional
70,3,1843.35,0,614.4499999999999,350,175.0,1.0,0.30868664426483144,Medium Risk,3,regular
7,7,1407.1200000000001,0,201.01714285714283,658,109.66666666666667,1.0,0.05583913907243446,Low Risk,0,Occasional
435,2,851.91,1,425.955,74,74.0,1.0,0.6358058683931047,High Risk,3,regular
29,3,957.59,0,319.19666666666666,140,70.0,1.0,0.5367579537551279,Medium Risk,3,regular
590,1,339.75,1,339.75,0,0.0,1.0,0.6954698613699004,High Risk,1,Churned
418,1,638.11,1,638.11,0,0.0,1.0,0.6924630186890173,High Risk,1,Churned
8,4,4939.99,0,1234.9975,207,69.0,1.0,0.42746095078305146,Medium Risk,3,regular
80,6,2446.41,0,407.73499999999996,553,110.6,1.5,0.10069680656995289,Low Risk,3,regular
20,1,219.0,0,219.0,0,0.0,1.0,0.6966820595031341,High Risk,1,Churned
71,4,1006.53,0,251.6325,613,204.33333333333334,1.3333333333333333,0.09545338852500317,Low Risk,0,Occasional
7,8,2340.84,0,292.605,162,23.142857142857142,1.6,0.4476323702710823,Medium Risk,2,VIP Loyal
15,14,11762.1,0,840.15,518,39.84615384615385,1.2727272727272727,0.0866002540685794,Low Risk,2,VIP Loyal
292,1,603.42,1,603.42,0,0.0,1.0,0.6928134684581291,High Risk,1,Churned
30,18,5314.1,0,295.22777777777776,691,40.64705882352941,1.125,0.030203694300501266,Low Risk,2,VIP Loyal
15,34,31093.34,0,914.51,715,22.34375,1.65,0.018770824679813027,Low Risk,2,VIP Loyal
97,3,1149.02,0,383.00666666666666,104,52.0,1.0,0.5760823312920951,Medium Risk,3,regular
612,2,1339.05,1,669.525,65,65.0,1.0,0.6402097616609713,High Risk,3,regular
29,21,7193.66,0,342.5552380952381,701,35.05,1.1666666666666667,0.026268042277365653,Low Risk,2,VIP Loyal
1,1,848.55,0,848.55,0,0.0,1.0,0.6903323333417514,High Risk,1,Churned
9,12,14093.71,0,1174.4758333333334,726,66.0,1.0,0.031075578466109283,Low Risk,2,VIP Loyal
106,1,353.86,0,353.86,0,0.0,1.0,0.6953280347824233,High Risk,1,Churned
4,2,1053.49,0,526.745,129,129.0,1.0,0.5926213891482245,Medium Risk,3,regular
151,3,1308.91,0,436.30333333333334,439,219.5,1.0,0.23153745330020087,Low Risk,3,regular
71,1,238.25,0,238.25,0,0.0,1.0,0.6964889931111902,High Risk,1,Churned
5,2,644.95,0,322.475,59,59.0,1.0,0.6479634358037301,High Risk,3,regular
3,30,8260.67,0,275.35566666666665,503,17.344827586206897,1.875,0.060604411438265476,Low Risk,2,VIP Loyal
32,8,4013.08,0,501.635,440,62.857142857142854,1.0,0.151750065145784,Low Risk,3,regular
85,4,997.63,0,249.4075,65,21.666666666666668,1.3333333333333333,0.6084431952782261,High Risk,0,Occasional
4,5,725.07,0,145.01399999999998,61,15.25,1.6666666666666667,0.6062106288523245,High Risk,0,Occasional
5,7,2317.52,0,331.07428571428574,530,88.33333333333333,1.0,0.10454295803368795,Low Risk,3,regular
371,4,2694.56,1,673.64,213,71.0,1.3333333333333333,0.426029086077276,Medium Risk,3,regular
28,11,4014.6,0,364.9636363636364,595,59.5,1.0,0.06333603001747559,Low Risk,2,VIP Loyal
11,10,5679.53,0,567.953,644,71.55555555555556,1.1111111111111112,0.0513564278689043,Low Risk,2,VIP Loyal
71,5,1070.17,0,214.03400000000002,312,78.0,1.0,0.29555603405951436,Low Risk,0,Occasional
114,1,453.01,0,453.01,0,0.0,1.0,0.6943303837084804,High Risk,1,Churned
522,1,829.25,1,829.25,0,0.0,1.0,0.6905280829381312,High Risk,1,Churned
24,17,25775.71,0,1516.2182352941177,624,39.0,1.1333333333333333,0.04727365757098451,Low Risk,2,VIP Loyal
180,1,236.26000000000002,0,236.26000000000002,0,0.0,1.0,0.6965089548761735,High Risk,1,Churned
234,4,2424.87,1,606.2175,455,151.66666666666666,1.0,0.18379187546100229,Low Risk,3,regular
353,3,639.65,1,213.2166666666667,39,19.5,1.5,0.6491389593816264,High Risk,0,Occasional
315,2,779.5699999999999,1,389.78499999999997,21,21.0,2.0,0.6795433446677265,High Risk,0,Occasional
333,1,234.0,1,234.0,0,0.0,1.0,0.6965316241229007,High Risk,1,Churned
499,2,3710.5,1,1855.25,0,0.0,2.0,0.6811338118469448,High Risk,1,Churned
372,1,310.7,1,310.7,0,0.0,1.0,0.6957617403845171,High Risk,1,Churned
78,4,2726.73,0,681.6825,315,105.0,2.0,0.3132963179917976,Medium Risk,3,regular
64,1,427.6,0,427.6,0,0.0,1.0,0.6945862343554863,High Risk,1,Churned
529,2,406.07,1,203.035,3,3.0,2.0,0.6937561473080346,High Risk,1,Churned
626,1,1201.52,1,1201.52,0,0.0,1.0,0.6867403555976548,High Risk,1,Churned
134,2,546.43,0,273.21500000000003,0,0.0,2.0,0.6952015948092406,High Risk,1,Churned
52,11,25317.06,0,2301.550909090909,539,53.9,1.8333333333333333,0.08753152881601453,Low Risk,2,VIP Loyal
487,3,925.41,1,308.46999999999997,195,97.5,1.0,0.4751890420877985,Medium Risk,0,Occasional
541,1,254.55,1,254.55,0,0.0,1.0,0.6963254593170869,High Risk,1,Churned
2,26,9276.539999999999,0,356.78999999999996,730,29.2,1.4444444444444444,0.01959367040493396,Low Risk,2,VIP Loyal
1,337,56599.39,0,167.9507121661721,734,2.1845238095238093,13.48,6.503834269416068e-06,Low Risk,2,VIP Loyal
4,9,6897.36,0,766.3733333333334,517,64.625,1.2857142857142858,0.10186477610494363,Low Risk,2,VIP Loyal
129,1,275.88,0,275.88,0,0.0,1.0,0.6961113857710296,High Risk,1,Churned
445,1,268.27,1,268.27,0,0.0,1.0,0.6961877715092026,High Risk,1,Churned
81,1,4366.78,0,4366.78,0,0.0,1.0,0.6535594531008995,High Risk,3,regular
23,6,21429.39,0,3571.565,339,67.8,1.0,0.24351089148743224,Low Risk,3,regular
236,3,3010.74,1,1003.5799999999999,72,36.0,1.0,0.605499589730843,High Risk,3,regular
281,11,9030.66,1,820.9690909090907,413,41.3,1.5714285714285714,0.15755731509904314,Low Risk,2,VIP Loyal
87,1,112.07999999999998,0,112.07999999999998,0,0.0,1.0,0.6977531416833467,High Risk,1,Churned
16,13,7857.1,0,604.3923076923077,195,16.25,2.6,0.3738508397499112,Medium Risk,2,VIP Loyal
117,7,9903.24,0,1414.7485714285715,621,103.5,1.0,0.06632063383111628,Low Risk,3,regular
52,8,5020.74,0,627.5925,683,97.57142857142857,1.0,0.04608872685126888,Low Risk,3,regular
456,1,347.8,1,347.8,0,0.0,1.0,0.6953889513856774,High Risk,1,Churned
458,2,782.95,1,391.475,7,7.0,2.0,0.6893255654663518,High Risk,1,Churned
8,2,1898.52,0,949.26,17,17.0,1.0,0.6726545898884022,High Risk,3,regular
138,2,814.16,0,407.08,230,230.0,1.0,0.5131224201829355,Medium Risk,3,regular
317,1,1693.88,1,1693.88,0,0.0,1.0,0.6816922999398708,High Risk,1,Churned
472,6,1404.58,1,234.09666666666666,169,33.8,1.2,0.4550787227301259,Medium Risk,0,Occasional
4,9,10068.28,0,1118.697777777778,403,50.375,1.0,0.173128180784984,Low Risk,2,VIP Loyal
376,1,949.82,1,949.82,0,0.0,1.0,0.6893040881671718,High Risk,1,Churned
451,1,168.69000000000003,1,168.69000000000003,0,0.0,1.0,0.6971863121397563,High Risk,1,Churned
239,1,1143.6,1,1143.6,0,0.0,1.0,0.6873313286402541,High Risk,1,Churned
211,2,3246.45,1,1623.225,245,245.0,1.0,0.48837627732310057,Medium Risk,3,regular
486,1,282.3,1,282.3,0,0.0,1.0,0.6960469363002167,High Risk,1,Churned
60,1,892.47,0,892.47,0,0.0,1.0,0.6898866219047035,High Risk,1,Churned
564,1,124.25,1,124.25,0,0.0,1.0,0.6976313355996105,High Risk,1,Churned
536,1,98.7,1,98.7,0,0.0,1.0,0.6978870262096365,High Risk,1,Churned
17,7,1686.12,0,240.87428571428572,392,65.33333333333333,1.0,0.19593542665593405,Low Risk,3,regular
668,1,55.5,1,55.5,0,0.0,1.0,0.6983190694064436,High Risk,1,Churned
458,1,519.45,1,519.45,0,0.0,1.0,0.6936608397595523,High Risk,1,Churned
20,9,1775.68,0,197.29777777777778,583,72.875,1.125,0.07318546816516759,Low Risk,2,VIP Loyal
38,14,6722.2699999999995,0,480.16214285714284,699,53.76923076923077,1.0,0.03301837901654638,Low Risk,2,VIP Loyal
599,1,337.4,1,337.4,0,0.0,1.0,0.6954934787765302,High Risk,1,Churned
64,2,826.74,0,413.37,221,221.0,1.0,0.5203397086402878,Medium Risk,3,regular
5,11,4618.24,0,419.84,514,51.4,1.2222222222222223,0.09589892248127847,Low Risk,2,VIP Loyal
2,6,2225.91,0,370.98499999999996,73,14.6,1.5,0.581026273160271,Medium Risk,2,VIP Loyal
9,3,1804.75,0,601.5833333333334,520,260.0,1.5,0.17383928085734426,Low Risk,3,regular
364,3,1100.4,1,366.8,366,183.0,1.0,0.29539017494937714,Low Risk,3,regular
610,1,728.5,1,728.5,0,0.0,1.0,0.6915488264283598,High Risk,1,Churned
10,4,862.18,0,215.545,403,134.33333333333334,1.0,0.22720474313264058,Low Risk,0,Occasional
463,4,444.9,1,111.225,65,21.666666666666668,1.3333333333333333,0.6094113641967129,High Risk,0,Occasional
65,3,273.35,0,91.11666666666667,628,314.0,1.0,0.11545305255003567,Low Risk,0,Occasional
192,2,591.85,1,295.925,218,218.0,1.0,0.5239795673850395,Medium Risk,0,Occasional
374,6,1056.1100000000001,1,176.01833333333335,250,50.0,1.5,0.35495230734389194,Medium Risk,0,Occasional
257,2,827.01,1,413.505,278,278.0,1.0,0.4741982122468771,Medium Risk,3,regular
335,3,1017.33,1,339.11,66,33.0,1.0,0.6174936061521451,High Risk,3,regular
53,2,860.41,0,430.205,45,45.0,1.0,0.6572354995910501,High Risk,3,regular
19,1,430.48,0,430.48,0,0.0,1.0,0.6945572419644542,High Risk,1,Churned
628,1,381.0,1,381.0,0,0.0,1.0,0.6950551329204424,High Risk,1,Churned
366,2,806.11,1,403.055,58,58.0,1.0,0.6479408151861957,High Risk,3,regular
10,4,8510.93,0,2127.7325,411,137.0,1.0,0.21087050831995327,Low Risk,3,regular
529,1,219.35,1,219.35,0,0.0,1.0,0.6966785498240636,High Risk,1,Churned
470,3,584.25,1,194.75,206,103.0,1.5,0.46653008309752164,Medium Risk,0,Occasional
501,1,1071.82,1,1071.82,0,0.0,1.0,0.6880628747929443,High Risk,1,Churned
187,7,2416.42,1,345.20285714285717,377,62.833333333333336,1.4,0.2100343148377724,Low Risk,3,regular
393,1,1092.81,1,1092.81,0,0.0,1.0,0.6878490519152902,High Risk,1,Churned
466,2,327.02,1,163.51,34,34.0,1.0,0.6676764533940996,High Risk,0,Occasional
382,4,1434.95,1,358.7375,293,97.66666666666667,1.0,0.33436420679987683,Medium Risk,3,regular
435,4,2878.96,1,719.74,153,51.0,1.0,0.4969915513753151,Medium Risk,3,regular
383,1,330.35,1,330.35,0,0.0,1.0,0.6955643248177966,High Risk,1,Churned
37,5,906.1,0,181.22,425,106.25,1.25,0.1914500643937493,Low Risk,0,Occasional
178,3,1755.94,0,585.3133333333334,469,234.5,1.0,0.20756615567766928,Low Risk,3,regular
535,2,534.99,1,267.495,142,142.0,1.0,0.5850241718633475,Medium Risk,0,Occasional
261,5,1033.9,1,206.78000000000003,166,41.5,1.25,0.47100931538208934,Medium Risk,0,Occasional
45,1,229.64000000000001,0,229.64000000000001,0,0.0,1.0,0.6965753550138841,High Risk,1,Churned
502,3,1687.8,1,562.6,191,95.5,1.0,0.47742385582723035,Medium Risk,3,regular
102,1,125.92,0,125.92,0,0.0,1.0,0.6976146188725646,High Risk,1,Churned
148,2,1063.46,0,531.73,50,50.0,1.0,0.6526231843283582,High Risk,3,regular
96,2,572.2,0,286.1,80,80.0,1.0,0.632640272096508,High Risk,0,Occasional
281,3,690.98,1,230.32666666666668,153,76.5,1.0,0.522999735087896,Medium Risk,0,Occasional
262,1,1542.08,1,1542.08,0,0.0,1.0,0.6832532988979622,High Risk,1,Churned
458,1,540.52,1,540.52,0,0.0,1.0,0.6934483375197449,High Risk,1,Churned
3,11,2689.52,0,244.50181818181818,731,73.1,1.0,0.031001196491599034,Low Risk,2,VIP Loyal
214,2,220.8,1,110.39999999999999,397,397.0,1.0,0.38311840375685596,Medium Risk,0,Occasional
71,2,948.88,0,474.44,16,16.0,2.0,0.6823011368693219,High Risk,3,regular
75,18,6501.5,0,361.19444444444446,604,35.529411764705884,1.5,0.0487612659334763,Low Risk,2,VIP Loyal
60,1,397.12,0,397.12,0,0.0,1.0,0.6948929759505303,High Risk,1,Churned
521,2,518.63,1,259.315,120,120.0,1.0,0.6023001859362617,High Risk,0,Occasional
3,12,2955.75,0,246.3125,718,65.27272727272727,1.2,0.0320239359487806,Low Risk,2,VIP Loyal
6,3,430.15000000000003,0,143.38333333333333,38,19.0,1.0,0.6483069374062819,High Risk,0,Occasional
3,6,1018.71,0,169.785,127,25.4,1.5,0.5118616088265735,Medium Risk,0,Occasional
337,3,385.3,1,128.43333333333334,213,106.5,1.0,0.45666310887595307,Medium Risk,0,Occasional
38,6,6814.64,0,1135.7733333333333,134,26.8,1.5,0.4984890244443255,Medium Risk,3,regular
262,3,451.11,1,150.37,200,100.0,1.5,0.47363400569710945,Medium Risk,0,Occasional
32,2,383.03,0,191.51500000000001,65,65.0,1.0,0.644760055942537,High Risk,0,Occasional
145,1,417.38,0,417.38,0,0.0,1.0,0.6946891046308685,High Risk,1,Churned
283,1,312.38,1,312.38,0,0.0,1.0,0.6957448649234215,High Risk,1,Churned
428,41,6043.31,1,147.3978048780488,308,7.7,3.727272727272727,0.12866457181545443,Low Risk,2,VIP Loyal
59,15,6585.62,0,439.04133333333334,679,48.5,1.0714285714285714,0.035575734811586775,Low Risk,2,VIP Loyal
173,2,688.41,0,344.205,396,396.0,1.0,0.38159535075972034,Medium Risk,0,Occasional
34,10,3398.48,0,339.848,559,62.111111111111114,1.25,0.07940975949541168,Low Risk,2,VIP Loyal
3,26,10071.73,0,387.37423076923073,730,29.2,1.368421052631579,0.019623083107977397,Low Risk,2,VIP Loyal
144,7,4041.97,0,577.4242857142857,530,88.33333333333333,1.0,0.10428054726199112,Low Risk,3,regular
5,40,7540.68,0,188.517,514,13.526315789473685,2.1666666666666665,0.04393743927523229,Low Risk,2,VIP Loyal
70,4,1917.99,0,479.4975,667,222.33333333333334,1.0,0.0739457049155983,Low Risk,3,regular
66,30,6588.41,0,219.61366666666666,661,22.79310344827586,2.0,0.025609842975312377,Low Risk,2,VIP Loyal
29,4,648.6,0,162.15,564,188.0,1.0,0.11787012973827031,Low Risk,0,Occasional
267,4,354.09,1,88.5225,22,7.333333333333333,2.0,0.6616597683544387,High Risk,0,Occasional
682,1,15.58,1,15.58,0,0.0,1.0,0.6987179971632975,High Risk,1,Churned
22,2,1636.8999999999999,0,818.45,365,365.0,1.0,0.4008350260907515,Medium Risk,3,regular
676,1,208.0,1,208.0,0,0.0,1.0,0.6967923520164815,High Risk,1,Churned
31,6,3090.56,0,515.0933333333334,559,111.8,1.2,0.09715945989700696,Low Risk,3,regular
446,1,330.0,1,330.0,0,0.0,1.0,0.6955678417556481,High Risk,1,Churned
97,2,284.13,0,142.065,380,380.0,1.0,0.3959042769750669,Medium Risk,0,Occasional
295,1,311.55,1,311.55,0,0.0,1.0,0.6957532022706251,High Risk,1,Churned
135,11,3907.5,0,355.22727272727275,537,53.7,1.5714285714285714,0.08601019976302379,Low Risk,2,VIP Loyal
79,7,2994.02,0,427.71714285714285,649,108.16666666666667,1.1666666666666667,0.058472751785887754,Low Risk,3,regular
373,4,650.9399999999999,1,162.735,29,9.666666666666666,2.0,0.6534323617272376,High Risk,0,Occasional
8,6,2179.93,0,363.32166666666666,55,11.0,2.0,0.6063707476688878,High Risk,2,VIP Loyal
211,6,3688.0,1,614.6666666666666,472,94.4,1.0,0.1444052685853203,Low Risk,3,regular
383,1,177.92,1,177.92,0,0.0,1.0,0.6970938361952395,High Risk,1,Churned
459,1,575.1,1,575.1,0,0.0,1.0,0.6930994015198904,High Risk,1,Churned
693,1,55.47,1,55.47,0,0.0,1.0,0.6983193693144847,High Risk,1,Churned
620,1,68.25,1,68.25,0,0.0,1.0,0.6981915931611726,High Risk,1,Churned
426,2,1008.3199999999999,1,504.15999999999997,69,69.0,1.0,0.6388016356605575,High Risk,3,regular
52,6,2792.5499999999997,0,465.425,537,107.4,1.0,0.10743007522245858,Low Risk,3,regular
138,2,299.57,0,149.785,369,369.0,1.0,0.40438264835144744,Medium Risk,0,Occasional
26,4,3323.47,0,830.8675000000001,450,150.0,1.0,0.18649679575559555,Low Risk,3,regular
283,3,1227.35,1,409.1166666666666,219,109.5,1.0,0.44752526219836936,Medium Risk,3,regular
26,13,7913.29,0,608.7146153846154,696,58.0,1.0,0.03483341777550102,Low Risk,2,VIP Loyal
186,8,2247.06,1,280.88250000000005,207,29.571428571428573,1.3333333333333333,0.38742860809844126,Medium Risk,3,regular
682,1,337.66999999999996,1,337.66999999999996,0,0.0,1.0,0.695490765339614,High Risk,1,Churned
375,3,1676.95,1,558.9833333333333,248,124.0,1.0,0.41429867033783346,Medium Risk,3,regular
84,3,744.02,0,248.00666666666666,355,177.5,1.0,0.30666925190745675,Medium Risk,0,Occasional
327,12,3685.4900000000002,1,307.12416666666667,409,37.18181818181818,1.0,0.15343152313831906,Low Risk,3,regular
282,3,2027.3,1,675.7666666666668,399,199.5,1.0,0.2633757129050382,Low Risk,3,regular
385,2,948.42,1,474.21,169,169.0,1.0,0.561531019605182,Medium Risk,3,regular
143,5,1356.99,0,271.398,554,138.5,1.0,0.10831810019198446,Low Risk,3,regular
58,4,4081.79,0,1020.4475,532,177.33333333333334,1.0,0.13227892133163685,Low Risk,3,regular
4,20,2955.17,0,147.7585,687,36.1578947368421,1.1111111111111112,0.028788448939752444,Low Risk,2,VIP Loyal
236,2,854.99,1,427.495,29,29.0,1.0,0.6688428025858195,High Risk,3,regular
45,3,573.22,0,191.07333333333335,47,23.5,1.5,0.6410935076800555,High Risk,0,Occasional
382,2,640.13,1,320.065,192,192.0,1.0,0.5446902350141442,Medium Risk,0,Occasional
276,1,298.0,1,298.0,0,0.0,1.0,0.6958892937914122,High Risk,1,Churned
9,2,1463.04,0,731.52,24,24.0,2.0,0.6743202530012459,High Risk,3,regular
25,4,703.47,0,175.8675,64,21.333333333333332,2.0,0.6134884747350322,High Risk,0,Occasional
88,1,309.05,0,309.05,0,0.0,1.0,0.6957783139853962,High Risk,1,Churned
63,3,1175.22,0,391.74,60,30.0,1.5,0.6258890649659524,High Risk,3,regular
68,2,1378.4,0,689.2,151,151.0,1.0,0.5736584846477089,Medium Risk,3,regular
384,1,222.4,1,222.4,0,0.0,1.0,0.6966479645073924,High Risk,1,Churned
214,2,354.12,1,177.06,41,41.0,1.0,0.6624991007172537,High Risk,0,Occasional
381,4,385.46000000000004,1,96.36500000000001,121,40.333333333333336,1.0,0.5407490256989186,Medium Risk,0,Occasional
24,2,717.27,0,358.635,363,363.0,1.0,0.4069833027304956,Medium Risk,3,regular
186,11,840.5,1,76.4090909090909,473,47.3,1.2222222222222223,0.11682570170614398,Low Risk,0,Occasional
397,1,263.38,1,263.38,0,0.0,1.0,0.6962368494062018,High Risk,1,Churned
31,1,188.14,0,188.14,0,0.0,1.0,0.6969914227509939,High Risk,1,Churned
575,1,157.35,1,157.35,0,0.0,1.0,0.6972999064386352,High Risk,1,Churned
42,2,372.8,0,186.4,44,44.0,1.0,0.6602353187257075,High Risk,0,Occasional
205,4,514.25,1,128.5625,339,113.0,1.0,0.2875115246065179,Low Risk,0,Occasional
464,2,310.96000000000004,1,155.48000000000002,195,195.0,1.0,0.5439709275035954,Medium Risk,0,Occasional
414,1,366.4,1,366.4,0,0.0,1.0,0.6952019579012593,High Risk,1,Churned
422,1,340.33,1,340.33,0,0.0,1.0,0.6954640322345204,High Risk,1,Churned
9,28,17654.54,0,630.5192857142857,261,9.666666666666666,2.8,0.2211649126389958,Low Risk,2,VIP Loyal
265,1,138.68,1,138.68,0,0.0,1.0,0.6974868737840084,High Risk,1,Churned
429,1,833.53,1,833.53,0,0.0,1.0,0.6904846790753905,High Risk,1,Churned
18,2,509.58,0,254.79,154,154.0,1.0,0.5756828743536377,Medium Risk,0,Occasional
577,2,1018.42,1,509.21,105,105.0,1.0,0.6114251232075416,High Risk,3,regular
12,5,2919.81,0,583.962,66,22.0,2.0,0.6026186521613014,High Risk,3,regular
396,2,508.91,1,254.45499999999998,98,98.0,1.0,0.6192925357169055,High Risk,0,Occasional
176,5,1776.0,0,355.2,453,113.25,1.0,0.16892669142010344,Low Risk,3,regular
40,8,3103.19,0,387.89875,614,87.71428571428571,1.1428571428571428,0.06573290228173558,Low Risk,3,regular
23,13,5796.52,0,445.8861538461539,598,49.833333333333336,1.3,0.058573242488271164,Low Risk,2,VIP Loyal
552,1,1680.47,1,1680.47,0,0.0,1.0,0.6818303635749078,High Risk,1,Churned
3,5,1662.3,0,332.46,37,9.25,1.6666666666666667,0.6340924322229996,High Risk,2,VIP Loyal
5,13,6700.860000000001,0,515.4507692307693,733,61.083333333333336,1.1818181818181819,0.028612224024483796,Low Risk,2,VIP Loyal
401,1,223.98,1,223.98,0,0.0,1.0,0.696632119625978,High Risk,1,Churned
149,4,1174.75,0,293.6875,440,146.66666666666666,1.0,0.19654144832337841,Low Risk,0,Occasional
139,7,4654.0199999999995,0,664.8599999999999,545,90.83333333333333,1.0,0.09696514800110673,Low Risk,3,regular
128,6,4359.2,0,726.5333333333333,602,120.4,1.2,0.0788373018644447,Low Risk,3,regular
626,1,10953.5,1,10953.5,0,0.0,1.0,0.5798509475306213,Medium Risk,1,Churned
8,6,1335.19,0,222.53166666666667,161,32.2,1.2,0.46554500293838014,Medium Risk,0,Occasional
17,4,488.09000000000003,0,122.02250000000001,707,353.5,1.0,0.08176094095345117,Low Risk,0,Occasional
9,74,35921.04,0,485.41945945945946,729,10.125,3.1739130434782608,0.006211755506499558,Low Risk,2,VIP Loyal
161,1,405.38,0,405.38,0,0.0,1.0,0.6948098668534228,High Risk,1,Churned
64,3,789.87,0,263.29,511,255.5,1.0,0.17992299113595625,Low Risk,0,Occasional
88,12,2469.4,0,205.78333333333333,642,58.36363636363637,1.2,0.04786154417736678,Low Risk,2,VIP Loyal
5,3,729.3299999999999,0,243.10999999999999,588,294.0,1.0,0.13447493066306337,Low Risk,3,regular
411,4,1548.46,1,387.115,314,104.66666666666667,1.3333333333333333,0.31317142181432556,Medium Risk,3,regular
395,1,197.31,1,197.31,0,0.0,1.0,0.6968995145783631,High Risk,1,Churned
35,12,4304.89,0,358.74083333333334,514,46.72727272727273,1.3333333333333333,0.09288638276794217,Low Risk,2,VIP Loyal
312,1,117.85,1,117.85,0,0.0,1.0,0.6976953948545704,High Risk,1,Churned
78,2,415.8,0,207.9,93,93.0,1.0,0.6235578956256285,High Risk,0,Occasional
22,57,92347.34,0,1620.1287719298246,717,13.036363636363637,2.9473684210526314,0.013909757811440418,Low Risk,2,VIP Loyal
539,8,1698.56,1,212.32,128,18.285714285714285,1.6,0.4933145387734381,Medium Risk,0,Occasional
24,8,1687.03,0,210.87875,704,100.57142857142857,1.3333333333333333,0.04173626754006322,Low Risk,0,Occasional
737,1,181.65,1,181.65,0,0.0,1.0,0.6970564605626081,High Risk,1,Churned
2,15,4243.86,0,282.924,605,43.214285714285715,1.25,0.05264289598836323,Low Risk,2,VIP Loyal
17,4,1063.9,0,265.975,61,20.333333333333332,2.0,0.6163471344356987,High Risk,0,Occasional
15,9,3097.61,0,344.1788888888889,720,90.0,1.125,0.036178813909456806,Low Risk,2,VIP Loyal
26,1,114.14,0,114.14,0,0.0,1.0,0.6977325256822469,High Risk,1,Churned
64,20,25264.8,0,1263.24,632,35.111111111111114,1.3571428571428572,0.04205853281123256,Low Risk,2,VIP Loyal
55,2,913.54,0,456.77,33,33.0,1.0,0.6656957976831351,High Risk,3,regular
724,1,377.49,1,377.49,0,0.0,1.0,0.6950904348794181,High Risk,1,Churned
131,3,942.65,0,314.21666666666664,234,117.0,1.0,0.4317593490109922,Medium Risk,0,Occasional
558,2,496.5,1,248.25,47,47.0,1.0,0.6574742837261569,High Risk,0,Occasional
36,2,604.51,0,302.255,319,319.0,1.0,0.44237206052363665,Medium Risk,0,Occasional
288,2,900.11,1,450.055,367,367.0,1.0,0.40294713165369556,Medium Risk,3,regular
437,1,324.45,1,324.45,0,0.0,1.0,0.695623607287872,High Risk,1,Churned
144,6,1908.03,0,318.00500000000005,229,45.8,1.2,0.3784545961688024,Medium Risk,3,regular
16,9,2317.43,0,257.49222222222227,721,90.125,1.5,0.0362653495291205,Low Risk,2,VIP Loyal
31,22,15526.7,0,705.7590909090909,705,35.25,1.6153846153846154,0.026024335818810376,Low Risk,2,VIP Loyal
2,3,1843.0,0,614.3333333333334,21,10.5,1.5,0.664158463147914,High Risk,3,regular
9,15,3213.7200000000003,0,214.24800000000002,689,49.214285714285715,1.1538461538461537,0.03350455677486642,Low Risk,2,VIP Loyal
6,4,1387.79,0,346.9475,72,24.0,1.3333333333333333,0.5995398407081558,Medium Risk,3,regular
10,2,828.8100000000001,0,414.40500000000003,512,512.0,1.0,0.2970122069706864,Low Risk,3,regular
639,1,162.45,1,162.45,0,0.0,1.0,0.6972488220393295,High Risk,1,Churned
1,11,4757.16,0,432.4690909090909,266,26.6,1.375,0.2935194723367753,Low Risk,2,VIP Loyal
306,4,521.89,1,130.4725,417,139.0,1.3333333333333333,0.21699039675888268,Low Risk,0,Occasional
10,13,8706.97,0,669.766923076923,718,59.833333333333336,1.3,0.031201892057440235,Low Risk,2,VIP Loyal
400,2,539.49,1,269.745,182,182.0,1.0,0.5532294461350996,Medium Risk,0,Occasional
484,1,150.95,1,150.95,0,0.0,1.0,0.6973640054495154,High Risk,1,Churned
414,4,1322.07,1,330.51750000000004,247,82.33333333333333,1.0,0.38653037273077423,Medium Risk,3,regular
379,1,211.99,1,211.99,0,0.0,1.0,0.6967523485321141,High Risk,1,Churned
7,2,266.39,0,133.19500000000002,106,106.0,1.0,0.6143535238179108,High Risk,0,Occasional
8,12,3601.59,0,300.1325,510,46.36363636363637,1.5,0.09497158972693207,Low Risk,2,VIP Loyal
437,1,132.24,1,132.24,0,0.0,1.0,0.6975513508303214,High Risk,1,Churned
89,1,771.91,0,771.91,0,0.0,1.0,0.6911092488596368,High Risk,1,Churned
10,1,160.18,0,160.18,0,0.0,1.0,0.6972715602076671,High Risk,1,Churned
358,3,4306.92,1,1435.64,25,12.5,1.5,0.6535807869154869,High Risk,3,regular
112,1,135.95,0,135.95,0,0.0,1.0,0.6975142073953924,High Risk,1,Churned
603,1,122.45,1,122.45,0,0.0,1.0,0.697649353042419,High Risk,1,Churned
7,10,1524.97,0,152.497,728,80.88888888888889,2.5,0.03394554736431634,Low Risk,2,VIP Loyal
4,116,15972.79,0,137.6964655172414,720,6.486486486486487,4.666666666666667,0.001929313334775883,Low Risk,2,VIP Loyal
414,4,1161.2,1,290.3,247,82.33333333333333,1.0,0.3868109970694545,Medium Risk,3,regular
414,1,385.55,1,385.55,0,0.0,1.0,0.6950093677077204,High Risk,1,Churned
198,2,408.95,1,204.475,367,367.0,1.0,0.40539805031827614,Medium Risk,0,Occasional
437,6,2100.09,1,350.01500000000004,296,59.2,2.0,0.3034643372619792,Medium Risk,3,regular
212,8,3156.38,1,394.5475,453,64.71428571428571,1.1428571428571428,0.1434007761820299,Low Risk,3,regular
156,4,517.63,0,129.4075,355,118.33333333333333,2.0,0.27591451120213123,Low Risk,0,Occasional
385,5,2502.82,1,500.564,344,86.0,1.25,0.26237286309984686,Low Risk,3,regular
729,1,517.7,1,517.7,0,0.0,1.0,0.6936784857474176,High Risk,1,Churned
158,21,16245.78,0,773.6085714285715,579,28.95,1.1666666666666667,0.052341640745331014,Low Risk,2,VIP Loyal
30,2,372.21999999999997,0,186.11,103,103.0,1.0,0.6161355279340467,High Risk,0,Occasional
243,8,2744.81,1,343.10125,363,51.857142857142854,1.1428571428571428,0.21375073831876312,Low Risk,3,regular
598,1,490.08000000000004,1,490.08000000000004,0,0.0,1.0,0.6939569146559229,High Risk,1,Churned
19,1,97.5,0,97.5,0,0.0,1.0,0.6978990321469121,High Risk,1,Churned
1,2,1239.38,0,619.69,27,27.0,1.0,0.6685139130783864,High Risk,3,regular
429,10,2729.84,1,272.98400000000004,259,28.77777777777778,1.6666666666666667,0.30940989536665625,Medium Risk,2,VIP Loyal
74,5,1312.21,0,262.442,615,153.75,1.0,0.08166613388814738,Low Risk,0,Occasional
292,1,535.32,1,535.32,0,0.0,1.0,0.69350078995005,High Risk,1,Churned
3,33,13551.75,0,410.65909090909093,726,23.419354838709676,1.6,0.016803436268052693,Low Risk,2,VIP Loyal
31,7,955.5,0,136.5,588,98.0,1.0,0.07912068005754931,Low Risk,0,Occasional
23,3,764.82,0,254.93999999999997,366,183.0,1.0,0.296215782195342,Low Risk,0,Occasional
725,1,93.35000000000001,1,93.35000000000001,0,0.0,1.0,0.6979405505938936,High Risk,1,Churned
23,8,1259.6299999999999,0,157.45374999999999,636,90.85714285714286,1.1428571428571428,0.058890634393189846,Low Risk,0,Occasional
4,3,974.4200000000001,0,324.8066666666667,264,132.0,1.0,0.3989646818523304,Medium Risk,3,regular
85,1,211.32,0,211.32,0,0.0,1.0,0.6967590661174268,High Risk,1,Churned
376,1,355.5,1,355.5,0,0.0,1.0,0.6953115479242953,High Risk,1,Churned
22,8,2110.91,0,263.86375,590,84.28571428571429,1.0,0.07396599427084755,Low Risk,3,regular
493,3,920.08,1,306.6933333333333,160,80.0,1.0,0.5144762771185142,Medium Risk,3,regular
196,3,455.88,1,151.96,49,24.5,1.5,0.6393438471111986,High Risk,0,Occasional
107,4,1032.5,0,258.125,618,206.0,1.0,0.09274214385789332,Low Risk,0,Occasional
4,33,24172.100000000002,0,732.4878787878788,731,22.84375,1.65,0.0170956740793606,Low Risk,2,VIP Loyal
318,3,414.13,1,138.04333333333332,116,58.0,1.5,0.5676122765888932,Medium Risk,0,Occasional
106,3,149.05,0,49.68333333333334,109,54.5,1.0,0.5734807807315365,Medium Risk,0,Occasional
12,36,11650.85,0,323.63472222222225,713,20.37142857142857,1.6363636363636365,0.01646195117863251,Low Risk,2,VIP Loyal
174,4,999.68,0,249.92000000000002,283,94.33333333333333,1.0,0.34609887676837675,Medium Risk,0,Occasional
56,1,81.57,0,81.57,0,0.0,1.0,0.6980583853217839,High Risk,1,Churned
580,1,175.25,1,175.25,0,0.0,1.0,0.6971205887330547,High Risk,1,Churned
323,3,612.13,1,204.04333333333332,399,199.5,1.0,0.26663124651402503,Low Risk,0,Occasional
673,1,234.0,1,234.0,0,0.0,1.0,0.6965316241229007,High Risk,1,Churned
374,2,330.12,1,165.06,274,274.0,1.0,0.48000031589788217,Medium Risk,0,Occasional
372,1,101.10000000000001,1,101.10000000000001,0,0.0,1.0,0.6978630135233578,High Risk,1,Churned
9,11,2972.83,0,270.2572727272727,582,58.2,1.375,0.06813375845553209,Low Risk,2,VIP Loyal
1,29,12625.77,0,435.3713793103448,724,25.857142857142858,1.6111111111111112,0.018907635270820868,Low Risk,2,VIP Loyal
11,11,5381.08,0,489.1890909090909,422,42.2,1.5714285714285714,0.15057007927781707,Low Risk,2,VIP Loyal
53,11,6586.42,0,598.7654545454545,549,54.9,1.8333333333333333,0.08161454360426793,Low Risk,2,VIP Loyal
73,3,789.89,0,263.2966666666667,49,24.5,1.5,0.6384337107755381,High Risk,0,Occasional
7,1,204.0,0,204.0,0,0.0,1.0,0.6968324527680194,High Risk,1,Churned
16,35,9763.16,0,278.9474285714286,632,19.75,2.357142857142857,0.026780370491278738,Low Risk,2,VIP Loyal
379,6,1229.95,1,204.99166666666667,353,70.6,1.2,0.24157291709091278,Low Risk,0,Occasional
563,2,618.96,1,309.48,97,97.0,1.0,0.6195188263090715,High Risk,0,Occasional
4,17,4887.24,0,287.48470588235296,730,45.625,1.3076923076923077,0.025294023278249745,Low Risk,2,VIP Loyal
430,1,65.3,1,65.3,0,0.0,1.0,0.698221090384183,High Risk,1,Churned
64,3,1449.03,0,483.01,464,232.0,1.0,0.21188852649517126,Low Risk,3,regular
471,2,555.87,1,277.935,111,111.0,1.0,0.6090806731491818,High Risk,0,Occasional
732,1,323.39,1,323.39,0,0.0,1.0,0.6956342573486686,High Risk,1,Churned
1,9,1733.08,0,192.56444444444446,725,90.625,1.0,0.035150732166811256,Low Risk,2,VIP Loyal
114,19,17335.2,0,912.3789473684211,574,31.88888888888889,1.3571428571428572,0.05719611864204167,Low Risk,2,VIP Loyal
23,2,661.3199999999999,0,330.65999999999997,22,22.0,1.0,0.6747287029556941,High Risk,3,regular
31,5,1927.3,0,385.46,492,123.0,1.0,0.14264449312360797,Low Risk,0,Occasional
11,2,1227.22,0,613.61,356,356.0,1.0,0.4099105451139447,Medium Risk,3,regular
407,5,3419.27,1,683.854,147,36.75,1.0,0.49116073534962257,Medium Risk,3,regular
52,9,2843.55,0,315.95000000000005,408,51.0,1.8,0.17160693415077355,Low Risk,2,VIP Loyal
357,2,220.55,1,110.275,72,72.0,1.0,0.6403237305330969,High Risk,0,Occasional
55,3,922.68,0,307.56,346,173.0,1.0,0.3148743051666481,Medium Risk,3,regular
74,3,1364.2,0,454.73333333333335,357,178.5,1.0,0.3032130249927616,Medium Risk,3,regular
685,1,307.1,1,307.1,0,0.0,1.0,0.6957979003131732,High Risk,1,Churned
138,12,3914.9500000000003,0,326.24583333333334,597,54.27272727272727,1.0909090909090908,0.06052151736595483,Low Risk,2,VIP Loyal
80,3,908.46,0,302.82,210,105.0,1.0,0.45847345754418817,Medium Risk,0,Occasional
584,4,1010.73,1,252.6825,138,46.0,1.0,0.5188225297621587,Medium Risk,0,Occasional
9,2,676.99,0,338.495,24,24.0,1.0,0.6732333714636791,High Risk,3,regular
451,4,799.13,1,199.7825,139,46.333333333333336,1.3333333333333333,0.5197526979351643,Medium Risk,0,Occasional
598,3,1556.54,1,518.8466666666667,133,66.5,1.0,0.5428099787025287,Medium Risk,3,regular
273,1,516.42,1,516.42,0,0.0,1.0,0.6936913921676969,High Risk,1,Churned
291,11,4853.9,1,441.26363636363635,409,40.9,1.375,0.15928945798323668,Low Risk,2,VIP Loyal
99,3,808.92,0,269.64000000000004,387,193.5,1.0,0.27683520476345314,Low Risk,0,Occasional
31,3,949.25,0,316.4166666666667,425,212.5,1.0,0.24369472347040472,Low Risk,3,regular
32,24,8795.16,0,366.465,692,31.454545454545453,1.3529411764705883,0.02558838364536302,Low Risk,2,VIP Loyal
14,9,4084.21,0,453.80111111111114,667,83.375,1.0,0.04754880699279471,Low Risk,2,VIP Loyal
64,4,1408.24,0,352.06,336,112.0,1.3333333333333333,0.29064049043236895,Low Risk,3,regular
15,35,12344.53,0,352.70085714285716,709,20.852941176470587,1.6666666666666667,0.017371907515768288,Low Risk,2,VIP Loyal
579,2,155.8,1,77.9,40,40.0,1.0,0.6641404982870304,High Risk,0,Occasional
212,7,3168.53,1,452.6471428571429,442,73.66666666666667,1.1666666666666667,0.15749246074183165,Low Risk,3,regular
622,1,127.65,1,127.65,0,0.0,1.0,0.6975973009924051,High Risk,1,Churned
78,4,2321.11,0,580.2775,351,117.0,1.3333333333333333,0.2743610091995334,Low Risk,3,regular
551,1,209.48,1,209.48,0,0.0,1.0,0.6967775139790726,High Risk,1,Churned
530,3,722.09,1,240.6966666666667,101,50.5,1.5,0.5831804050573691,Medium Risk,0,Occasional
25,3,271.40000000000003,0,90.46666666666665,127,63.5,1.0,0.553243513006145,Medium Risk,0,Occasional
250,10,2303.17,1,230.317,368,40.888888888888886,1.6666666666666667,0.19802144379985398,Low Risk,0,Occasional
254,1,307.53,1,307.53,0,0.0,1.0,0.6957935813377852,High Risk,1,Churned
72,1,248.61,0,248.61,0,0.0,1.0,0.6963850595949411,High Risk,1,Churned
191,1,346.98,1,346.98,0,0.0,1.0,0.6953971937006292,High Risk,1,Churned
481,1,188.4,1,188.4,0,0.0,1.0,0.6969888170656111,High Risk,1,Churned
13,6,1680.74,0,280.12333333333333,579,115.8,1.0,0.0883316812101339,Low Risk,3,regular
373,5,1260.91,1,252.18200000000002,174,43.5,1.0,0.45924201377046586,Medium Risk,0,Occasional
24,2,470.8,0,235.4,7,7.0,2.0,0.6907090675991892,High Risk,0,Occasional
82,3,508.51,0,169.50333333333333,363,181.5,1.0,0.2996671239892272,Low Risk,0,Occasional
10,2,344.0,0,172.0,309,309.0,1.0,0.4517160493902725,Medium Risk,0,Occasional
1,38,9683.13,0,254.81921052631577,542,14.64864864864865,2.0,0.04001649699482527,Low Risk,2,VIP Loyal
192,4,751.7,1,187.925,539,179.66666666666666,1.0,0.13115124027329186,Low Risk,0,Occasional
612,1,129.22,1,129.22,0,0.0,1.0,0.6975815842795888,High Risk,1,Churned
267,1,177.15,1,177.15,0,0.0,1.0,0.6971015514837026,High Risk,1,Churned
411,2,418.08,1,209.04,26,26.0,1.0,0.6729878997037076,High Risk,0,Occasional
511,4,1378.74,1,344.685,212,70.66666666666667,1.0,0.4278662119454935,Medium Risk,3,regular
130,1,919.61,0,919.61,0,0.0,1.0,0.6896110217570794,High Risk,1,Churned
458,1,135.4,1,135.4,0,0.0,1.0,0.6975197139976337,High Risk,1,Churned
1,11,3064.67,0,278.60636363636365,727,72.7,1.2222222222222223,0.03182620069476311,Low Risk,2,VIP Loyal
3,57,29532.45,0,518.1131578947369,735,13.125,2.28,0.00903946240277202,Low Risk,2,VIP Loyal
4,6,419.18,0,69.86333333333333,413,82.6,1.2,0.18904834665200726,Low Risk,0,Occasional
179,4,280.73,0,70.1825,430,143.33333333333334,1.0,0.20547865056001763,Low Risk,0,Occasional
12,28,59205.15,0,2114.469642857143,719,26.62962962962963,1.6470588235294117,0.024122030988254533,Low Risk,2,VIP Loyal
126,21,7335.75,0,349.32142857142856,591,29.55,1.5,0.04799875894224642,Low Risk,2,VIP Loyal
4,3,395.43,0,131.81,421,210.5,1.0,0.24823948715539257,Low Risk,0,Occasional
492,1,122.39999999999999,1,122.39999999999999,0,0.0,1.0,0.6976498535182577,High Risk,1,Churned
158,8,2433.28,0,304.15999999999997,581,83.0,2.0,0.07886778341201053,Low Risk,2,VIP Loyal
383,1,439.33000000000004,1,439.33000000000004,0,0.0,1.0,0.6944681411150467,High Risk,1,Churned
726,1,313.64,1,313.64,0,0.0,1.0,0.6957322079819559,High Risk,1,Churned
417,1,236.11,1,236.11,0,0.0,1.0,0.6965104595018005,High Risk,1,Churned
3,203,116737.86,0,575.0633497536946,734,3.7258883248730963,7.92,0.00031595140637847105,Low Risk,2,VIP Loyal
9,24,14103.09,0,587.62875,485,21.08695652173913,1.8461538461538463,0.07969045044134185,Low Risk,2,VIP Loyal
28,3,2321.82,0,773.94,701,350.5,1.5,0.08489452570467489,Low Risk,3,regular
71,12,2140.28,0,178.35666666666668,597,54.27272727272727,1.0,0.06025540337391158,Low Risk,0,Occasional
276,55,54943.65,1,998.9754545454546,460,8.518518518518519,3.4375,0.05100625031564652,Low Risk,2,VIP Loyal
21,13,2433.1200000000003,0,187.16307692307694,367,30.583333333333332,1.1818181818181819,0.1812583812738862,Low Risk,2,VIP Loyal
71,1,74.39999999999999,0,74.39999999999999,0,0.0,1.0,0.6981300936876097,High Risk,1,Churned
394,1,419.70000000000005,1,419.70000000000005,0,0.0,1.0,0.6946657541783826,High Risk,1,Churned
33,28,13389.22,0,478.18642857142856,705,26.11111111111111,1.5555555555555556,0.021648009888772045,Low Risk,2,VIP Loyal
1,28,28882.44,0,1031.5157142857142,316,11.703703703703704,2.3333333333333335,0.17748960203313718,Low Risk,2,VIP Loyal
99,1,207.35999999999999,0,207.35999999999999,0,0.0,1.0,0.6967987683380643,High Risk,1,Churned
234,4,695.4,1,173.85,446,148.66666666666666,1.0,0.19248032349964764,Low Risk,0,Occasional
1,37,11696.92,0,316.132972972973,580,16.11111111111111,1.9473684210526316,0.03366208305172524,Low Risk,2,VIP Loyal
40,3,709.64,0,236.5466666666667,537,268.5,1.0,0.1634626279551957,Low Risk,0,Occasional
3,9,1709.1,0,189.89999999999998,649,81.125,1.0,0.052167063772674306,Low Risk,2,VIP Loyal
436,1,72.0,1,72.0,0,0.0,1.0,0.6981540943284599,High Risk,1,Churned
133,2,603.46,0,301.73,280,280.0,1.0,0.4737373837230791,Medium Risk,0,Occasional
44,9,5253.07,0,583.6744444444444,629,78.625,1.0,0.05781791760250355,Low Risk,3,regular
373,2,1098.52,1,549.26,62,62.0,1.0,0.6435899045402008,High Risk,3,regular
60,3,1134.03,0,378.01,491,245.5,1.0,0.19292503731874608,Low Risk,3,regular
31,12,2957.4700000000003,0,246.45583333333335,707,64.27272727272727,1.2,0.03395860274851718,Low Risk,2,VIP Loyal
719,1,321.88000000000005,1,321.88000000000005,0,0.0,1.0,0.695649428299727,High Risk,1,Churned
541,1,20.6,1,20.6,0,0.0,1.0,0.6986678478938507,High Risk,1,Churned
1,37,18625.73,0,503.3981081081081,620,17.22222222222222,2.0555555555555554,0.027919919642984112,Low Risk,2,VIP Loyal
731,1,234.38,1,234.38,0,0.0,1.0,0.6965278125464718,High Risk,1,Churned
12,10,5494.7,0,549.47,587,65.22222222222223,1.25,0.0690107377700645,Low Risk,2,VIP Loyal
138,1,501.14,0,501.14,0,0.0,1.0,0.6938454391057147,High Risk,1,Churned
22,18,2643.81,0,146.87833333333333,601,35.35294117647059,1.125,0.048626618234580095,Low Risk,2,VIP Loyal
20,9,2415.41,0,268.37888888888887,419,52.375,1.2857142857142858,0.16179271064147788,Low Risk,2,VIP Loyal
669,1,134.9,1,134.9,0,0.0,1.0,0.6975247199504045,High Risk,1,Churned
239,1,30.599999999999998,1,30.599999999999998,0,0.0,1.0,0.6985679348051247,High Risk,1,Churned
269,1,283.73,1,283.73,0,0.0,1.0,0.6960325796842393,High Risk,1,Churned
94,2,922.39,0,461.195,146,146.0,1.0,0.5799198102602692,Medium Risk,3,regular
473,2,506.75,1,253.375,56,56.0,1.0,0.6508286956677513,High Risk,0,Occasional
90,4,4782.45,0,1195.6125,295,98.33333333333333,1.0,0.32674365024897944,Medium Risk,3,regular
524,1,158.57,1,158.57,0,0.0,1.0,0.6972876866928632,High Risk,1,Churned
5,13,3998.25,0,307.5576923076923,642,53.5,1.1818181818181819,0.0462429163671875,Low Risk,2,VIP Loyal
78,1,259.17,0,259.17,0,0.0,1.0,0.6962790989846354,High Risk,1,Churned
631,1,263.5,1,263.5,0,0.0,1.0,0.6962356450941221,High Risk,1,Churned
452,2,233.25,1,116.625,77,77.0,1.0,0.6365230720112235,High Risk,0,Occasional
94,1,64.0,0,64.0,0,0.0,1.0,0.6982340886408038,High Risk,1,Churned
23,7,3313.77,0,473.3957142857143,645,107.5,1.1666666666666667,0.0596272420376402,Low Risk,3,regular
262,1,77.3,1,77.3,0,0.0,1.0,0.6981010914681133,High Risk,1,Churned
274,3,200.45000000000002,1,66.81666666666668,185,92.5,1.0,0.4885386639933509,Medium Risk,0,Occasional
86,6,2475.23,0,412.53833333333336,330,66.0,1.2,0.2636398082870378,Low Risk,3,regular
197,2,3371.45,1,1685.725,294,294.0,1.0,0.4482192852918369,Medium Risk,3,regular
56,13,6274.56,0,482.65846153846155,674,56.166666666666664,1.4444444444444444,0.03940476159688039,Low Risk,2,VIP Loyal
11,16,7712.7,0,482.04375,491,32.733333333333334,1.4545454545454546,0.09325126567133046,Low Risk,2,VIP Loyal
22,7,1467.24,0,209.6057142857143,374,62.333333333333336,1.0,0.21153577425682044,Low Risk,0,Occasional
16,8,8202.98,0,1025.3725,421,60.142857142857146,1.3333333333333333,0.16598147956317105,Low Risk,2,VIP Loyal
108,5,1215.68,0,243.13599999999997,382,95.5,1.25,0.22757338804325086,Low Risk,0,Occasional
85,17,7668.58,0,451.09294117647056,645,40.3125,1.4166666666666667,0.04044471172898247,Low Risk,2,VIP Loyal
19,1,307.09,0,307.09,0,0.0,1.0,0.6957980007540506,High Risk,1,Churned
585,1,405.1,1,405.1,0,0.0,1.0,0.694812684318816,High Risk,1,Churned
333,2,135.35,1,67.675,98,98.0,1.0,0.6211158612128609,High Risk,0,Occasional
40,7,1423.52,0,203.35999999999999,560,93.33333333333333,1.0,0.09062531747902748,Low Risk,0,Occasional
26,1,228.91,0,228.91,0,0.0,1.0,0.6965826765814999,High Risk,1,Churned
10,4,712.8000000000001,0,178.20000000000002,89,29.666666666666668,1.3333333333333333,0.5805616818528666,Medium Risk,0,Occasional
29,26,8621.81,0,331.60807692307696,702,28.08,1.7333333333333334,0.022949296338456656,Low Risk,2,VIP Loyal
14,4,1676.06,0,419.015,274,91.33333333333333,1.0,0.35502207480949105,Medium Risk,3,regular
484,3,449.96999999999997,1,149.98999999999998,146,73.0,1.5,0.5341874849666312,Medium Risk,0,Occasional
296,3,2580.7400000000002,1,860.2466666666668,332,166.0,1.5,0.32661790396916207,Medium Risk,3,regular
417,7,2146.38,1,306.6257142857143,277,46.166666666666664,1.0,0.3099617328205466,Medium Risk,3,regular
6,1,486.22,0,486.22,0,0.0,1.0,0.6939958148860884,High Risk,1,Churned
399,3,1624.84,1,541.6133333333333,336,168.0,1.0,0.32282655315215625,Medium Risk,3,regular
33,6,1750.18,0,291.69666666666666,458,91.6,1.0,0.15444256261533365,Low Risk,3,regular
385,3,1586.54,1,528.8466666666667,290,145.0,1.5,0.3721138333894012,Medium Risk,3,regular
49,9,5687.36,0,631.9288888888889,592,74.0,1.125,0.06995741272346465,Low Risk,3,regular
95,5,1508.18,0,301.636,293,73.25,1.0,0.31574588440485907,Medium Risk,3,regular
9,4,1437.85,0,359.4625,106,35.333333333333336,1.3333333333333333,0.5588048307520704,Medium Risk,3,regular
22,1,91.8,0,91.8,0,0.0,1.0,0.6979560566535532,High Risk,1,Churned
313,2,478.88,1,239.44,187,187.0,1.0,0.5495325273026073,Medium Risk,0,Occasional
122,16,9275.49,0,579.718125,613,40.86666666666667,1.2307692307692308,0.04948741804632571,Low Risk,2,VIP Loyal
610,1,17.65,1,17.65,0,0.0,1.0,0.6986973186572503,High Risk,1,Churned
569,2,372.2,1,186.10000000000002,98,98.0,1.0,0.6199602030140651,High Risk,0,Occasional
46,3,1451.16,0,483.72,366,183.0,1.0,0.294528651466199,Low Risk,3,regular
283,2,884.18,1,442.09000000000003,131,131.0,1.0,0.5919036265847867,Medium Risk,3,regular
19,5,1125.15,0,225.03000000000003,371,92.75,1.0,0.2367340267204603,Low Risk,3,regular
36,5,1875.31,0,375.062,505,126.25,1.0,0.13473037445848243,Low Risk,3,regular
64,3,840.08,0,280.02666666666664,498,249.0,1.0,0.1886081074352627,Low Risk,0,Occasional
27,1,116.00999999999999,0,116.00999999999999,0,0.0,1.0,0.6977138104668578,High Risk,1,Churned
22,3,468.41,0,156.13666666666666,277,138.5,1.0,0.386467150634515,Medium Risk,0,Occasional
400,1,69.6,1,69.6,0,0.0,1.0,0.6981780938860755,High Risk,1,Churned
4,11,2639.35,0,239.9409090909091,725,72.5,1.2222222222222223,0.032151144963339415,Low Risk,2,VIP Loyal
16,12,9494.84,0,791.2366666666667,718,65.27272727272727,1.2,0.032340646697173805,Low Risk,2,VIP Loyal
582,2,831.45,1,415.72499999999997,153,153.0,1.0,0.5748449740443874,Medium Risk,3,regular
46,1,492.84,0,492.84,0,0.0,1.0,0.693929098288758,High Risk,1,Churned
65,2,512.2,0,256.1,365,365.0,1.0,0.406444905658471,Medium Risk,0,Occasional
26,21,14059.19,0,669.4852380952382,697,34.85,1.1666666666666667,0.027477344811295625,Low Risk,2,VIP Loyal
619,1,572.3100000000001,1,572.3100000000001,0,0.0,1.0,0.6931275627470905,High Risk,1,Churned
607,1,86.10000000000001,1,86.10000000000001,0,0.0,1.0,0.6980130750539084,High Risk,1,Churned
381,1,359.69,1,359.69,0,0.0,1.0,0.6952694237364129,High Risk,1,Churned
45,1,121.18,0,121.18,0,0.0,1.0,0.697662064983262,High Risk,1,Churned
8,15,7036.18,0,469.07866666666666,627,44.785714285714285,1.0714285714285714,0.046998923811775,Low Risk,2,VIP Loyal
15,10,1701.29,0,170.129,275,30.555555555555557,1.6666666666666667,0.2909072758022223,Low Risk,2,VIP Loyal
268,1,71.4,1,71.4,0,0.0,1.0,0.6981600943194203,High Risk,1,Churned
40,3,1575.89,0,525.2966666666667,89,44.5,1.0,0.5912255621322118,Medium Risk,3,regular
337,4,367.01,1,91.7525,287,95.66666666666667,2.0,0.34751586379623434,Medium Risk,0,Occasional
11,1,114.60000000000001,0,114.60000000000001,0,0.0,1.0,0.6977279220003292,High Risk,1,Churned
19,2,260.68,0,130.34,96,96.0,1.0,0.6220293576173577,High Risk,0,Occasional
544,3,570.66,1,190.22,188,94.0,1.0,0.4840806919214969,Medium Risk,0,Occasional
658,1,164.69,1,164.69,0,0.0,1.0,0.6972263834282157,High Risk,1,Churned
95,6,2558.58,0,426.43,591,118.2,1.2,0.08352619815008602,Low Risk,3,regular
61,1,117.88,0,117.88,0,0.0,1.0,0.6976950945947545,High Risk,1,Churned
136,2,472.78,0,236.39,285,285.0,1.0,0.4703745279380908,Medium Risk,0,Occasional
414,1,172.38,1,172.38,0,0.0,1.0,0.6971493437161276,High Risk,1,Churned
11,7,3068.84,0,438.4057142857143,606,101.0,1.1666666666666667,0.07241974619915431,Low Risk,3,regular
610,1,373.01000000000005,1,373.01000000000005,0,0.0,1.0,0.6951354893176266,High Risk,1,Churned
10,8,4974.2300000000005,0,621.77875,424,60.57142857142857,1.0,0.1630867422958877,Low Risk,2,VIP Loyal
4,67,16432.89,0,245.26701492537313,731,11.421875,2.6,0.006635221993807116,Low Risk,2,VIP Loyal
19,4,870.09,0,217.5225,107,35.666666666666664,1.3333333333333333,0.5586244370883108,Medium Risk,0,Occasional
502,4,1240.6100000000001,1,310.1525,140,46.666666666666664,1.3333333333333333,0.5177167676208335,Medium Risk,3,regular
394,7,1580.3,1,225.7571428571429,336,56.0,1.0,0.24721212035127563,Low Risk,0,Occasional
10,10,2648.25,0,264.825,712,79.11111111111111,1.0,0.03584158544852068,Low Risk,2,VIP Loyal
731,1,966.6600000000001,1,966.6600000000001,0,0.0,1.0,0.6891329214279549,High Risk,1,Churned
443,1,2803.2,1,2803.2,0,0.0,1.0,0.6701622783672014,High Risk,1,Churned
400,13,8377.32,1,644.4092307692307,332,27.666666666666668,1.8571428571428572,0.21609599099834867,Low Risk,2,VIP Loyal
15,4,535.86,0,133.965,596,198.66666666666666,1.0,0.10257108083593763,Low Risk,0,Occasional
59,9,1988.5,0,220.94444444444446,677,84.625,1.125,0.04525789014766099,Low Risk,3,regular
30,13,8509.51,0,654.5776923076924,653,54.416666666666664,1.3,0.044095714090698755,Low Risk,2,VIP Loyal
94,1,353.48,0,353.48,0,0.0,1.0,0.6953318548365641,High Risk,1,Churned
10,10,2729.32,0,272.932,722,80.22222222222223,1.25,0.03417719523068032,Low Risk,2,VIP Loyal
20,3,788.08,0,262.6933333333333,41,20.5,1.5,0.6466900819049368,High Risk,0,Occasional
57,11,3851.52,0,350.13818181818186,511,51.1,1.375,0.09754458396100332,Low Risk,2,VIP Loyal
418,7,3264.23,1,466.31857142857143,228,38.0,1.1666666666666667,0.3687306543498147,Medium Risk,3,regular
402,1,81.6,1,81.6,0,0.0,1.0,0.6980580852664745,High Risk,1,Churned
268,1,333.74,1,333.74,0,0.0,1.0,0.6955302595803542,High Risk,1,Churned
122,4,666.48,0,166.62,533,177.66666666666666,1.3333333333333333,0.13544300404980972,Low Risk,0,Occasional
127,1,62.63999999999999,0,62.63999999999999,0,0.0,1.0,0.6982476864767088,High Risk,1,Churned
618,1,76.23,1,76.23,0,0.0,1.0,0.6981117924711294,High Risk,1,Churned
78,5,1336.0900000000001,0,267.21799999999996,497,124.25,1.0,0.1398771846815493,Low Risk,0,Occasional
240,2,847.41,1,423.70500000000004,119,119.0,1.0,0.6014441386420329,High Risk,0,Occasional
577,1,88.5,1,88.5,0,0.0,1.0,0.6979890680507178,High Risk,1,Churned
200,6,969.1200000000001,1,161.52,464,92.8,1.0,0.150669878739626,Low Risk,0,Occasional
60,2,2155.95,0,1077.975,91,91.0,1.0,0.6165900429200069,High Risk,3,regular
3,16,16260.07,0,1016.2543750000001,719,47.93333333333333,1.1428571428571428,0.028485931689584774,Low Risk,2,VIP Loyal
273,2,312.46,1,156.23000000000002,120,120.0,1.0,0.6033230620710832,High Risk,0,Occasional
202,1,257.7,1,257.7,0,0.0,1.0,0.696293850432338,High Risk,1,Churned
81,1,358.0,0,358.0,0,0.0,1.0,0.6952864145542726,High Risk,1,Churned
226,1,160.95,1,160.95,0,0.0,1.0,0.6972638473689954,High Risk,1,Churned
4,30,6360.78,0,212.02599999999998,626,21.586206896551722,1.6666666666666667,0.030800577613378715,Low Risk,2,VIP Loyal
13,7,1357.6,0,193.94285714285712,230,38.333333333333336,1.4,0.36812742296307466,Medium Risk,0,Occasional
74,4,1176.46,0,294.115,619,206.33333333333334,1.0,0.09224131314520857,Low Risk,3,regular
673,2,356.95,1,178.475,59,59.0,1.0,0.6493235199183366,High Risk,0,Occasional
212,1,1031.07,1,1031.07,0,0.0,1.0,0.688477761938397,High Risk,1,Churned
25,2,744.85,0,372.425,82,82.0,1.0,0.6302995883724976,High Risk,3,regular
388,1,643.0,1,643.0,0,0.0,1.0,0.6924136004344272,High Risk,1,Churned
17,6,1006.63,0,167.77166666666668,573,114.6,1.2,0.09141095667663007,Low Risk,0,Occasional
262,5,1594.69,1,318.938,240,60.0,1.25,0.3781695685417852,Medium Risk,3,regular
96,8,1738.52,0,217.315,556,79.42857142857143,1.1428571428571428,0.08778735327235021,Low Risk,0,Occasional
412,1,115.58,1,115.58,0,0.0,1.0,0.6977181140237275,High Risk,1,Churned
112,7,699.4,0,99.91428571428571,555,92.5,1.1666666666666667,0.09324154779982223,Low Risk,0,Occasional
203,5,1278.04,1,255.608,428,107.0,1.6666666666666667,0.19017725453158593,Low Risk,0,Occasional
93,1,121.74000000000001,0,121.74000000000001,0,0.0,1.0,0.697656459755336,High Risk,1,Churned
51,2,989.22,0,494.61,381,381.0,1.0,0.39164304557907276,Medium Risk,3,regular
18,11,3387.43,0,307.9481818181818,507,50.7,1.2222222222222223,0.0991574608814908,Low Risk,2,VIP Loyal
18,4,501.12,0,125.28,64,21.333333333333332,1.3333333333333333,0.6104806166355434,High Risk,0,Occasional
125,2,465.68,0,232.83999999999997,64,64.0,1.0,0.6451098838189205,High Risk,0,Occasional
92,9,1608.93,0,178.77,592,74.0,1.125,0.06993885819547943,Low Risk,0,Occasional
461,2,256.04,1,128.01999999999998,41,41.0,1.0,0.6629533735271619,High Risk,0,Occasional
402,1,252.68,1,252.68,0,0.0,1.0,0.6963442230790643,High Risk,1,Churned
394,2,399.3,1,199.64999999999998,231,231.0,1.0,0.5144604483082623,Medium Risk,0,Occasional
157,4,2951.11,0,737.7775,546,182.0,1.0,0.1254995372004088,Low Risk,3,regular
376,1,51.410000000000004,1,51.410000000000004,0,0.0,1.0,0.6983599553070833,High Risk,1,Churned
9,3,904.46,0,301.4866666666667,502,251.0,1.0,0.18575933496019695,Low Risk,3,regular
14,1,0.0,0,0.0,0,0.0,1.0,0.6988736094806053,High Risk,1,Churned
436,1,149.75,1,149.75,0,0.0,1.0,0.6973760231586948,High Risk,1,Churned
12,5,1035.18,0,207.036,388,97.0,1.6666666666666667,0.22390209486941626,Low Risk,0,Occasional
62,9,1433.38,0,159.26444444444442,637,79.625,1.5,0.0560418978051478,Low Risk,0,Occasional
61,1,557.62,0,557.62,0,0.0,1.0,0.693275814413483,High Risk,1,Churned
269,2,944.1,1,472.05,17,17.0,1.0,0.6769943227438175,High Risk,0,Occasional
263,3,573.45,1,191.15,337,168.5,1.0,0.32456186388847097,Medium Risk,0,Occasional
1,39,8704.69,0,223.1971794871795,411,10.81578947368421,3.0,0.07978190541499088,Low Risk,2,VIP Loyal
443,1,722.5600000000001,1,722.5600000000001,0,0.0,1.0,0.6916089489915024,High Risk,1,Churned
53,5,2107.66,0,421.53200000000004,220,55.0,1.0,0.4006616579217767,Medium Risk,3,regular
11,19,6135.04,0,322.89684210526315,711,39.5,1.2666666666666666,0.026399412162292753,Low Risk,2,VIP Loyal
3,36,9758.26,0,271.0627777777778,729,22.09090909090909,1.7894736842105263,0.01502378184387233,Low Risk,2,VIP Loyal
18,11,3214.69,0,292.24454545454546,249,24.9,1.8333333333333333,0.3149585479297521,Medium Risk,2,VIP Loyal
1,28,8891.7,0,317.5607142857143,736,27.25925925925926,1.6470588235294117,0.017940773705304974,Low Risk,2,VIP Loyal
366,1,1180.0,1,1180.0,0,0.0,1.0,0.6869600007664015,High Risk,1,Churned
37,1,217.38,0,217.38,0,0.0,1.0,0.696698304004717,High Risk,1,Churned
31,2,276.56,0,138.28,58,58.0,1.0,0.6504398298665945,High Risk,0,Occasional
113,1,138.98,0,138.98,0,0.0,1.0,0.6974838700051547,High Risk,1,Churned
409,1,360.85,1,360.85,0,0.0,1.0,0.6952577610919018,High Risk,1,Churned
384,2,241.66,1,120.83,248,248.0,1.0,0.5015098359088132,Medium Risk,0,Occasional
64,5,1939.26,0,387.852,578,144.5,1.0,0.09677747182193991,Low Risk,3,regular
16,7,523.3,0,74.75714285714285,524,87.33333333333333,1.1666666666666667,0.1081933791122623,Low Risk,0,Occasional
41,4,1435.85,0,358.9625,569,189.66666666666666,1.0,0.11475289027490553,Low Risk,3,regular
78,1,137.75,0,137.75,0,0.0,1.0,0.6974961853911205,High Risk,1,Churned
122,7,2322.63,0,331.80428571428575,522,87.0,1.4,0.10942251829624941,Low Risk,3,regular
439,1,350.85,1,350.85,0,0.0,1.0,0.6953582928946684,High Risk,1,Churned
18,4,1313.19,0,328.2975,388,129.33333333333334,1.0,0.2397843400984811,Low Risk,3,regular
60,4,373.36,0,93.34,580,193.33333333333334,1.0,0.11014538032059128,Low Risk,0,Occasional
331,1,201.19,1,201.19,0,0.0,1.0,0.6968606217541891,High Risk,1,Churned
23,6,3364.59,0,560.765,600,120.0,1.0,0.07950222015412171,Low Risk,3,regular
600,1,734.91,1,734.91,0,0.0,1.0,0.6914839394091841,High Risk,1,Churned
603,3,781.59,1,260.53000000000003,101,50.5,1.0,0.5804263588376048,Medium Risk,0,Occasional
443,5,927.61,1,185.522,223,55.75,1.6666666666666667,0.4017023128882831,Medium Risk,0,Occasional
724,1,307.95,1,307.95,0,0.0,1.0,0.69578936277037,High Risk,1,Churned
438,1,208.63,1,208.63,0,0.0,1.0,0.6967860358750156,High Risk,1,Churned
156,11,3320.84,0,301.8945454545455,510,51.0,1.2222222222222223,0.09768880959011826,Low Risk,2,VIP Loyal
39,5,994.51,0,198.902,487,121.75,1.0,0.14634653113514273,Low Risk,0,Occasional
392,6,1192.94,1,198.82333333333335,276,55.2,1.2,0.32292040148412027,Medium Risk,0,Occasional
190,3,1689.53,1,563.1766666666666,456,228.0,1.0,0.21746648279733774,Low Risk,3,regular
360,4,1101.97,1,275.4925,217,72.33333333333333,1.0,0.4223665964698211,Medium Risk,3,regular
137,6,792.51,0,132.085,439,87.8,1.0,0.16828785894791784,Low Risk,0,Occasional
8,7,4368.62,0,624.0885714285714,534,89.0,1.1666666666666667,0.10258431492484053,Low Risk,3,regular
1,1,360.0,0,360.0,0,0.0,1.0,0.6952663070197549,High Risk,1,Churned
268,3,1218.7,1,406.23333333333335,260,130.0,1.0,0.40258588079654045,Medium Risk,3,regular
169,3,1285.51,0,428.50333333333333,404,202.0,1.0,0.26072764283856664,Low Risk,3,regular
104,4,618.09,0,154.5225,188,62.666666666666664,1.0,0.4583023623746158,Medium Risk,0,Occasional
155,2,159.2,0,79.6,371,371.0,1.0,0.403522616880556,Medium Risk,0,Occasional
400,1,61.72,1,61.72,0,0.0,1.0,0.6982568848154657,High Risk,1,Churned
351,4,1217.99,1,304.4975,318,106.0,1.0,0.3079731221662436,Medium Risk,3,regular
4,16,3754.71,0,234.66937499999997,635,42.333333333333336,1.1428571428571428,0.04333341287118655,Low Risk,2,VIP Loyal
430,1,53.65,1,53.65,0,0.0,1.0,0.6983375634188735,High Risk,1,Churned
120,3,273.34,0,91.11333333333334,472,236.0,1.0,0.20823109757829947,Low Risk,0,Occasional
23,4,1670.3700000000001,0,417.59250000000003,574,191.33333333333334,1.0,0.11211171726859043,Low Risk,3,regular
7,6,1706.3700000000001,0,284.395,385,77.0,1.0,0.211246650371355,Low Risk,3,regular
28,5,1541.2,0,308.24,374,93.5,1.25,0.2345746056240033,Low Risk,3,regular
4,2,598.57,0,299.285,145,145.0,1.0,0.5823418875984706,Medium Risk,3,regular
451,1,124.75,1,124.75,0,0.0,1.0,0.6976263306464284,High Risk,1,Churned
22,12,3445.32,0,287.11,715,65.0,1.2,0.03256469791609297,Low Risk,2,VIP Loyal
2,3,775.94,0,258.6466666666667,72,36.0,1.0,0.6117866564374793,High Risk,3,regular
689,1,310.26,1,310.26,0,0.0,1.0,0.695766160061098,High Risk,1,Churned
37,10,13191.57,0,1319.157,602,66.88888888888889,1.1111111111111112,0.064057093286458,Low Risk,2,VIP Loyal
66,19,6486.091,0,341.3732105263158,660,41.25,1.3076923076923077,0.035281902728965524,Low Risk,2,VIP Loyal
1,3,640.76,0,213.58666666666667,36,18.0,1.5,0.6521983393756319,High Risk,0,Occasional
5,58,22082.5,0,380.73275862068965,727,12.982142857142858,2.375,0.008887232897985412,Low Risk,2,VIP Loyal
78,6,2228.1,0,371.34999999999997,400,80.0,1.2,0.19887917915585618,Low Risk,3,regular
72,2,567.36,0,283.68,14,14.0,2.0,0.6854113775156198,High Risk,0,Occasional
17,1,199.48000000000002,0,199.48000000000002,0,0.0,1.0,0.6968777630113159,High Risk,1,Churned
3,5,787.85,0,157.57,81,20.25,1.6666666666666667,0.581465283151214,Medium Risk,0,Occasional
36,18,10513.47,0,584.0816666666666,527,31.0,1.6363636363636365,0.07412676875738894,Low Risk,2,VIP Loyal
82,1,675.3,0,675.3,0,0.0,1.0,0.6920870663853803,High Risk,1,Churned
432,1,281.76,1,281.76,0,0.0,1.0,0.6960523575803215,High Risk,1,Churned
39,20,9879.48,0,493.974,682,35.89473684210526,1.1111111111111112,0.03025379508269663,Low Risk,2,VIP Loyal
316,1,1308.48,1,1308.48,0,0.0,1.0,0.6856474201165816,High Risk,1,Churned
32,8,5112.97,0,639.12125,703,100.42857142857143,1.3333333333333333,0.04185962221584911,Low Risk,3,regular
93,6,2806.18,0,467.6966666666667,562,112.4,1.0,0.09549289623916365,Low Risk,3,regular
402,1,262.4,1,262.4,0,0.0,1.0,0.6962466845207741,High Risk,1,Churned
14,1,350.9,0,350.9,0,0.0,1.0,0.6953577902820106,High Risk,1,Churned
411,3,1015.74,1,338.58000000000004,247,123.5,1.0,0.4172865423557672,Medium Risk,3,regular
82,5,6263.75,0,1252.75,570,142.5,1.0,0.0986004095305526,Low Risk,3,regular
77,1,795.12,0,795.12,0,0.0,1.0,0.6908740780870454,High Risk,1,Churned
546,1,1575.26,1,1575.26,0,0.0,1.0,0.6829124509586585,High Risk,1,Churned
158,4,2445.62,0,611.405,545,181.66666666666666,1.0,0.12644929903411492,Low Risk,3,regular
201,1,860.12,1,860.12,0,0.0,1.0,0.6902149522815647,High Risk,1,Churned
45,12,22100.56,0,1841.7133333333334,609,55.36363636363637,1.5,0.05888209076323736,Low Risk,2,VIP Loyal
261,1,775.85,1,775.85,0,0.0,1.0,0.6910693345551854,High Risk,1,Churned
178,1,353.43,0,353.43,0,0.0,1.0,0.6953323574732634,High Risk,1,Churned
68,3,2543.72,0,847.9066666666668,209,104.5,1.5,0.4574292999285344,Medium Risk,3,regular
288,1,389.5,1,389.5,0,0.0,1.0,0.6949696343428747,High Risk,1,Churned
463,6,299.4,1,49.9,133,26.6,1.2,0.5029308349318679,Medium Risk,0,Occasional
70,1,341.36,0,341.36,0,0.0,1.0,0.6954536803395175,High Risk,1,Churned
64,1,233.76,0,233.76,0,0.0,1.0,0.6965340314204101,High Risk,1,Churned
11,1,247.32,0,247.32,0,0.0,1.0,0.6963980022176242,High Risk,1,Churned
16,2,979.12,0,489.56000000000006,63,63.0,1.0,0.6434141416297227,High Risk,3,regular
66,1,373.94,0,373.94,0,0.0,1.0,0.695126136806398,High Risk,1,Churned
60,1,397.97999999999996,0,397.97999999999996,0,0.0,1.0,0.6948843235373462,High Risk,1,Churned
71,1,743.53,0,743.53,0,0.0,1.0,0.6913966691291255,High Risk,1,Churned
122,1,674.7,0,674.7,0,0.0,1.0,0.6920931337871962,High Risk,1,Churned
80,1,768.24,0,768.24,0,0.0,1.0,0.691146425354132,High Risk,1,Churned
257,5,3838.36,1,767.672,369,92.25,1.25,0.23724694763833132,Low Risk,3,regular
269,1,439.03,1,439.03,0,0.0,1.0,0.6944711617211755,High Risk,1,Churned
64,2,1043.31,0,521.655,339,339.0,1.0,0.42422836160963334,Medium Risk,3,regular
432,4,1553.65,1,388.4125,269,89.66666666666667,1.3333333333333333,0.362502536058175,Medium Risk,3,regular
472,2,1450.5,1,725.25,145,145.0,1.0,0.578042140321498,Medium Risk,3,regular
9,7,5394.07,0,770.5814285714285,415,69.16666666666667,1.1666666666666667,0.17699239360897978,Low Risk,3,regular
18,3,1723.86,0,574.62,392,196.0,1.0,0.27022609622133026,Low Risk,3,regular
71,1,134.95999999999998,0,134.95999999999998,0,0.0,1.0,0.6975241192385495,High Risk,1,Churned
34,2,2225.37,0,1112.685,184,184.0,1.0,0.5429720339970046,Medium Risk,3,regular
50,1,56.160000000000004,0,56.160000000000004,0,0.0,1.0,0.6983124713866949,High Risk,1,Churned
432,1,510.20000000000005,1,510.20000000000005,0,0.0,1.0,0.693754104980177,High Risk,1,Churned
257,4,1121.5,1,280.375,166,55.333333333333336,1.3333333333333333,0.4860457999020065,Medium Risk,0,Occasional
366,1,616.5600000000001,1,616.5600000000001,0,0.0,1.0,0.6926807500153848,High Risk,1,Churned
372,1,1509.74,1,1509.74,0,0.0,1.0,0.6835853285476249,High Risk,1,Churned
505,2,2297.66,1,1148.83,127,127.0,1.0,0.5879536684425741,Medium Risk,3,regular
90,1,378.64,0,378.64,0,0.0,1.0,0.6950788689632004,High Risk,1,Churned
61,6,7587.1900000000005,0,1264.5316666666668,672,134.4,1.0,0.055265533588047915,Low Risk,3,regular
415,2,422.8,1,211.4,34,34.0,1.0,0.6672359329897578,High Risk,0,Occasional
89,2,1792.23,0,896.115,356,356.0,1.0,0.4070816300689372,Medium Risk,3,regular
99,3,1019.76,0,339.92,135,67.5,1.0,0.5421542210196477,Medium Risk,3,regular
397,2,1552.88,1,776.44,249,249.0,1.0,0.49390748054311306,Medium Risk,3,regular
26,3,572.56,0,190.85333333333332,110,55.0,1.0,0.571157190288204,Medium Risk,0,Occasional
433,1,62.4,1,62.4,0,0.0,1.0,0.6982500860586915,High Risk,1,Churned
32,12,8224.37,0,685.3641666666666,706,64.18181818181819,1.0,0.03427024221568068,Low Risk,2,VIP Loyal
281,5,1387.58,1,277.51599999999996,451,112.75,1.25,0.17137783260142178,Low Risk,3,regular
544,1,305.28000000000003,1,305.28000000000003,0,0.0,1.0,0.6958161802454467,High Risk,1,Churned
31,11,6680.83,0,607.3481818181818,469,46.9,1.375,0.12016028533300625,Low Risk,2,VIP Loyal
330,1,534.57,1,534.57,0,0.0,1.0,0.6935083547911395,High Risk,1,Churned
414,2,835.46,1,417.73,22,22.0,1.0,0.6739362627250546,High Risk,3,regular
417,1,189.44,1,189.44,0,0.0,1.0,0.696978394197423,High Risk,1,Churned
131,3,1185.65,0,395.21666666666664,472,472.0,1.0,0.31949743044020823,Medium Risk,3,regular
11,3,797.96,0,265.9866666666667,221,110.5,1.0,0.44655861197116004,Medium Risk,0,Occasional
75,1,544.08,0,544.08,0,0.0,1.0,0.6934124248911429,High Risk,1,Churned
204,1,59.8,1,59.8,0,0.0,1.0,0.6982760808356202,High Risk,1,Churned
677,1,91.14,1,91.14,0,0.0,1.0,0.6979626590967294,High Risk,1,Churned
584,4,1131.45,1,282.8625,148,49.333333333333336,1.3333333333333333,0.5081085045953156,Medium Risk,0,Occasional
2,19,6621.7,0,348.5105263157895,736,40.888888888888886,1.0555555555555556,0.022962715383298953,Low Risk,2,VIP Loyal
185,3,1180.23,1,393.41,236,118.0,1.0,0.4288696137427976,Medium Risk,3,regular
29,2,1360.99,0,680.495,290,290.0,1.0,0.4617629706956445,Medium Risk,3,regular
73,10,3191.87,0,319.187,616,68.44444444444444,1.0,0.05911866792901243,Low Risk,2,VIP Loyal
192,2,670.34,1,335.16999999999996,256,256.0,1.0,0.49280902227944534,Medium Risk,0,Occasional
464,3,275.4,1,91.8,54,27.0,1.5,0.6346445101592004,High Risk,0,Occasional
583,1,310.83,1,310.83,0,0.0,1.0,0.6957604345640673,High Risk,1,Churned
127,4,1535.13,0,383.7825,437,145.66666666666666,1.0,0.19845488036067835,Low Risk,3,regular
18,3,229.5,0,76.5,705,352.5,1.0,0.08459449354008215,Low Risk,0,Occasional
1,2,252.49,0,126.245,211,211.0,1.0,0.5313851893513579,Medium Risk,0,Occasional
74,6,1213.811,0,202.30183333333335,650,130.0,1.0,0.06268131233407304,Low Risk,0,Occasional
427,2,568.92,1,284.46,204,204.0,1.0,0.5353984914668357,Medium Risk,0,Occasional
579,3,2244.7,1,748.2333333333332,83,41.5,1.0,0.5958205756967064,Medium Risk,3,regular
2,106,51733.462,0,488.0515283018868,733,7.257425742574258,4.08,0.0028300100498631284,Low Risk,2,VIP Loyal
24,9,2201.96,0,244.66222222222223,707,88.375,1.0,0.03862100834542739,Low Risk,2,VIP Loyal
107,1,213.55,0,213.55,0,0.0,1.0,0.6967367072615566,High Risk,1,Churned
620,1,487.34999999999997,1,487.34999999999997,0,0.0,1.0,0.6939844272810439,High Risk,1,Churned
640,6,429.44,1,71.57333333333334,47,9.4,2.0,0.6175329444301269,High Risk,0,Occasional
134,6,2494.14,0,415.69,469,93.8,1.2,0.14732468684528058,Low Risk,3,regular
473,4,800.67,1,200.16750000000002,255,85.0,1.3333333333333333,0.37982989237362935,Medium Risk,0,Occasional
44,3,940.8000000000001,0,313.59999999999997,692,346.0,1.0,0.088546197934822,Low Risk,0,Occasional
5,6,1669.49,0,278.24833333333333,664,132.8,1.2,0.058667303140318344,Low Risk,3,regular
12,31,12233.6,0,394.6322580645161,716,23.866666666666667,1.8235294117647058,0.018735670497010255,Low Risk,2,VIP Loyal
64,1,221.06,0,221.06,0,0.0,1.0,0.6966614022052203,High Risk,1,Churned
150,2,159.85,0,79.925,20,20.0,1.0,0.6784205775466482,High Risk,0,Occasional
40,8,4103.12,0,512.89,622,88.85714285714286,1.3333333333333333,0.063336319617893,Low Risk,3,regular
64,1,2626.3,0,2626.3,0,0.0,1.0,0.6720151737176167,High Risk,3,regular
429,1,217.03,1,217.03,0,0.0,1.0,0.6967018135547238,High Risk,1,Churned
450,1,572.77,1,572.77,0,0.0,1.0,0.6931229197765119,High Risk,1,Churned
108,5,3403.63,0,680.726,471,117.75,1.0,0.15538595874022873,Low Risk,3,regular
1,22,8167.38,0,371.24454545454546,729,34.714285714285715,1.2222222222222223,0.02196298770258639,Low Risk,2,VIP Loyal
19,6,1006.53,0,167.755,702,140.4,1.0,0.04847998407925468,Low Risk,0,Occasional
10,3,499.98,0,166.66,504,252.0,1.5,0.18673108860092308,Low Risk,0,Occasional
11,4,1006.8,0,251.70000000000002,64,21.333333333333332,1.3333333333333333,0.6095957658275267,High Risk,3,regular
19,2,679.45,0,339.725,67,67.0,1.0,0.6418636085142818,High Risk,3,regular
67,8,3316.24,0,414.53,592,84.57142857142857,1.1428571428571428,0.07338275971597759,Low Risk,3,regular
571,2,439.1,1,219.55,40,40.0,1.0,0.6628298045760729,High Risk,0,Occasional
501,4,658.3199999999999,1,164.57999999999998,195,65.0,1.3333333333333333,0.45146528619162657,Medium Risk,0,Occasional
74,5,1666.8600000000001,0,333.372,581,145.25,1.25,0.09601399642995335,Low Risk,3,regular
5,9,4475.2300000000005,0,497.24777777777786,494,61.75,1.125,0.11350887407595799,Low Risk,2,VIP Loyal
2,1,196.89,0,196.89,0,0.0,1.0,0.6969037244572056,High Risk,1,Churned
14,7,3408.06,0,486.86571428571426,175,29.166666666666668,1.75,0.4394725138115349,Medium Risk,2,VIP Loyal
547,1,46.5,1,46.5,0,0.0,1.0,0.6984090342229944,High Risk,1,Churned
255,3,986.61,1,328.87,270,135.0,1.0,0.3924869036261129,Medium Risk,3,regular
423,7,1295.25,1,185.03571428571428,28,7.0,2.5,0.6375238853785054,High Risk,0,Occasional
92,2,720.9,0,360.45,339,339.0,1.0,0.42586102393174796,Medium Risk,3,regular
667,3,419.87,1,139.95666666666668,70,35.0,1.0,0.6149140613882963,High Risk,0,Occasional
449,6,1280.16,1,213.35999999999999,228,45.6,1.5,0.38161933324337244,Medium Risk,0,Occasional
374,2,631.6800000000001,1,315.84,131,131.0,1.0,0.5931668639382088,Medium Risk,0,Occasional
626,1,241.89999999999998,1,241.89999999999998,0,0.0,1.0,0.6964523778982556,High Risk,1,Churned
430,11,3881.89,1,352.89909090909094,233,23.3,1.5714285714285714,0.33315093363003745,Medium Risk,2,VIP Loyal
23,3,1129.14,0,376.38000000000005,12,6.0,3.0,0.6819137626985107,High Risk,3,regular
17,13,9240.87,0,710.8361538461539,717,59.75,1.4444444444444444,0.03149380140205523,Low Risk,2,VIP Loyal
24,1,291.88,0,291.88,0,0.0,1.0,0.6959507497214301,High Risk,1,Churned
27,13,4120.04,0,316.92615384615385,576,48.0,1.1818181818181819,0.06530941326773398,Low Risk,2,VIP Loyal
26,11,7190.92,0,653.72,601,60.1,1.0,0.06162011882314416,Low Risk,2,VIP Loyal
259,3,729.8,1,243.26666666666665,213,106.5,1.5,0.4582881719129102,Medium Risk,0,Occasional
166,3,781.6899999999999,0,260.56333333333333,236,118.0,1.0,0.43002295546898894,Medium Risk,0,Occasional
641,1,219.87,1,219.87,0,0.0,1.0,0.696673335401391,High Risk,1,Churned
25,6,2905.93,0,484.3216666666667,706,141.2,1.2,0.04746486054695662,Low Risk,3,regular
18,6,1766.72,0,294.4533333333333,189,37.8,1.2,0.4289715372631231,Medium Risk,3,regular
689,2,148.22,1,74.11,48,48.0,1.0,0.6583692504029587,High Risk,0,Occasional
7,16,11959.27,0,747.454375,381,25.4,1.3333333333333333,0.16076166147373805,Low Risk,2,VIP Loyal
625,2,1160.4099999999999,1,580.2049999999999,57,57.0,1.0,0.647004686247352,High Risk,3,regular
29,2,183.44,0,91.72,20,20.0,1.0,0.6783139246421811,High Risk,0,Occasional
39,6,4160.0,0,693.3333333333334,558,111.6,1.0,0.09697480268902411,Low Risk,3,regular
253,5,1153.85,1,230.76999999999998,473,118.25,1.0,0.15542556193812582,Low Risk,0,Occasional
58,6,3097.64,0,516.2733333333333,559,111.8,1.2,0.097157658692341,Low Risk,3,regular
446,2,931.12,1,465.56,139,139.0,1.0,0.5853913205248731,Medium Risk,3,regular
184,5,1013.35,1,202.67,444,111.0,1.25,0.17677857480090128,Low Risk,0,Occasional
11,2,1083.71,0,541.855,25,25.0,2.0,0.6753340351605195,High Risk,3,regular
2,72,13390.51,0,185.97930555555556,734,10.485714285714286,2.84,0.005625602829977327,Low Risk,2,VIP Loyal
653,1,82.4,1,82.4,0,0.0,1.0,0.698050083729138,High Risk,1,Churned
99,2,165.0,0,82.5,15,15.0,1.0,0.6819217835695603,High Risk,0,Occasional
1,4,2531.58,0,632.895,46,15.333333333333334,1.3333333333333333,0.6277880377691283,High Risk,3,regular
464,2,592.24,1,296.12,91,91.0,1.0,0.6242206710381644,High Risk,0,Occasional
61,8,2657.7599999999998,0,332.21999999999997,663,94.71428571428571,1.3333333333333333,0.05148293764839364,Low Risk,3,regular
236,3,663.79,1,221.26333333333332,258,129.0,1.0,0.4063280119707118,Medium Risk,0,Occasional
191,4,1431.78,1,357.945,107,35.666666666666664,1.0,0.5558588784982155,Medium Risk,3,regular
179,5,2061.4700000000003,0,412.29400000000004,466,116.5,1.0,0.15961416177199414,Low Risk,3,regular
38,11,2834.17,0,257.6518181818182,646,64.6,1.1,0.04865275247546688,Low Risk,2,VIP Loyal
469,5,2215.78,1,443.15600000000006,207,51.75,1.25,0.417901205134101,Medium Risk,3,regular
201,4,851.37,1,212.8425,276,92.0,1.0,0.35416394115605987,Medium Risk,0,Occasional
417,2,627.82,1,313.90999999999997,262,262.0,1.0,0.4881705538202433,Medium Risk,0,Occasional
46,11,3830.84,0,348.2581818181818,689,76.55555555555556,1.1111111111111112,0.039590372082079925,Low Risk,2,VIP Loyal
232,2,336.09,1,168.045,395,395.0,1.0,0.3840858746079748,Medium Risk,0,Occasional
66,1,140.34,0,140.34,0,0.0,1.0,0.6974702526625212,High Risk,1,Churned
241,3,790.72,1,263.5733333333333,398,199.0,1.0,0.26709721390233443,Low Risk,0,Occasional
233,11,3019.2200000000003,1,274.4745454545455,503,50.3,1.5714285714285714,0.10177426222273468,Low Risk,2,VIP Loyal
78,3,1122.41,0,374.1366666666666,76,38.0,1.0,0.6065355491915477,High Risk,3,regular
58,5,846.87,0,169.374,677,169.25,1.0,0.06094208763562567,Low Risk,0,Occasional
17,23,15587.88,0,677.7339130434783,666,30.272727272727273,1.4375,0.03106577165392738,Low Risk,2,VIP Loyal
105,4,449.52,0,112.38,189,63.0,1.3333333333333333,0.4591489807688224,Medium Risk,0,Occasional
654,1,154.25,1,154.25,0,0.0,1.0,0.6973309553564512,High Risk,1,Churned
52,27,4566.56,0,169.13185185185188,681,26.192307692307693,1.4210526315789473,0.024482371997152138,Low Risk,2,VIP Loyal
136,3,1269.84,0,423.28000000000003,78,39.0,1.5,0.6065100737105327,High Risk,3,regular
275,2,618.63,1,309.315,11,11.0,1.0,0.6826937527330506,High Risk,1,Churned
312,1,316.26000000000005,1,316.26000000000005,0,0.0,1.0,0.6957058886314047,High Risk,1,Churned
8,10,5374.26,0,537.426,724,80.44444444444444,1.25,0.03387575046755656,Low Risk,2,VIP Loyal
11,2,653.33,0,326.66499999999996,349,349.0,1.0,0.41829870958689996,Medium Risk,3,regular
283,6,1320.33,1,220.05499999999998,386,77.2,1.2,0.21126745142242837,Low Risk,0,Occasional
730,1,327.38,1,327.38,0,0.0,1.0,0.6955941678219171,High Risk,1,Churned
18,5,1159.11,0,231.82200000000003,252,63.0,1.25,0.36431581508951927,Medium Risk,3,regular
23,4,1466.3,0,366.575,378,126.0,1.3333333333333333,0.2499587567001037,Low Risk,3,regular
288,3,2885.11,1,961.7033333333333,282,141.0,1.0,0.37444717940108446,Medium Risk,3,regular
17,5,780.5,0,156.1,531,132.75,1.0,0.12050432391510887,Low Risk,0,Occasional
71,6,1905.39,0,317.565,589,117.8,1.2,0.08447856064655285,Low Risk,3,regular
64,1,295.93,0,295.93,0,0.0,1.0,0.6959100811386443,High Risk,1,Churned
73,4,4393.63,0,1098.4075,159,53.0,1.0,0.48684746215975233,Medium Risk,3,regular
316,5,1639.2,1,327.84000000000003,144,36.0,1.0,0.49708081046746994,Medium Risk,3,regular
3,4,2479.16,0,619.79,142,47.333333333333336,1.0,0.5112214129163921,Medium Risk,3,regular
244,2,287.05,1,143.52499999999998,399,399.0,1.0,0.38126405470472197,Medium Risk,0,Occasional
9,8,1114.72,0,139.34,498,71.14285714285714,1.1428571428571428,0.11626893231215163,Low Risk,0,Occasional
1,11,4558.29,0,414.39,717,71.7,1.1,0.033534065528460166,Low Risk,2,VIP Loyal
677,1,282.76,1,282.76,0,0.0,1.0,0.6960423181297573,High Risk,1,Churned
261,4,713.39,1,178.3475,322,107.33333333333333,1.0,0.3045906160985324,Medium Risk,0,Occasional
127,3,824.59,0,274.86333333333334,528,264.0,1.0,0.1688743858655847,Low Risk,0,Occasional
74,4,815.9000000000001,0,203.97500000000002,608,202.66666666666666,1.0,0.0970946048182752,Low Risk,0,Occasional
73,6,1265.82,0,210.97000000000003,571,114.2,1.0,0.09186748752449751,Low Risk,0,Occasional
21,4,1685.26,0,421.315,396,132.0,1.0,0.2322121932929268,Low Risk,3,regular
60,3,2128.42,0,709.4733333333334,120,60.0,1.0,0.5555913098931716,Medium Risk,3,regular
86,1,659.4399999999999,0,659.4399999999999,0,0.0,1.0,0.6922474257271045,High Risk,1,Churned
78,2,343.21,0,171.60500000000002,364,364.0,1.0,0.40807241946777884,Medium Risk,0,Occasional
59,11,6909.4,0,628.1272727272727,663,66.3,1.0,0.04461846630173871,Low Risk,2,VIP Loyal
1,3,1093.65,0,364.55,8,4.0,1.5,0.678985685673311,High Risk,3,regular
30,1,125.80000000000001,0,125.80000000000001,0,0.0,1.0,0.6976158200919681,High Risk,1,Churned
33,6,5101.52,0,850.2533333333334,369,73.8,1.2,0.22458124449202627,Low Risk,3,regular
41,5,680.1800000000001,0,136.036,179,44.75,1.0,0.45356995365110425,Medium Risk,0,Occasional
15,2,628.78,0,314.39,233,233.0,1.0,0.5116534333345215,Medium Risk,3,regular
738,2,1182.0,1,591.0,0,0.0,2.0,0.692403785724793,High Risk,1,Churned
34,12,4683.74,0,390.31166666666667,653,59.36363636363637,1.3333333333333333,0.045443358928726404,Low Risk,2,VIP Loyal
79,2,307.76,0,153.88,125,125.0,1.0,0.5994626172073341,Medium Risk,0,Occasional
634,1,402.97999999999996,1,402.97999999999996,0,0.0,1.0,0.6948340160834925,High Risk,1,Churned
205,6,1738.52,1,289.75333333333333,531,106.2,1.2,0.11120285603691289,Low Risk,0,Occasional
34,1,210.31,0,210.31,0,0.0,1.0,0.6967691924677866,High Risk,1,Churned
183,3,270.79,1,90.26333333333332,84,42.0,1.5,0.6028895855460926,High Risk,0,Occasional
2,35,7720.9,0,220.59714285714284,517,16.677419354838708,1.8823529411764706,0.04928591783248557,Low Risk,2,VIP Loyal
403,1,89.5,1,89.5,0,0.0,1.0,0.6979790648131794,High Risk,1,Churned
1,7,3448.29,0,492.61285714285714,74,12.333333333333334,1.75,0.5730803885527136,Medium Risk,2,VIP Loyal
426,2,717.85,1,358.925,26,26.0,1.0,0.6716194010319344,High Risk,0,Occasional
43,12,3112.73,0,259.39416666666665,632,57.45454545454545,1.0909090909090908,0.05037502252830898,Low Risk,2,VIP Loyal
86,7,1569.3600000000001,0,224.19428571428574,504,84.0,1.0,0.11835765883247863,Low Risk,0,Occasional
467,3,632.39,1,210.79666666666665,188,94.0,1.5,0.4865503976006098,Medium Risk,0,Occasional
427,2,785.25,1,392.625,143,143.0,1.0,0.5829771194104431,Medium Risk,0,Occasional
377,17,4006.17,1,235.6570588235294,352,22.0,1.4166666666666667,0.1764572892173154,Low Risk,2,VIP Loyal
634,2,1439.6100000000001,1,719.8050000000001,52,52.0,1.0,0.6493799513266384,High Risk,3,regular
40,6,829.0,0,138.16666666666666,605,121.0,1.2,0.07843984708687951,Low Risk,0,Occasional
391,2,374.64,1,187.32,153,153.0,1.0,0.5771567325161243,Medium Risk,0,Occasional
12,5,1092.14,0,218.42799999999997,411,102.75,1.0,0.2017863857407906,Low Risk,0,Occasional
408,1,175.53,1,175.53,0,0.0,1.0,0.6971177832861877,High Risk,1,Churned
96,3,908.99,0,302.99666666666667,375,187.5,1.0,0.2875106489831542,Low Risk,3,regular
26,8,1005.8,0,125.725,361,51.57142857142857,1.3333333333333333,0.2164490907707997,Low Risk,0,Occasional
383,1,349.51,1,349.51,0,0.0,1.0,0.6953717627403252,High Risk,1,Churned
319,2,244.2,1,122.1,346,346.0,1.0,0.4227333667688132,Medium Risk,0,Occasional
66,22,6978.92,0,317.2236363636364,592,28.19047619047619,1.6923076923076923,0.04652260314075054,Low Risk,2,VIP Loyal
675,1,517.8,1,517.8,0,0.0,1.0,0.6936774774205443,High Risk,1,Churned
380,7,1638.28,1,234.04,66,11.0,2.3333333333333335,0.5871896415250134,Medium Risk,0,Occasional
74,13,8999.19,0,692.2453846153846,615,51.25,1.4444444444444444,0.05406238829284012,Low Risk,2,VIP Loyal
429,2,200.82,1,100.41,6,6.0,1.0,0.6880541877950374,High Risk,1,Churned
28,13,3032.26,0,233.25076923076924,702,58.5,1.625,0.03386521448634959,Low Risk,2,VIP Loyal
6,4,605.06,0,151.265,62,20.666666666666668,1.3333333333333333,0.6126307658922003,High Risk,0,Occasional
513,2,990.0,1,495.0,30,30.0,1.0,0.6675040949115406,High Risk,3,regular
7,1,174.37,0,174.37,0,0.0,1.0,0.6971294057561079,High Risk,1,Churned
216,11,1820.72,1,165.52,433,43.3,1.2222222222222223,0.14160141465122783,Low Risk,0,Occasional
82,8,4838.18,0,604.7725,612,87.42857142857143,1.1428571428571428,0.06632502155541382,Low Risk,3,regular
84,2,777.53,0,388.765,55,55.0,1.0,0.6502897718163089,High Risk,0,Occasional
144,37,17249.55,0,466.20405405405404,593,16.47222222222222,2.642857142857143,0.03258541217226963,Low Risk,2,VIP Loyal
19,3,414.8,0,138.26666666666665,391,195.5,1.0,0.27417871223477147,Low Risk,0,Occasional
41,5,1708.1200000000001,0,341.624,598,149.5,1.0,0.08828168821660361,Low Risk,3,regular
428,4,1083.69,1,270.9225,113,37.666666666666664,1.3333333333333333,0.5509631586205749,Medium Risk,0,Occasional
173,1,192.85,0,192.85,0,0.0,1.0,0.6969442177946578,High Risk,1,Churned
17,4,893.78,0,223.445,411,137.0,1.0,0.22034485827947123,Low Risk,0,Occasional
243,1,239.49,1,239.49,0,0.0,1.0,0.696476554249852,High Risk,1,Churned
13,26,4546.54,0,174.8669230769231,718,28.72,1.368421052631579,0.0205248929363493,Low Risk,2,VIP Loyal
206,1,1384.25,1,1384.25,0,0.0,1.0,0.6848719413694013,High Risk,1,Churned
50,6,916.47,0,152.745,586,117.2,1.2,0.08592767199203007,Low Risk,0,Occasional
411,1,421.25,1,421.25,0,0.0,1.0,0.694650153102836,High Risk,1,Churned
23,5,732.0699999999999,0,146.414,152,38.0,1.0,0.4879124207249945,Medium Risk,0,Occasional
10,28,11551.74,0,412.5621428571429,721,26.703703703703702,1.3333333333333333,0.0195776748009495,Low Risk,2,VIP Loyal
25,11,3489.28,0,317.20727272727277,699,69.9,1.2222222222222223,0.03693819265205968,Low Risk,2,VIP Loyal
409,1,147.66,1,147.66,0,0.0,1.0,0.6973969533572095,High Risk,1,Churned
15,5,1539.04,0,307.808,644,161.0,1.0,0.07113682389093048,Low Risk,3,regular
406,1,107.75,1,107.75,0,0.0,1.0,0.6977964727182626,High Risk,1,Churned
309,2,280.53000000000003,1,140.265,104,104.0,1.0,0.6158184685586017,High Risk,0,Occasional
390,2,241.68,1,120.84,227,227.0,1.0,0.518512842503104,Medium Risk,0,Occasional
156,2,1445.031,0,722.5155,523,523.0,1.0,0.28700422451868424,Low Risk,3,regular
307,3,392.45,1,130.8166666666667,369,184.5,1.0,0.2943274270476168,Low Risk,0,Occasional
531,3,684.54,1,228.17999999999998,207,103.5,1.0,0.4624776511943278,Medium Risk,3,regular
541,1,131.53,1,131.53,0,0.0,1.0,0.6975584588481528,High Risk,1,Churned
64,4,1673.5,0,418.375,599,199.66666666666666,1.3333333333333333,0.1011063513282561,Low Risk,3,regular
16,9,2478.95,0,275.43888888888887,239,29.875,1.5,0.3400252326945522,Medium Risk,2,VIP Loyal
15,6,1120.74,0,186.79,719,143.8,1.0,0.04451707265402833,Low Risk,0,Occasional
11,18,6349.59,0,352.755,726,42.705882352941174,1.2857142857142858,0.02512689351101479,Low Risk,2,VIP Loyal
65,7,2093.94,0,299.13428571428574,660,110.0,1.0,0.055221993781712546,Low Risk,3,regular
36,4,247.95999999999998,0,61.989999999999995,228,76.0,1.3333333333333333,0.4124872149590622,Medium Risk,0,Occasional
108,14,5523.6900000000005,0,394.54928571428576,538,41.38461538461539,1.2727272727272727,0.07723465427988227,Low Risk,2,VIP Loyal
53,2,533.32,0,266.66,432,432.0,1.0,0.3552091212048546,Medium Risk,0,Occasional
517,3,818.22,1,272.74,129,64.5,1.0,0.5494241368003208,Medium Risk,0,Occasional
6,2,697.04,0,348.52,7,7.0,1.0,0.6851443826226955,High Risk,3,regular
400,2,396.71,1,198.355,2,2.0,2.0,0.6944852976341338,High Risk,1,Churned
47,5,789.59,0,157.91799999999998,604,151.0,1.25,0.08659897702203938,Low Risk,0,Occasional
1,33,10167.630000000001,0,308.11,737,24.566666666666666,1.9375,0.01571647172112251,Low Risk,2,VIP Loyal
312,2,518.42,1,259.21,321,321.0,1.0,0.44121380088152906,Medium Risk,0,Occasional
45,4,1185.14,0,296.285,501,167.0,1.0,0.1534872585711452,Low Risk,3,regular
65,4,1025.17,0,256.2925,495,165.0,1.0,0.15750853134762563,Low Risk,0,Occasional
26,1,164.34,0,164.34,0,0.0,1.0,0.697229889523222,High Risk,1,Churned
659,1,717.62,1,717.62,0,0.0,1.0,0.6916589449649578,High Risk,1,Churned
387,2,522.67,1,261.33500000000004,184,184.0,1.0,0.551713314287431,Medium Risk,0,Occasional
29,3,280.53999999999996,0,93.51333333333332,282,141.0,1.0,0.3816801671776901,Medium Risk,0,Occasional
40,2,1078.31,0,539.155,362,362.0,1.0,0.40596016021698095,Medium Risk,3,regular
541,1,236.2,1,236.2,0,0.0,1.0,0.6965095567269293,High Risk,1,Churned
593,1,167.35,1,167.35,0,0.0,1.0,0.6971997363555413,High Risk,1,Churned
12,14,2175.88,0,155.42000000000002,691,53.15384615384615,1.0769230769230769,0.03418941979246884,Low Risk,2,VIP Loyal
89,10,3319.53,0,331.95300000000003,647,71.88888888888889,1.1111111111111112,0.05048854475182132,Low Risk,3,regular
633,1,818.29,1,818.29,0,0.0,1.0,0.6906392139630745,High Risk,1,Churned
453,5,1039.8500000000001,1,207.96999999999997,207,51.75,1.6666666666666667,0.42139681935842854,Medium Risk,0,Occasional
24,6,2359.19,0,393.1983333333333,527,105.4,1.0,0.1126859538434105,Low Risk,3,regular
319,8,6272.53,1,784.06625,361,51.57142857142857,1.1428571428571428,0.21516513695871262,Low Risk,3,regular
568,2,288.1,1,144.05,122,122.0,1.0,0.6018920223257482,High Risk,0,Occasional
40,8,1278.75,0,159.84375,454,64.85714285714286,1.3333333333333333,0.1433913170901627,Low Risk,0,Occasional
174,1,177.34,0,177.34,0,0.0,1.0,0.6970996477215521,High Risk,1,Churned
545,2,231.69,1,115.845,129,129.0,1.0,0.5967259469029693,Medium Risk,0,Occasional
528,1,112.34,1,112.34,0,0.0,1.0,0.6977505397077397,High Risk,1,Churned
117,1,213.85,0,213.85,0,0.0,1.0,0.696733699272678,High Risk,1,Churned
696,1,658.95,1,658.95,0,0.0,1.0,0.6922523793438154,High Risk,1,Churned
31,10,2566.49,0,256.649,706,78.44444444444444,1.0,0.03698990520723469,Low Risk,2,VIP Loyal
388,1,462.08,1,462.08,0,0.0,1.0,0.6942390297720951,High Risk,1,Churned
597,1,301.26,1,301.26,0,0.0,1.0,0.695856554608066,High Risk,1,Churned
253,2,707.04,1,353.52,126,126.0,1.0,0.5966948960224626,Medium Risk,3,regular
59,7,2245.9,0,320.84285714285716,581,96.83333333333333,1.0,0.08172166310852479,Low Risk,3,regular
676,1,310.14,1,310.14,0,0.0,1.0,0.6957673654211677,High Risk,1,Churned
23,19,13370.86,0,703.7294736842106,642,35.666666666666664,1.1875,0.039179746679032235,Low Risk,2,VIP Loyal
5,7,2031.78,0,290.2542857142857,280,46.666666666666664,1.1666666666666667,0.3073479851679081,Medium Risk,2,VIP Loyal
100,11,3070.42,0,279.1290909090909,167,16.7,2.2,0.42089116959235634,Medium Risk,2,VIP Loyal
25,8,3648.15,0,456.01875,586,83.71428571428571,1.1428571428571428,0.07559437963507336,Low Risk,3,regular
33,16,5073.47,0,317.091875,664,44.266666666666666,1.4545454545454546,0.03746855595624922,Low Risk,2,VIP Loyal
68,4,2999.16,0,749.79,671,223.66666666666666,1.3333333333333333,0.07255368519602232,Low Risk,3,regular
37,5,949.12,0,189.824,248,62.0,1.0,0.36806184615844545,Medium Risk,0,Occasional
52,3,810.5,0,270.1666666666667,174,87.0,1.0,0.4990855077592163,Medium Risk,0,Occasional
16,1,122.64,0,122.64,0,0.0,1.0,0.697647451229951,High Risk,1,Churned
74,2,1346.27,0,673.135,362,362.0,1.0,0.40462183782797134,Medium Risk,3,regular
611,1,405.0,1,405.0,0,0.0,1.0,0.6948136905529217,High Risk,1,Churned
641,5,1016.47,1,203.294,93,23.25,2.5,0.5705313736569853,Medium Risk,0,Occasional
216,4,514.72,1,128.68,217,72.33333333333333,2.0,0.4286127583282548,Medium Risk,0,Occasional
31,10,2156.77,0,215.677,700,77.77777777777777,1.1111111111111112,0.038252263303119614,Low Risk,2,VIP Loyal
16,4,2624.26,0,656.065,89,29.666666666666668,1.0,0.5754059100461256,Medium Risk,3,regular
120,1,252.1,0,252.1,0,0.0,1.0,0.6963500427226624,High Risk,1,Churned
400,2,326.25,1,163.125,0,0.0,2.0,0.6961674979288305,High Risk,1,Churned
10,8,3071.68,0,383.96000000000004,593,84.71428571428571,1.1428571428571428,0.07302861450992755,Low Risk,2,VIP Loyal
400,8,1764.02,1,220.5025,337,48.142857142857146,1.3333333333333333,0.2390731715179415,Low Risk,0,Occasional
257,6,1678.88,1,279.81333333333333,270,54.0,1.0,0.3285852494389003,Medium Risk,3,regular
17,10,3288.0,0,328.8,666,83.25,1.0,0.04665243862779131,Low Risk,2,VIP Loyal
35,3,226.85,0,75.61666666666667,346,173.0,1.0,0.31664992644733253,Medium Risk,0,Occasional
46,5,2570.85,0,514.17,606,151.5,1.0,0.08472852664942039,Low Risk,3,regular
488,1,152.2,1,152.2,0,0.0,1.0,0.6973514867152072,High Risk,1,Churned
43,11,6308.0,0,573.4545454545455,694,69.4,1.1,0.03795106821237854,Low Risk,2,VIP Loyal
114,6,2280.51,0,380.08500000000004,477,95.4,1.2,0.1422103932079261,Low Risk,3,regular
165,4,1078.85,0,269.7125,430,143.33333333333334,1.0,0.2045218877485674,Low Risk,3,regular
11,2,382.14,0,191.07,190,190.0,1.0,0.5476216612124122,Medium Risk,0,Occasional
10,9,6025.5,0,669.5,662,82.75,1.2857142857142858,0.04908201949535509,Low Risk,2,VIP Loyal
206,12,4894.88,1,407.9066666666667,455,41.36363636363637,1.2,0.1239587476170052,Low Risk,2,VIP Loyal
400,1,314.59,1,314.59,0,0.0,1.0,0.6957226648540106,High Risk,1,Churned
603,1,325.24,1,325.24,0,0.0,1.0,0.6956156698420973,High Risk,1,Churned
86,11,2250.11,0,204.55545454545455,572,57.2,1.5714285714285714,0.0719267853078924,Low Risk,2,VIP Loyal
179,5,2047.51,0,409.502,467,116.75,1.25,0.1596486778821903,Low Risk,3,regular
386,3,1711.6599999999999,1,570.5533333333333,117,58.5,1.0,0.56012848890298,Medium Risk,3,regular
60,5,127.89999999999999,0,25.580000000000002,675,168.75,1.25,0.06203314281740613,Low Risk,0,Occasional
149,1,305.02,0,305.02,0,0.0,1.0,0.6958187916138722,High Risk,1,Churned
3,35,13089.94,0,373.9982857142857,725,21.323529411764707,1.6666666666666667,0.01594206163474739,Low Risk,2,VIP Loyal
51,3,413.55,0,137.85,356,178.0,1.0,0.3065442787501011,Medium Risk,0,Occasional
75,1,349.7,0,349.7,0,0.0,1.0,0.6953698528571988,High Risk,1,Churned
395,1,194.95,1,194.95,0,0.0,1.0,0.6969231696592463,High Risk,1,Churned
301,3,419.92,1,139.97333333333336,429,214.5,1.0,0.24154259338728337,Low Risk,0,Occasional
19,2,396.92,0,198.45999999999998,13,13.0,2.0,0.6868697499241248,High Risk,0,Occasional
433,1,240.68,1,240.68,0,0.0,1.0,0.6964646166850493,High Risk,1,Churned
151,2,486.82000000000005,0,243.41000000000003,133,133.0,1.0,0.592327066261793,Medium Risk,0,Occasional
539,2,243.9,1,121.95000000000002,80,80.0,1.0,0.6342198661883381,High Risk,0,Occasional
405,2,556.1899999999999,1,278.095,115,115.0,1.0,0.6059886844528825,High Risk,0,Occasional
152,1,232.6,0,232.6,0,0.0,1.0,0.6965456665397871,High Risk,1,Churned
494,3,281.26,1,93.75333333333333,241,120.5,1.0,0.4259726705768531,Medium Risk,0,Occasional
1,12,11435.67,0,952.9725,733,66.63636363636364,1.3333333333333333,0.03001976486594381,Low Risk,2,VIP Loyal
18,4,827.83,0,206.9575,137,45.666666666666664,1.3333333333333333,0.5221496276101986,Medium Risk,0,Occasional
187,1,59.5,1,59.5,0,0.0,1.0,0.6982790801511218,High Risk,1,Churned
458,1,258.6,1,258.6,0,0.0,1.0,0.6962848189816947,High Risk,1,Churned
286,4,596.98,1,149.245,335,111.66666666666667,1.0,0.29142403400404193,Low Risk,0,Occasional
3,7,3119.44,0,445.63428571428574,57,9.5,3.5,0.6041156670926152,High Risk,2,VIP Loyal
183,3,409.04,1,136.34666666666666,218,109.0,1.5,0.45365779484349444,Medium Risk,0,Occasional
438,1,11880.84,1,11880.84,0,0.0,1.0,0.5690941650909295,Medium Risk,3,regular
635,1,375.5,1,375.5,0,0.0,1.0,0.6951104483613453,High Risk,1,Churned
63,2,1259.5,0,629.75,381,381.0,1.0,0.39030946946631295,Medium Risk,3,regular
59,1,172.25,0,172.25,0,0.0,1.0,0.6971506461700964,High Risk,1,Churned
396,1,212.78,1,212.78,0,0.0,1.0,0.6967444276892225,High Risk,1,Churned
25,5,3114.4,0,622.88,395,98.75,1.25,0.2145916899193075,Low Risk,3,regular
374,9,2011.82,1,223.53555555555556,358,44.75,1.8,0.2136788391428133,Low Risk,0,Occasional
4,143,196482.81,0,1374.0056643356643,731,5.147887323943662,5.72,0.0024455441601645,Low Risk,2,VIP Loyal
31,16,2770.73,0,173.170625,546,36.4,1.6,0.06970129800923393,Low Risk,2,VIP Loyal
422,3,2020.4,1,673.4666666666667,244,122.0,1.0,0.41767735262895755,Medium Risk,3,regular
39,1,151.29999999999998,0,151.29999999999998,0,0.0,1.0,0.697360500233454,High Risk,1,Churned
597,2,465.53000000000003,1,232.76500000000001,85,85.0,1.0,0.6293826463603623,High Risk,0,Occasional
155,2,764.15,0,382.07500000000005,395,395.0,1.0,0.3819897185107597,Medium Risk,0,Occasional
26,13,2613.46,0,201.03538461538463,644,53.666666666666664,1.4444444444444444,0.045886190789137034,Low Risk,2,VIP Loyal
447,1,161.0,1,161.0,0,0.0,1.0,0.6972633465314709,High Risk,1,Churned
446,1,135.18,1,135.18,0,0.0,1.0,0.6975219166226335,High Risk,1,Churned
318,2,425.56,1,212.78,96,96.0,1.0,0.6212257626215628,High Risk,0,Occasional
5,9,2308.06,0,256.4511111111111,83,10.375,2.25,0.5497471660387193,Medium Risk,2,VIP Loyal
8,7,2035.33,0,290.76142857142855,616,102.66666666666667,1.0,0.06880420541263542,Low Risk,3,regular
303,2,631.17,1,315.58500000000004,324,324.0,1.0,0.4382433001917929,Medium Risk,0,Occasional
267,5,3365.86,1,673.1719999999999,269,67.25,1.25,0.34209081889749043,Medium Risk,3,regular
271,1,296.88,1,296.88,0,0.0,1.0,0.6959005411510778,High Risk,1,Churned
4,18,7591.75,0,421.7638888888889,693,40.76470588235294,1.8,0.030499986724711933,Low Risk,2,VIP Loyal
32,3,509.52,0,169.84,580,290.0,1.0,0.1390222475644991,Low Risk,0,Occasional
219,9,1792.26,1,199.14,505,63.125,1.5,0.10838603875565629,Low Risk,0,Occasional
247,2,766.42,1,383.21000000000004,364,364.0,1.0,0.40595586912796366,Medium Risk,3,regular
408,3,743.26,1,247.75333333333333,174,87.0,1.0,0.4992840475071164,Medium Risk,0,Occasional
465,1,161.35,1,161.35,0,0.0,1.0,0.6972598406556735,High Risk,1,Churned
281,17,8483.29,1,499.01705882352945,357,22.3125,1.5454545454545454,0.17466785341215468,Low Risk,2,VIP Loyal
269,1,138.28,1,138.28,0,0.0,1.0,0.6974908787962072,High Risk,1,Churned
32,8,1763.3,0,220.4125,453,64.71428571428571,1.0,0.14314346989429688,Low Risk,3,regular
246,2,306.55,1,153.275,49,49.0,1.0,0.6569010137238833,High Risk,0,Occasional
15,11,2815.25,0,255.9318181818182,556,55.6,1.2222222222222223,0.07753194459948959,Low Risk,2,VIP Loyal
117,4,799.9,0,199.975,138,46.0,1.0,0.5192096617643108,Medium Risk,0,Occasional
36,2,741.54,0,370.77,358,358.0,1.0,0.41077758660781466,Medium Risk,3,regular
132,10,5635.41,0,563.5409999999999,514,57.111111111111114,1.6666666666666667,0.10027301207748743,Low Risk,2,VIP Loyal
217,6,1209.2,1,201.53333333333333,394,78.8,1.2,0.20441734777780657,Low Risk,0,Occasional
637,1,213.01,1,213.01,0,0.0,1.0,0.6967421215990782,High Risk,1,Churned
50,8,1980.56,0,247.57,258,36.857142857142854,1.6,0.3258772020140742,Medium Risk,2,VIP Loyal
39,2,1079.6599999999999,0,539.83,61,61.0,1.0,0.6444223796172859,High Risk,3,regular
29,8,1080.05,0,135.00625,701,100.14285714285714,1.6,0.042634180038643804,Low Risk,0,Occasional
37,16,2855.17,0,178.448125,693,46.2,1.0,0.03157493061159522,Low Risk,2,VIP Loyal
436,3,724.73,1,241.57666666666668,248,124.0,1.5,0.4196135836682654,Medium Risk,0,Occasional
136,2,752.6,0,376.29999999999995,25,25.0,2.0,0.6768365662822525,High Risk,3,regular
219,2,610.59,1,305.295,27,27.0,1.0,0.6713949070867351,High Risk,0,Occasional
28,1,491.86,0,491.86,0,0.0,1.0,0.6939389752765789,High Risk,1,Churned
411,2,487.03000000000003,1,243.51500000000001,324,324.0,1.0,0.4389787405668311,Medium Risk,0,Occasional
509,4,6701.640000000001,1,1675.4100000000003,94,31.333333333333332,2.0,0.5672510860187717,Medium Risk,3,regular
25,13,9813.22,0,754.863076923077,701,58.416666666666664,1.1818181818181819,0.034160643332544156,Low Risk,2,VIP Loyal
5,7,2766.21,0,395.17285714285714,728,121.33333333333333,1.1666666666666667,0.03919485101542105,Low Risk,2,VIP Loyal
200,1,339.59999999999997,1,339.59999999999997,0,0.0,1.0,0.6954713688947048,High Risk,1,Churned
396,1,440.93,1,440.93,0,0.0,1.0,0.6944520309332346,High Risk,1,Churned
18,2,292.2,0,146.1,509,509.0,1.0,0.3013818880461377,Medium Risk,0,Occasional
241,5,1597.77,1,319.554,496,124.0,1.0,0.14034597470191307,Low Risk,3,regular
72,3,668.4300000000001,0,222.81000000000003,145,72.5,1.0,0.5320206070775488,Medium Risk,0,Occasional
17,12,3131.02,0,260.91833333333335,303,27.545454545454547,1.7142857142857142,0.24803431283904712,Low Risk,2,VIP Loyal
3,7,1341.6,0,191.65714285714284,256,42.666666666666664,1.1666666666666667,0.33545156330487735,Medium Risk,2,VIP Loyal
95,2,1156.36,0,578.18,197,197.0,1.0,0.5380117019555013,Medium Risk,3,regular
162,2,777.36,0,388.68,383,383.0,1.0,0.39114506480201133,Medium Risk,3,regular
414,1,176.69,1,176.69,0,0.0,1.0,0.6971061605640458,High Risk,1,Churned
374,2,249.39999999999998,1,124.69999999999999,51,51.0,1.0,0.6557063169714141,High Risk,0,Occasional
96,9,2268.35,0,252.0388888888889,642,91.71428571428571,1.3333333333333333,0.055938867575822046,Low Risk,3,regular
54,11,3602.1800000000003,0,327.4709090909091,563,56.3,1.1,0.07470999352236668,Low Risk,2,VIP Loyal
288,1,296.25,1,296.25,0,0.0,1.0,0.6959068676879685,High Risk,1,Churned
124,7,1590.73,0,227.24714285714285,403,67.16666666666667,1.1666666666666667,0.18743366854319402,Low Risk,0,Occasional
288,4,2094.57,1,523.6425,449,149.66666666666666,1.0,0.1886220472023764,Low Risk,3,regular
152,3,447.05,0,149.01666666666668,285,142.5,1.0,0.37804315114201686,Medium Risk,0,Occasional
4,9,2161.35,0,240.14999999999998,59,7.375,3.0,0.5856129732764948,Medium Risk,2,VIP Loyal
2,23,9207.5,0,400.32608695652175,722,32.81818181818182,1.3529411764705883,0.022301079391476842,Low Risk,2,VIP Loyal
675,1,195.55,1,195.55,0,0.0,1.0,0.696917155754536,High Risk,1,Churned
12,15,9416.98,0,627.7986666666667,727,51.92857142857143,1.3636363636363635,0.027820709506969837,Low Risk,2,VIP Loyal
33,2,659.4100000000001,0,329.70500000000004,37,37.0,1.0,0.6639810783534879,High Risk,0,Occasional
54,5,1363.6399999999999,0,272.72799999999995,539,134.75,1.0,0.11595314583824019,Low Risk,3,regular
50,6,1952.17,0,325.3616666666667,606,121.2,1.2,0.07782768725936644,Low Risk,3,regular
219,5,2472.48,1,494.496,479,119.75,1.25,0.15132713549960564,Low Risk,3,regular
63,3,5217.4400000000005,0,1739.1466666666668,371,185.5,1.0,0.2808139699053305,Low Risk,3,regular
71,6,2953.26,0,492.21000000000004,571,114.2,1.2,0.09181348755193003,Low Risk,3,regular
653,1,352.821,1,352.821,0,0.0,1.0,0.6953384795508654,High Risk,1,Churned
495,1,190.35,1,190.35,0,0.0,1.0,0.6969692740215251,High Risk,1,Churned
2,73,35540.53,0,486.85657534246576,736,10.366197183098592,3.130434782608696,0.00611633543661465,Low Risk,2,VIP Loyal
727,2,875.97,1,437.985,4,4.0,2.0,0.6909920983194582,High Risk,1,Churned
2,20,5800.42,0,290.021,721,37.94736842105263,1.25,0.02420093567887992,Low Risk,2,VIP Loyal
422,4,785.37,1,196.3425,308,102.66666666666667,1.0,0.3192215393559826,Medium Risk,0,Occasional
64,9,5728.82,0,636.5355555555556,588,73.5,1.5,0.07191338744812441,Low Risk,2,VIP Loyal
34,8,3114.22,0,389.2775,620,88.57142857142857,1.1428571428571428,0.06377611039926132,Low Risk,3,regular
397,2,301.54,1,150.77,263,263.0,1.0,0.4890502686226073,Medium Risk,0,Occasional
82,1,345.0,0,345.0,0,0.0,1.0,0.6954170953590504,High Risk,1,Churned
591,1,1049.66,1,1049.66,0,0.0,1.0,0.6882885294219303,High Risk,1,Churned
428,2,623.98,1,311.99,0,0.0,2.0,0.694860981964258,High Risk,1,Churned
1,61,56478.42,0,925.8757377049182,737,12.491525423728813,2.5,0.009243824964348975,Low Risk,2,VIP Loyal
103,4,1124.49,0,281.1225,462,154.0,1.0,0.1801021858884316,Low Risk,0,Occasional
516,1,161.13,1,161.13,0,0.0,1.0,0.6972620443517136,High Risk,1,Churned
7,3,735.82,0,245.27333333333334,399,199.5,1.0,0.26634568423856114,Low Risk,3,regular
251,3,778.83,1,259.61,470,235.0,1.0,0.20872806992819265,Low Risk,0,Occasional
13,13,1793.72,0,137.97846153846154,720,60.0,1.0833333333333333,0.030343371960935884,Low Risk,2,VIP Loyal
488,4,1542.09,1,385.5225,185,61.666666666666664,1.0,0.46027097692882696,Medium Risk,3,regular
10,14,2910.23,0,207.87357142857144,440,33.84615384615385,1.2727272727272727,0.1253810695231896,Low Risk,2,VIP Loyal
429,4,542.49,1,135.6225,31,10.333333333333334,2.0,0.6513873441216108,High Risk,0,Occasional
367,6,3358.94,1,559.8233333333333,368,73.6,1.2,0.22637919707917126,Low Risk,3,regular
76,6,1222.5,0,203.75,619,123.8,1.0,0.07293176306418726,Low Risk,0,Occasional
505,1,3.75,1,3.75,0,0.0,1.0,0.6988361588346201,High Risk,1,Churned
388,1,239.45999999999998,1,239.45999999999998,0,0.0,1.0,0.6964768551934407,High Risk,1,Churned
4,1,348.8,0,348.8,0,0.0,1.0,0.6953788996124584,High Risk,1,Churned
128,2,1516.0,0,758.0,40,40.0,1.0,0.6578247478315048,High Risk,3,regular
66,3,383.95,0,127.98333333333335,356,178.0,1.0,0.30661860016062636,Medium Risk,0,Occasional
647,1,96.0,1,96.0,0,0.0,1.0,0.6979140391879882,High Risk,1,Churned
547,1,126.03,1,126.03,0,0.0,1.0,0.6976135177524031,High Risk,1,Churned
388,4,836.3,1,209.075,249,83.0,1.0,0.3850511513860861,Medium Risk,3,regular
499,1,289.7,1,289.7,0,0.0,1.0,0.6959726391967095,High Risk,1,Churned
437,3,1179.45,1,393.15000000000003,210,105.0,1.0,0.4576789280295773,Medium Risk,3,regular
1,110,75836.87,0,689.4260909090908,729,6.75,4.36,0.002982251158706007,Low Risk,2,VIP Loyal
117,9,2803.57,0,311.5077777777778,527,65.875,1.125,0.09668065763120778,Low Risk,3,regular
310,3,1679.56,1,559.8533333333334,427,213.5,1.0,0.24046418876086495,Low Risk,3,regular
67,1,324.8,0,324.8,0,0.0,1.0,0.6956200907123351,High Risk,1,Churned
139,19,26259.11,0,1382.0584210526315,523,29.055555555555557,1.4615384615384615,0.07685294259935954,Low Risk,2,VIP Loyal
255,3,1338.91,1,446.3033333333333,363,181.5,1.0,0.2976128615567373,Low Risk,3,regular
31,9,3208.52,0,356.5022222222222,406,50.75,1.8,0.1731596375564817,Low Risk,2,VIP Loyal
52,2,924.6,0,462.3,76,76.0,1.0,0.6339544633990762,High Risk,3,regular
64,1,256.38,0,256.38,0,0.0,1.0,0.6963070962860356,High Risk,1,Churned
367,3,534.8,1,178.26666666666665,368,184.0,1.0,0.2949113334828936,Low Risk,0,Occasional
6,5,1747.66,0,349.53200000000004,91,22.75,1.6666666666666667,0.5678621997881933,Medium Risk,3,regular
305,3,679.7,1,226.5666666666667,155,77.5,1.0,0.5207918053778313,Medium Risk,0,Occasional
29,3,1499.01,0,499.67,27,13.5,1.5,0.6590353488885594,High Risk,3,regular
184,3,814.5,1,271.5,55,27.5,1.5,0.6321231508840982,High Risk,0,Occasional
42,3,539.0,0,179.66666666666666,63,31.5,1.5,0.6244928043425755,High Risk,0,Occasional
40,8,2765.47,0,345.68375000000003,694,99.14285714285714,1.1428571428571428,0.04374365968415873,Low Risk,3,regular
92,3,2257.32,0,752.44,434,217.0,1.0,0.2335457750153579,Low Risk,3,regular
22,8,7475.74,0,934.4675,643,91.85714285714286,1.1428571428571428,0.05661244073507576,Low Risk,3,regular
24,2,571.6700000000001,0,285.83500000000004,40,40.0,1.0,0.6622156041612435,High Risk,0,Occasional
29,2,382.98,0,191.49,322,322.0,1.0,0.44110685527696203,Medium Risk,0,Occasional
430,1,61.28,1,61.28,0,0.0,1.0,0.6982612839646721,High Risk,1,Churned
302,6,2642.35,1,440.39166666666665,436,87.2,1.5,0.17124420257431197,Low Risk,3,regular
418,3,660.65,1,220.2166666666667,262,131.0,1.0,0.40201098141943115,Medium Risk,0,Occasional
145,6,1410.73,0,235.12166666666667,559,111.8,1.5,0.0981500623902421,Low Risk,0,Occasional
6,2,632.0,0,316.0,34,34.0,1.0,0.6662727441971592,High Risk,3,regular
19,7,3403.4500000000003,0,486.20714285714286,705,117.5,1.0,0.043883850734757875,Low Risk,3,regular
33,12,3314.76,0,276.23,604,54.90909090909091,1.0,0.05820649025044964,Low Risk,2,VIP Loyal
622,2,255.59,1,127.79500000000002,108,108.0,1.0,0.6128700839479377,High Risk,0,Occasional
176,1,189.5,0,189.5,0,0.0,1.0,0.6969777928719217,High Risk,1,Churned
58,3,412.05,0,137.35,85,42.5,1.5,0.6014140187305591,High Risk,0,Occasional
22,1,209.49,0,209.49,0,0.0,1.0,0.6967774137206681,High Risk,1,Churned
421,1,102.0,1,102.0,0,0.0,1.0,0.6978540084869851,High Risk,1,Churned
582,1,156.85000000000002,1,156.85000000000002,0,0.0,1.0,0.6973049144505183,High Risk,1,Churned
16,18,7023.58,0,390.19888888888886,713,41.94117647058823,1.5,0.027145024145871034,Low Risk,2,VIP Loyal
19,2,613.6899999999999,0,306.845,403,403.0,1.0,0.3766208245554017,Medium Risk,3,regular
159,2,701.36,0,350.68,244,244.0,1.0,0.5023687125315913,Medium Risk,0,Occasional
577,2,324.19,1,162.095,92,92.0,1.0,0.6247633263850736,High Risk,0,Occasional
25,7,1095.27,0,156.46714285714285,620,103.33333333333333,1.1666666666666667,0.06777157237513878,Low Risk,0,Occasional
399,2,620.37,1,310.185,15,15.0,1.0,0.679871587285671,High Risk,0,Occasional
212,2,271.24,1,135.62,105,105.0,1.0,0.6150971480370111,High Risk,0,Occasional
6,10,1966.09,0,196.60899999999998,573,63.666666666666664,2.0,0.0750273129668779,Low Risk,2,VIP Loyal
486,1,139.95000000000002,1,139.95000000000002,0,0.0,1.0,0.6974741576712715,High Risk,1,Churned
416,1,651.4,1,651.4,0,0.0,1.0,0.6923286998799926,High Risk,1,Churned
253,1,85.0,1,85.0,0,0.0,1.0,0.6980240779018522,High Risk,1,Churned
59,18,5629.91,0,312.7727777777778,602,35.411764705882355,1.2,0.04886198764325081,Low Risk,2,VIP Loyal
381,1,319.75,1,319.75,0,0.0,1.0,0.6956708276598096,High Risk,1,Churned
11,1,361.62,0,361.62,0,0.0,1.0,0.6952500193704657,High Risk,1,Churned
65,1,312.98,0,312.98,0,0.0,1.0,0.6957388378453863,High Risk,1,Churned
25,4,1307.79,0,326.9475,375,125.0,1.0,0.2516144342178876,Low Risk,3,regular
720,1,310.72,1,310.72,0,0.0,1.0,0.6957615394892686,High Risk,1,Churned
92,8,3335.0,0,416.875,637,91.0,1.0,0.05834909411273782,Low Risk,3,regular
52,5,3469.3,0,693.8599999999999,572,143.0,1.0,0.09885418798717568,Low Risk,3,regular
129,1,1595.48,0,1595.48,0,0.0,1.0,0.6827046407957563,High Risk,1,Churned
96,8,4606.46,0,575.8075,584,83.42857142857143,1.3333333333333333,0.07659043702709449,Low Risk,3,regular
611,1,187.35000000000002,1,187.35000000000002,0,0.0,1.0,0.6969993399481003,High Risk,1,Churned
57,1,1090.14,0,1090.14,0,0.0,1.0,0.6878762553626261,High Risk,1,Churned
9,39,12253.96,0,314.2041025641025,691,18.18421052631579,1.8571428571428572,0.017253455466515525,Low Risk,2,VIP Loyal
501,4,1310.3400000000001,1,327.58500000000004,230,76.66666666666667,1.3333333333333333,0.40822140248676636,Medium Risk,0,Occasional
169,11,1142.03,0,103.82090909090908,450,45.0,1.375,0.1309091166401545,Low Risk,0,Occasional
393,6,1001.01,1,166.835,177,35.4,1.2,0.44499073000844436,Medium Risk,0,Occasional
57,1,216.17,0,216.17,0,0.0,1.0,0.6967104369230591,High Risk,1,Churned
326,2,515.86,1,257.93,203,203.0,1.0,0.5364778305624163,Medium Risk,0,Occasional
1,5,1245.9,0,249.18,85,28.333333333333332,1.0,0.5768227623225891,Medium Risk,3,regular
429,2,273.26,1,136.63,101,101.0,1.0,0.618151252268024,High Risk,0,Occasional
18,9,2556.09,0,284.01,371,46.375,1.0,0.19934135953191878,Low Risk,2,VIP Loyal
248,4,1239.55,1,309.8875,345,115.0,1.0,0.280439440029287,Low Risk,3,regular
387,1,662.4000000000001,1,662.4000000000001,0,0.0,1.0,0.6922175008966155,High Risk,1,Churned
58,4,501.56,0,125.39,231,77.0,1.0,0.4067639451425861,Medium Risk,0,Occasional
74,1,145.67000000000002,0,145.67000000000002,0,0.0,1.0,0.6974168813492015,High Risk,1,Churned
31,3,1015.29,0,338.43,186,93.0,1.0,0.4850124191479673,Medium Risk,3,regular
7,2,3192.54,0,1596.27,31,31.0,1.0,0.6565681749900462,High Risk,3,regular
123,10,8111.57,0,811.157,567,63.0,1.0,0.0761192187974748,Low Risk,3,regular
2,15,5712.08,0,380.80533333333335,667,47.642857142857146,1.25,0.03799894625217363,Low Risk,2,VIP Loyal
23,17,7885.85,0,463.8735294117647,696,46.4,1.1428571428571428,0.03078910038021256,Low Risk,2,VIP Loyal
527,3,919.57,1,306.5233333333333,198,99.0,1.0,0.4718474751697919,Medium Risk,0,Occasional
120,8,1038.92,0,129.865,526,75.14285714285714,1.1428571428571428,0.10165620846813432,Low Risk,0,Occasional
358,7,2049.15,1,292.7357142857143,314,52.333333333333336,1.1666666666666667,0.2701983269918312,Low Risk,3,regular
54,14,4814.37,0,343.88357142857143,668,51.38461538461539,1.0769230769230769,0.03887933066479407,Low Risk,2,VIP Loyal
64,1,122.7,0,122.7,0,0.0,1.0,0.6976468506561846,High Risk,1,Churned
86,3,449.68,0,149.89333333333335,603,301.5,1.0,0.12719174846026457,Low Risk,0,Occasional
55,4,2473.06,0,618.265,549,183.0,1.0,0.12427470331650153,Low Risk,3,regular
646,1,395.5,1,395.5,0,0.0,1.0,0.6949092743085182,High Risk,1,Churned
21,17,4391.66,0,258.33294117647057,540,33.75,1.2142857142857142,0.06954078772843009,Low Risk,2,VIP Loyal
4,43,45179.1,0,1050.6767441860466,641,15.261904761904763,2.15,0.023962118712494943,Low Risk,2,VIP Loyal
3,5,1191.13,0,238.22600000000003,61,15.25,1.6666666666666667,0.6056895584854006,High Risk,3,regular
11,15,6560.02,0,437.3346666666667,720,51.42857142857143,1.3636363636363635,0.028698078635633464,Low Risk,2,VIP Loyal
7,10,1888.48,0,188.848,462,51.333333333333336,2.0,0.12948810475133668,Low Risk,2,VIP Loyal
189,2,506.8,1,253.39999999999998,11,11.0,1.0,0.6831955155495165,High Risk,0,Occasional
71,1,243.56,0,243.56,0,0.0,1.0,0.6964357246756824,High Risk,1,Churned
204,1,349.55,1,349.55,0,0.0,1.0,0.6953713606602262,High Risk,1,Churned
120,7,2169.05,0,309.86428571428576,455,91.0,1.2,0.15368903175057605,Low Risk,3,regular
93,6,1991.23,0,331.87166666666667,593,118.6,1.0,0.08253007758106846,Low Risk,3,regular
1,14,2927.38,0,209.09857142857143,732,56.30769230769231,1.5555555555555556,0.027739677106102582,Low Risk,2,VIP Loyal
378,3,863.5600000000001,1,287.8533333333333,203,101.5,1.0,0.4664199683928612,Medium Risk,0,Occasional
27,6,1267.6499999999999,0,211.27499999999998,549,109.8,1.2,0.10233990085299138,Low Risk,3,regular
298,1,821.1,1,821.1,0,0.0,1.0,0.6906107235285582,High Risk,1,Churned
24,3,564.62,0,188.20666666666668,286,143.0,1.5,0.3791575611496796,Medium Risk,0,Occasional
28,6,4008.52,0,668.0866666666667,708,141.6,1.0,0.04666088495954921,Low Risk,3,regular
626,1,388.55,1,388.55,0,0.0,1.0,0.6949791907338588,High Risk,1,Churned
50,3,1160.72,0,386.9066666666667,627,313.5,1.0,0.1148427778042934,Low Risk,3,regular
326,2,686.4,1,343.20000000000005,85,85.0,1.0,0.6283144444645417,High Risk,3,regular
16,2,388.52,0,194.26,258,258.0,1.0,0.4926488343973226,Medium Risk,0,Occasional
183,6,1610.59,1,268.4316666666667,441,88.2,1.0,0.16649619506027397,Low Risk,3,regular
72,15,5676.34,0,378.42266666666666,631,45.07142857142857,1.25,0.04603267823726964,Low Risk,2,VIP Loyal
632,5,34095.26,1,6819.051999999999,92,23.0,1.25,0.5269008035239574,Medium Risk,3,regular
400,1,165.45000000000002,1,165.45000000000002,0,0.0,1.0,0.6972187701142554,High Risk,1,Churned
37,2,332.64,0,166.32,257,257.0,1.0,0.4937481836683701,Medium Risk,0,Occasional
733,1,312.65,1,312.65,0,0.0,1.0,0.695742152746619,High Risk,1,Churned
409,1,42.0,1,42.0,0,0.0,1.0,0.6984540109145648,High Risk,1,Churned
692,1,136.8,1,136.8,0,0.0,1.0,0.6975056970802596,High Risk,1,Churned
80,4,2369.55,0,592.3875,196,65.33333333333333,1.0,0.445387590997447,Medium Risk,3,regular
423,2,286.6,1,143.29999999999998,98,98.0,1.0,0.6203780273712027,High Risk,0,Occasional
57,20,4234.99,0,211.74949999999998,590,31.05263157894737,1.6666666666666667,0.04934405203325062,Low Risk,2,VIP Loyal
424,1,124.95,1,124.95,0,0.0,1.0,0.6976243286520132,High Risk,1,Churned
507,1,42.22,1,42.22,0,0.0,1.0,0.698451812142707,High Risk,1,Churned
12,2,626.45,0,313.225,24,24.0,2.0,0.6781157441155621,High Risk,0,Occasional
394,1,70.80000000000001,1,70.80000000000001,0,0.0,1.0,0.6981660942426773,High Risk,1,Churned
464,4,1275.81,1,318.9525,211,70.33333333333333,1.3333333333333333,0.4309883851835914,Medium Risk,3,regular
50,2,272.04,0,136.01999999999998,141,141.0,1.0,0.5871320371744015,Medium Risk,0,Occasional
50,2,1212.8400000000001,0,606.42,203,203.0,1.0,0.5328846129031758,Medium Risk,3,regular
59,4,1360.68,0,340.17,481,160.33333333333334,1.0,0.16649952220928102,Low Risk,3,regular
432,4,1774.68,1,443.67,130,43.333333333333336,1.0,0.5272153905556879,Medium Risk,3,regular
402,4,730.7,1,182.675,319,106.33333333333333,1.0,0.30769110811587597,Medium Risk,0,Occasional
352,3,865.2,1,288.40000000000003,115,57.5,1.0,0.5647992337263698,Medium Risk,0,Occasional
54,1,351.13,0,351.13,0,0.0,1.0,0.695355478257783,High Risk,1,Churned
2,6,1838.8500000000001,0,306.47499999999997,70,14.0,1.5,0.5851216497027805,Medium Risk,2,VIP Loyal
93,4,678.25,0,169.5625,42,21.0,1.0,0.6379400382919114,High Risk,0,Occasional
23,1,223.85000000000002,0,223.85000000000002,0,0.0,1.0,0.6966334233363918,High Risk,1,Churned
75,2,708.26,0,354.13,362,362.0,1.0,0.4078106647768234,Medium Risk,3,regular
11,4,464.57,0,116.14250000000001,122,40.666666666666664,1.3333333333333333,0.541143334898026,Medium Risk,0,Occasional
169,11,3494.1,0,317.6454545454545,525,52.5,1.2222222222222223,0.09068120382893538,Low Risk,2,VIP Loyal
58,2,337.34,0,168.67,78,78.0,1.0,0.6352734519640347,High Risk,0,Occasional
96,11,5257.38,0,477.94363636363636,640,64.0,1.5714285714285714,0.05081436614164194,Low Risk,2,VIP Loyal
295,1,307.4,1,307.4,0,0.0,1.0,0.6957948870781699,High Risk,1,Churned
109,2,608.7900000000001,0,304.395,39,39.0,1.0,0.6627681376307822,High Risk,0,Occasional
264,1,922.1,1,922.1,0,0.0,1.0,0.6895857296635417,High Risk,1,Churned
597,3,6116.92,1,2038.9733333333334,55,27.5,1.0,0.6149324128884627,High Risk,3,regular
180,3,939.66,0,313.21999999999997,234,117.0,1.0,0.4317680131856243,Medium Risk,3,regular
169,2,880.13,0,440.065,233,233.0,1.0,0.510351982062065,Medium Risk,3,regular
35,1,71.66,0,71.66,0,0.0,1.0,0.69815749433165,High Risk,1,Churned
23,7,1560.96,0,222.99428571428572,589,98.16666666666667,1.1666666666666667,0.07891900403248459,Low Risk,3,regular
17,4,839.14,0,209.785,126,42.0,1.0,0.5338188077177504,Medium Risk,0,Occasional
22,15,11122.300000000001,0,741.4866666666666,701,50.07142857142857,1.25,0.03206611286054502,Low Risk,2,VIP Loyal
535,1,320.0,1,320.0,0,0.0,1.0,0.6956683160416701,High Risk,1,Churned
578,1,246.54,1,246.54,0,0.0,1.0,0.6964058278385087,High Risk,1,Churned
653,1,200.43,1,200.43,0,0.0,1.0,0.6968682401583023,High Risk,1,Churned
395,2,854.15,1,427.075,85,85.0,1.0,0.6275023095517376,High Risk,3,regular
79,6,1876.23,0,312.705,656,131.2,1.0,0.06074915829054826,Low Risk,3,regular
65,1,90.6,0,90.6,0,0.0,1.0,0.6979680610347968,High Risk,1,Churned
361,4,548.76,1,137.19,374,124.66666666666667,1.0,0.25359506916979513,Low Risk,0,Occasional
3,6,2427.32,0,404.55333333333334,91,18.2,1.5,0.5577558165357502,Medium Risk,2,VIP Loyal
11,4,745.06,0,186.265,235,78.33333333333333,1.3333333333333333,0.4033071141321811,Medium Risk,0,Occasional
176,3,674.45,0,224.8166666666667,118,59.0,1.0,0.562039374443561,Medium Risk,0,Occasional
218,14,12823.521,1,915.9657857142856,505,38.84615384615385,1.4,0.09290223338064194,Low Risk,2,VIP Loyal
7,12,6640.68,0,553.39,721,65.54545454545455,1.0,0.031560402764734895,Low Risk,2,VIP Loyal
2,2,439.92,0,219.95999999999998,69,69.0,1.0,0.6415147684711918,High Risk,0,Occasional
154,3,545.17,0,181.72333333333333,220,110.0,1.0,0.4484071457270403,Medium Risk,0,Occasional
5,5,1026.42,0,205.28400000000002,266,66.5,1.0,0.3468315512474421,Medium Risk,0,Occasional
418,3,458.25,1,152.75,240,120.0,1.0,0.4265597602330645,Medium Risk,0,Occasional
380,8,4709.2300000000005,1,588.65375,354,50.57142857142857,1.6,0.2234593508792107,Low Risk,3,regular
79,6,1076.18,0,179.36333333333334,431,86.2,1.0,0.17412036234982634,Low Risk,0,Occasional
21,2,230.22,0,115.11,50,50.0,1.0,0.6565270903251994,High Risk,0,Occasional
392,1,538.4,1,538.4,0,0.0,1.0,0.6934697225767941,High Risk,1,Churned
22,3,362.8,0,120.93333333333334,413,206.5,1.0,0.2550778831629711,Low Risk,0,Occasional
308,17,3011.87,1,177.16882352941175,288,18.0,1.5454545454545454,0.23447872796854644,Low Risk,2,VIP Loyal
387,2,438.9,1,219.45,43,43.0,1.0,0.660654817527454,High Risk,0,Occasional
477,3,996.61,1,332.2033333333333,226,113.0,1.0,0.44043760834112233,Medium Risk,0,Occasional
435,1,390.86,1,390.86,0,0.0,1.0,0.6949559533223439,High Risk,1,Churned
146,2,166.3,0,83.15,250,250.0,1.0,0.5002800823643357,Medium Risk,0,Occasional
423,1,123.66,1,123.66,0,0.0,1.0,0.6976372413839944,High Risk,1,Churned
7,35,13365.87,0,381.88199999999995,617,18.147058823529413,1.75,0.02909769569936832,Low Risk,2,VIP Loyal
386,2,846.55,1,423.275,51,51.0,1.0,0.6529075066119926,High Risk,3,regular
19,14,4667.57,0,333.3978571428571,664,51.07692307692308,1.0769230769230769,0.03970505209721815,Low Risk,2,VIP Loyal
71,2,190.25,0,95.125,131,131.0,1.0,0.5953723366236414,Medium Risk,0,Occasional
287,1,264.7,1,264.7,0,0.0,1.0,0.6962236018252942,High Risk,1,Churned
49,2,677.72,0,338.86,532,532.0,1.0,0.28429788136022144,Low Risk,3,regular
31,12,5358.84,0,446.57,644,58.54545454545455,1.2,0.04756460324905661,Low Risk,2,VIP Loyal
207,4,1192.36,1,298.09000000000003,461,153.66666666666666,1.0,0.18075410650172016,Low Risk,0,Occasional
411,1,519.8100000000001,1,519.8100000000001,0,0.0,1.0,0.6936572096573724,High Risk,1,Churned
15,2,196.79000000000002,0,98.39500000000001,30,30.0,1.0,0.6711419402772533,High Risk,0,Occasional
73,7,3416.23,0,488.03285714285715,663,110.5,1.4,0.05472157153916024,Low Risk,3,regular
60,5,799.92,0,159.98399999999998,595,148.75,1.0,0.08987215301506202,Low Risk,0,Occasional
416,1,331.14,1,331.14,0,0.0,1.0,0.6955563865026645,High Risk,1,Churned
39,9,4445.59,0,493.95444444444445,649,81.125,1.0,0.052176526860356516,Low Risk,3,regular
30,21,7108.45,0,338.497619047619,700,35.0,1.2352941176470589,0.026441981326504542,Low Risk,2,VIP Loyal
27,12,2048.6,0,170.71666666666667,706,64.18181818181819,1.2,0.0340933924551905,Low Risk,2,VIP Loyal
4,22,10020.86,0,455.49363636363637,664,31.61904761904762,1.5714285714285714,0.03177838258555194,Low Risk,2,VIP Loyal
17,1,320.46,0,320.46,0,0.0,1.0,0.6956636946338274,High Risk,1,Churned
380,2,682.54,1,341.27,21,21.0,2.0,0.6799810231637212,High Risk,0,Occasional
20,8,4757.8,0,594.7249999999999,605,86.42857142857143,1.0,0.06850715628816575,Low Risk,3,regular
66,5,2026.06,0,405.212,497,124.25,1.0,0.1394889460893546,Low Risk,3,regular
213,1,311.3,1,311.3,0,0.0,1.0,0.6957557134945898,High Risk,1,Churned
12,6,855.97,0,142.66166666666666,131,26.2,1.5,0.5067400603102045,Medium Risk,0,Occasional
30,3,219.5,0,73.16666666666667,432,216.0,1.0,0.23951386404762443,Low Risk,0,Occasional
43,19,6775.71,0,356.6163157894737,693,38.5,1.1875,0.02912942117192298,Low Risk,2,VIP Loyal
4,6,2313.14,0,385.5233333333333,144,28.8,1.2,0.48705991602538823,Medium Risk,3,regular
15,14,3902.01,0,278.715,706,54.30769230769231,1.0769230769230769,0.031660681764305636,Low Risk,2,VIP Loyal
386,2,895.76,1,447.88,13,13.0,2.0,0.684642258073529,High Risk,3,regular
519,3,382.31,1,127.43666666666667,31,15.5,1.5,0.6579616260089581,High Risk,0,Occasional
447,3,566.7,1,188.9,129,64.5,1.0,0.5501594375627646,Medium Risk,0,Occasional
10,29,9502.26,0,327.6641379310345,724,25.857142857142858,1.380952380952381,0.01857839826718699,Low Risk,2,VIP Loyal
211,5,2046.3400000000001,1,409.26800000000003,526,131.5,1.0,0.12260293614920677,Low Risk,3,regular
46,9,4530.09,0,503.34333333333336,447,55.875,1.2857142857142858,0.14223951261820186,Low Risk,2,VIP Loyal
134,2,529.73,0,264.865,22,22.0,2.0,0.6799649508189523,High Risk,3,regular
733,1,209.41,1,209.41,0,0.0,1.0,0.6967782157873794,High Risk,1,Churned
43,11,6258.45,0,568.9499999999999,392,39.2,1.5714285714285714,0.17301862052178507,Low Risk,2,VIP Loyal
10,5,2874.72,0,574.9440000000001,206,51.5,1.0,0.41710417604623606,Medium Risk,3,regular
116,7,2196.67,0,313.81,536,89.33333333333333,1.0,0.10160765874361383,Low Risk,3,regular
513,1,79.48,1,79.48,0,0.0,1.0,0.6980792887584967,High Risk,1,Churned
432,1,509.04,1,509.04,0,0.0,1.0,0.6937657998237313,High Risk,1,Churned
198,3,1099.91,1,366.6366666666667,264,132.0,1.5,0.4011570235268102,Medium Risk,3,regular
565,2,445.15,1,222.575,0,0.0,2.0,0.6956461121609717,High Risk,1,Churned
480,2,457.82,1,228.91,127,127.0,1.0,0.5971577950396505,Medium Risk,0,Occasional
278,1,328.8,1,328.8,0,0.0,1.0,0.6955798996548319,High Risk,1,Churned
110,5,1084.57,0,216.914,513,128.25,1.0,0.13044913619931342,Low Risk,0,Occasional
77,3,1948.21,0,649.4033333333333,499,249.5,1.0,0.18593263098194082,Low Risk,3,regular
53,1,917.34,0,917.34,0,0.0,1.0,0.6896340782203169,High Risk,1,Churned
162,11,11403.41,0,1036.6736363636364,538,53.8,1.0,0.08530498526381798,Low Risk,3,regular
571,1,229.75,1,229.75,0,0.0,1.0,0.6965742517553247,High Risk,1,Churned
645,1,367.15000000000003,1,367.15000000000003,0,0.0,1.0,0.6951944164894395,High Risk,1,Churned
47,3,1421.61,0,473.86999999999995,91,45.5,1.0,0.5894940848377508,Medium Risk,3,regular
17,4,1249.01,0,312.2525,512,170.66666666666666,1.0,0.1465445489489078,Low Risk,3,regular
155,7,1716.58,0,245.2257142857143,437,72.83333333333333,1.0,0.1608985810098398,Low Risk,3,regular
225,2,792.15,1,396.07500000000005,261,261.0,1.0,0.48812936391063305,Medium Risk,3,regular
7,2,584.07,0,292.03499999999997,242,242.0,1.0,0.5045963544962148,Medium Risk,3,regular
122,3,645.74,0,215.24666666666667,269,134.5,1.5,0.39705834928307876,Medium Risk,0,Occasional
465,8,4057.9,1,507.2375,119,17.0,2.0,0.5071548768935104,Medium Risk,3,regular
471,2,713.11,1,356.555,154,154.0,1.0,0.5746523460707286,Medium Risk,3,regular
61,1,104.82,0,104.82,0,0.0,1.0,0.6978257917208885,High Risk,1,Churned
550,3,10396.5,1,3465.5,0,0.0,3.0,0.6697416699718042,High Risk,3,regular
63,2,467.66,0,233.82999999999998,80,80.0,1.0,0.6331435704980273,High Risk,0,Occasional
18,20,8262.29,0,413.11449999999996,710,37.36842105263158,1.6666666666666667,0.02613256518307013,Low Risk,2,VIP Loyal
7,44,40999.17,0,931.7993181818182,729,16.953488372093023,1.9130434782608696,0.013937228929576172,Low Risk,2,VIP Loyal
2,16,4850.2699999999995,0,303.141875,723,48.2,1.3333333333333333,0.027168528488651922,Low Risk,2,VIP Loyal
555,1,109.44,1,109.44,0,0.0,1.0,0.6977795610243529,High Risk,1,Churned
22,3,651.8199999999999,0,217.2733333333333,135,67.5,1.5,0.5458657575010515,Medium Risk,0,Occasional
29,9,2856.72,0,317.4133333333333,583,72.875,1.0,0.07301076154280978,Low Risk,2,VIP Loyal
285,1,626.65,1,626.65,0,0.0,1.0,0.6925788159544105,High Risk,1,Churned
176,6,836.95,0,139.49166666666667,556,111.2,1.0,0.09875110796992963,Low Risk,0,Occasional
78,5,3069.88,0,613.976,595,148.75,1.0,0.08900654924266042,Low Risk,3,regular
33,2,267.28000000000003,0,133.64,542,542.0,1.0,0.279460440865993,Low Risk,0,Occasional
41,35,12645.57,0,361.30199999999996,698,20.529411764705884,1.75,0.018525484181010087,Low Risk,2,VIP Loyal
266,1,141.41,1,141.41,0,0.0,1.0,0.6974595387739899,High Risk,1,Churned
725,1,431.98,1,431.98,0,0.0,1.0,0.6945421411501482,High Risk,1,Churned
491,2,304.25,1,152.125,238,238.0,1.0,0.5092852831230786,Medium Risk,0,Occasional
27,10,3123.1,0,312.31,657,73.0,1.1111111111111112,0.04792673126314767,Low Risk,2,VIP Loyal
109,16,11313.029999999999,0,707.0643749999999,591,39.4,1.6,0.056287027145356,Low Risk,2,VIP Loyal
284,1,154.99,1,154.99,0,0.0,1.0,0.6973235438430742,High Risk,1,Churned
9,14,4255.03,0,303.93071428571426,668,55.666666666666664,1.1818181818181819,0.039319362613851834,Low Risk,2,VIP Loyal
305,3,748.69,1,249.56333333333336,77,38.5,1.5,0.6090479438058762,High Risk,0,Occasional
17,13,13239.03,0,1018.386923076923,600,50.0,1.3,0.058742073808153175,Low Risk,2,VIP Loyal
32,2,746.36,0,373.18,74,74.0,1.0,0.6363121663500839,High Risk,3,regular
1,37,22434.0,0,606.3243243243244,735,20.416666666666668,1.7619047619047619,0.014902028784145071,Low Risk,2,VIP Loyal
20,2,480.81,0,240.405,371,371.0,1.0,0.4019196288677592,Medium Risk,0,Occasional
124,4,572.3,0,143.075,362,120.66666666666667,1.0,0.2648699651007456,Low Risk,0,Occasional
65,1,92.46,0,92.46,0,0.0,1.0,0.6979494541285088,High Risk,1,Churned
106,3,1520.96,0,506.9866666666667,616,308.0,1.0,0.1195124363429668,Low Risk,3,regular
1,23,8214.65,0,357.1586956521739,282,12.818181818181818,2.090909090909091,0.21546940302131543,Low Risk,2,VIP Loyal
24,22,8408.84,0,382.22,712,33.904761904761905,1.375,0.02420962126151498,Low Risk,2,VIP Loyal
463,2,469.19,1,234.59500000000003,67,67.0,1.0,0.6428645263905465,High Risk,0,Occasional
267,1,183.6,1,183.6,0,0.0,1.0,0.6970369199848929,High Risk,1,Churned
5,30,9519.08,0,317.30266666666665,634,21.862068965517242,1.5789473684210527,0.02980882744558022,Low Risk,2,VIP Loyal
507,3,917.4300000000001,1,305.81,230,115.0,1.5,0.4388579104396874,Medium Risk,0,Occasional
10,24,25604.2,0,1066.8416666666667,719,31.26086956521739,1.5,0.023465056664460183,Low Risk,2,VIP Loyal
438,9,22710.2,1,2523.355555555556,293,36.625,3.0,0.28433041076103355,Low Risk,2,VIP Loyal
29,15,3332.42,0,222.16133333333335,657,46.92857142857143,1.25,0.039862198729855455,Low Risk,2,VIP Loyal
389,3,891.02,1,297.00666666666666,42,21.0,1.5,0.6453850980742727,High Risk,0,Occasional
267,1,152.55,1,152.55,0,0.0,1.0,0.6973479814170774,High Risk,1,Churned
64,2,374.7,0,187.35,32,32.0,1.0,0.6688940526634274,High Risk,0,Occasional
320,4,1528.3700000000001,1,382.0925,357,119.0,1.0,0.2682927918826793,Low Risk,3,regular
515,2,230.06,1,115.03,46,46.0,1.0,0.6594446172380363,High Risk,0,Occasional
685,1,326.55,1,326.55,0,0.0,1.0,0.6956025074918966,High Risk,1,Churned
4,8,1438.82,0,179.8525,261,37.285714285714285,2.0,0.3242765923927512,Medium Risk,2,VIP Loyal
667,1,390.85,1,390.85,0,0.0,1.0,0.6949560539193395,High Risk,1,Churned
32,1,151.04,0,151.04,0,0.0,1.0,0.6973631041104372,High Risk,1,Churned
623,1,219.39999999999998,1,219.39999999999998,0,0.0,1.0,0.6966780484394675,High Risk,1,Churned
5,6,1734.87,0,289.145,536,107.2,1.0,0.10822941002629521,Low Risk,3,regular
129,1,122.47,0,122.47,0,0.0,1.0,0.6976491528519521,High Risk,1,Churned
41,6,615.0799999999999,0,102.51333333333332,354,70.8,1.0,0.24016411625005013,Low Risk,0,Occasional
102,9,1692.6299999999999,0,188.07000000000002,519,64.875,1.0,0.10029393618708217,Low Risk,0,Occasional
125,2,618.73,0,309.365,557,557.0,1.0,0.26834677024083664,Low Risk,0,Occasional
33,5,1115.68,0,223.13600000000002,704,176.0,1.25,0.053705237501068676,Low Risk,0,Occasional
302,10,5370.1,1,537.01,426,47.333333333333336,1.4285714285714286,0.1520489418303238,Low Risk,3,regular
365,2,413.36,1,206.68,27,27.0,1.0,0.6722959390796918,High Risk,0,Occasional
4,11,1407.26,0,127.93272727272728,717,71.7,1.375,0.033605938516458184,Low Risk,2,VIP Loyal
512,1,150.5,1,150.5,0,0.0,1.0,0.6973685121221139,High Risk,1,Churned
2,33,10104.97,0,306.2112121212121,729,22.78125,1.8333333333333333,0.016330998476306997,Low Risk,2,VIP Loyal
463,1,39.95,1,39.95,0,0.0,1.0,0.6984744990325171,High Risk,1,Churned
3,3,846.22,0,282.0733333333333,732,366.0,1.0,0.07515746884760527,Low Risk,3,regular
10,16,64036.8,0,4002.3,410,27.333333333333332,2.2857142857142856,0.16042972507680553,Low Risk,2,VIP Loyal
57,1,161.0,0,161.0,0,0.0,1.0,0.6972633465314709,High Risk,1,Churned
325,1,76.32000000000001,1,76.32000000000001,0,0.0,1.0,0.698110892395056,High Risk,1,Churned
654,2,9530.08,1,4765.04,44,44.0,1.0,0.616469845732619,High Risk,3,regular
8,24,7229.45,0,301.2270833333334,715,31.08695652173913,1.2,0.022273284893497874,Low Risk,2,VIP Loyal
12,1,442.85,0,442.85,0,0.0,1.0,0.6944326980871364,High Risk,1,Churned
440,1,335.22,1,335.22,0,0.0,1.0,0.6955153867692396,High Risk,1,Churned
723,1,2.95,1,2.95,0,0.0,1.0,0.6988441485281646,High Risk,1,Churned
4,17,65164.79,0,3833.2229411764706,97,6.0625,3.4,0.5252460913124419,Medium Risk,2,VIP Loyal
481,2,422.85999999999996,1,211.43,164,164.0,1.0,0.5681899028629981,Medium Risk,0,Occasional
37,1,147.35,0,147.35,0,0.0,1.0,0.6974000577666258,High Risk,1,Churned
16,20,5765.71,0,288.2855,713,37.526315789473685,1.1764705882352942,0.02524242657419249,Low Risk,2,VIP Loyal
138,1,194.9,0,194.9,0,0.0,1.0,0.6969236708149281,High Risk,1,Churned
74,13,9961.93,0,766.3023076923077,547,45.583333333333336,1.0833333333333333,0.07644762012445366,Low Risk,2,VIP Loyal
5,5,1360.28,0,272.056,39,9.75,1.6666666666666667,0.632043979899316,High Risk,3,regular
665,1,0.0,1,0.0,0,0.0,1.0,0.6988736094806053,High Risk,1,Churned
155,5,771.5799999999999,0,154.316,405,101.25,1.0,0.20702242154875722,Low Risk,0,Occasional
239,5,5988.83,1,1197.766,482,120.5,1.0,0.14662111236647576,Low Risk,3,regular
737,1,214.79999999999998,1,214.79999999999998,0,0.0,1.0,0.696724173863407,High Risk,1,Churned
52,11,4877.3,0,443.39090909090913,678,67.8,1.0,0.0411436243582729,Low Risk,2,VIP Loyal
31,4,1044.96,0,261.24,707,235.66666666666666,1.3333333333333333,0.062361486479573645,Low Risk,3,regular
73,1,144.2,0,144.2,0,0.0,1.0,0.6974316015495664,High Risk,1,Churned
4,33,12987.95,0,393.57424242424247,735,23.70967741935484,1.7777777777777777,0.01600255990265505,Low Risk,2,VIP Loyal
14,4,692.85,0,173.2125,227,75.66666666666667,1.0,0.4111689761561898,Medium Risk,0,Occasional
23,13,5834.59,0,448.8146153846154,631,52.583333333333336,1.4444444444444444,0.04942670248845185,Low Risk,2,VIP Loyal
4,16,7092.610000000001,0,443.28812500000004,728,48.53333333333333,1.4545454545454546,0.02666262954448013,Low Risk,2,VIP Loyal
274,7,1364.09,1,194.86999999999998,332,55.333333333333336,1.0,0.25126331269097174,Low Risk,0,Occasional
502,2,622.6700000000001,1,311.33500000000004,165,165.0,1.0,0.5663781564168089,Medium Risk,3,regular
20,5,1382.74,0,276.548,101,25.25,1.25,0.5535026176286314,Medium Risk,3,regular
144,1,90.0,0,90.0,0,0.0,1.0,0.6979740631239258,High Risk,1,Churned
429,1,458.45,1,458.45,0,0.0,1.0,0.6942755933245328,High Risk,1,Churned
376,2,183.37,1,91.685,342,342.0,1.0,0.42620764118840593,Medium Risk,0,Occasional
4,4,2780.15,0,695.0375,56,18.666666666666668,1.3333333333333333,0.6158173242269089,High Risk,3,regular
406,3,362.42,1,120.80666666666667,331,165.5,1.5,0.33340366026924373,Medium Risk,0,Occasional
733,1,436.18,1,436.18,0,0.0,1.0,0.6944998566452186,High Risk,1,Churned
84,1,419.58000000000004,0,419.58000000000004,0,0.0,1.0,0.694666961984954,High Risk,1,Churned
11,3,2740.43,0,913.4766666666666,67,33.5,1.5,0.6141279771201336,High Risk,3,regular
8,4,1172.46,0,293.115,436,145.33333333333334,1.3333333333333333,0.20079606406321338,Low Risk,3,regular
123,6,1900.0800000000002,0,316.68,302,60.4,1.2,0.29344531054012224,Low Risk,3,regular
61,3,924.21,0,308.07,490,245.0,1.0,0.19401248601361246,Low Risk,3,regular
2,9,2591.34,0,287.9266666666667,577,82.42857142857143,1.0,0.07705805343875159,Low Risk,2,VIP Loyal
319,4,1882.67,1,470.6675,408,136.0,1.0,0.22162733490441736,Low Risk,3,regular
649,1,187.87,1,187.87,0,0.0,1.0,0.6969941286416392,High Risk,1,Churned
2,11,3586.0299999999997,0,326.00272727272727,181,18.1,1.5714285714285714,0.39921176019261967,Medium Risk,2,VIP Loyal
130,4,911.14,0,227.785,603,201.0,1.3333333333333333,0.09983892221780379,Low Risk,0,Occasional
383,15,11123.35,1,741.5566666666667,347,24.785714285714285,1.6666666666666667,0.193219386905196,Low Risk,2,VIP Loyal
2,24,9643.92,0,401.83,736,32.0,1.6,0.020183372816202066,Low Risk,2,VIP Loyal
401,5,1570.81,1,314.16200000000003,331,82.75,1.0,0.2752585418906061,Low Risk,3,regular
696,1,332.7,1,332.7,0,0.0,1.0,0.6955407105005578,High Risk,1,Churned
2,2,982.3800000000001,0,491.19000000000005,62,62.0,1.0,0.6441417410060802,High Risk,3,regular
46,4,1086.8,0,271.7,496,165.33333333333334,1.0,0.1567984111400777,Low Risk,3,regular
4,2,935.05,0,467.525,27,27.0,1.0,0.6699098873941588,High Risk,3,regular
3,4,915.13,0,228.78250000000003,102,34.0,1.0,0.5628438059045061,Medium Risk,0,Occasional
373,2,983.15,1,491.57500000000005,273,273.0,1.0,0.4774321304699353,Medium Risk,3,regular
134,1,115.8,0,115.8,0,0.0,1.0,0.6977159122082719,High Risk,1,Churned
486,1,30.599999999999998,1,30.599999999999998,0,0.0,1.0,0.6985679348051247,High Risk,1,Churned
47,7,7600.05,0,1085.7214285714285,564,94.0,1.1666666666666667,0.08835926400578331,Low Risk,3,regular
9,12,9450.3,0,787.525,686,62.36363636363637,1.3333333333333333,0.038444452363155995,Low Risk,2,VIP Loyal
78,9,2590.2,0,287.8,562,80.28571428571429,1.3333333333333333,0.08354211380340032,Low Risk,3,regular
234,2,466.29,1,233.145,180,180.0,1.0,0.5552052866675509,Medium Risk,0,Occasional
221,1,446.62,1,446.62,0,0.0,1.0,0.6943947352454056,High Risk,1,Churned
36,2,658.64,0,329.32000000000005,324,324.0,1.0,0.4381031716701523,Medium Risk,3,regular
673,2,679.45,1,339.725,43,43.0,1.0,0.6595364403739823,High Risk,0,Occasional
75,7,1997.3400000000001,0,285.3342857142857,583,116.6,1.0,0.08464722264625922,Low Risk,3,regular
483,1,233.4,1,233.4,0,0.0,1.0,0.6965376423464685,High Risk,1,Churned
239,8,6460.7,1,807.5875,456,65.14285714285714,1.6,0.14233919580248286,Low Risk,3,regular
266,1,118.75,1,118.75,0,0.0,1.0,0.6976863869865807,High Risk,1,Churned
10,156,313946.37,0,2012.4767307692307,728,4.7272727272727275,6.458333333333333,0.003462785197369925,Low Risk,2,VIP Loyal
20,5,1002.78,0,200.556,626,156.5,1.0,0.0776472211324015,Low Risk,0,Occasional
40,1,507.66,0,507.66,0,0.0,1.0,0.6937797123299275,High Risk,1,Churned
20,20,7938.01,0,396.9005,717,37.73684210526316,1.4285714285714286,0.025001492135983502,Low Risk,2,VIP Loyal
610,7,8421.47,1,1203.067142857143,88,14.666666666666666,1.75,0.552750700310065,Medium Risk,3,regular
216,7,3318.88,1,474.1257142857143,510,85.0,1.0,0.1147747220117572,Low Risk,3,regular
174,2,289.36,0,144.68,118,118.0,1.0,0.6049873798950186,High Risk,0,Occasional
87,5,2594.62,0,518.924,374,93.5,1.0,0.23274088796880776,Low Risk,3,regular
71,2,1631.77,0,815.885,10,10.0,2.0,0.6834470137293887,High Risk,3,regular
276,1,122.53999999999999,1,122.53999999999999,0,0.0,1.0,0.6976484521847265,High Risk,1,Churned
505,2,256.85,1,128.425,121,121.0,1.0,0.602823249724906,High Risk,0,Occasional
39,8,1296.49,0,162.06125,641,91.57142857142857,1.0,0.05725089917842052,Low Risk,0,Occasional
421,2,370.45,1,185.225,143,143.0,1.0,0.5850652490134798,Medium Risk,0,Occasional
431,2,624.4300000000001,1,312.21500000000003,13,13.0,1.0,0.6812621501083721,High Risk,0,Occasional
375,3,597.33,1,199.11,19,9.5,3.0,0.6764325277353671,High Risk,0,Occasional
98,2,498.79,0,249.395,632,632.0,1.0,0.22381627387624448,Low Risk,0,Occasional
605,3,402.72,1,134.24,37,18.5,1.5,0.6518172690106029,High Risk,0,Occasional
11,6,586.0,0,97.66666666666667,719,143.8,1.2,0.04476432191518537,Low Risk,0,Occasional
33,1,134.46,0,134.46,0,0.0,1.0,0.6975291251500295,High Risk,1,Churned
60,8,7678.88,0,959.86,568,81.14285714285714,1.0,0.08221721063445402,Low Risk,3,regular
297,5,916.01,1,183.202,83,20.75,1.25,0.576668420758588,Medium Risk,0,Occasional
86,13,2229.34,0,171.48769230769233,565,47.083333333333336,1.8571428571428572,0.06981963136398206,Low Risk,2,VIP Loyal
9,7,1620.93,0,231.5614285714286,173,28.833333333333332,1.1666666666666667,0.43976120467218494,Medium Risk,3,regular
41,2,719.78,0,359.89000000000004,11,11.0,2.0,0.6868246846173991,High Risk,0,Occasional
11,33,6319.25,0,191.49242424242425,537,16.78125,1.9411764705882353,0.04630164862809223,Low Risk,2,VIP Loyal
411,2,310.55,1,155.275,151,151.0,1.0,0.5790612480991653,Medium Risk,0,Occasional
444,4,678.77,1,169.6925,152,50.666666666666664,1.0,0.5022643661893529,Medium Risk,0,Occasional
411,2,286.29,1,143.145,69,69.0,1.0,0.6422465435205369,High Risk,0,Occasional
67,1,452.89,0,452.89,0,0.0,1.0,0.6943315922579298,High Risk,1,Churned
331,1,197.65,1,197.65,0,0.0,1.0,0.6968961065570042,High Risk,1,Churned
427,5,1550.63,1,310.12600000000003,217,54.25,1.0,0.4049813236168989,Medium Risk,3,regular
474,1,123.5,1,123.5,0,0.0,1.0,0.6976388429413758,High Risk,1,Churned
31,6,2054.36,0,342.3933333333334,279,55.8,1.0,0.3180273868457323,Medium Risk,3,regular
2,16,5814.39,0,363.399375,386,25.733333333333334,1.2307692307692308,0.15459281714888287,Low Risk,2,VIP Loyal
666,1,79.9,1,79.9,0,0.0,1.0,0.6980750881338011,High Risk,1,Churned
2,15,4817.66,0,321.1773333333333,726,51.857142857142854,1.5,0.02774529519928539,Low Risk,2,VIP Loyal
388,1,293.74,1,293.74,0,0.0,1.0,0.6959320726785271,High Risk,1,Churned
68,3,1210.19,0,403.3966666666667,328,164.0,1.0,0.3318150732936354,Medium Risk,3,regular
5,36,18670.59,0,518.6275,697,21.12121212121212,1.7894736842105263,0.01868181405687001,Low Risk,2,VIP Loyal
202,6,2615.6,1,435.93333333333334,432,86.4,1.2,0.17333666860994748,Low Risk,3,regular
107,1,335.52,0,335.52,0,0.0,1.0,0.6955123719604412,High Risk,1,Churned
411,1,390.05,1,390.05,0,0.0,1.0,0.6949641016186804,High Risk,1,Churned
18,9,1569.73,0,174.41444444444446,685,85.625,1.0,0.04330654087895034,Low Risk,0,Occasional
218,4,1091.7,1,272.92499999999995,312,104.0,1.0,0.31448451862309207,Medium Risk,0,Occasional
617,1,379.2,1,379.2,0,0.0,1.0,0.6950732367757125,High Risk,1,Churned
60,10,1193.54,0,119.354,528,58.666666666666664,1.0,0.0921391503689775,Low Risk,0,Occasional
381,3,847.76,1,282.58666666666664,243,121.5,1.0,0.42214488457942323,Medium Risk,0,Occasional
397,1,339.34,1,339.34,0,0.0,1.0,0.6954739819277614,High Risk,1,Churned
2,4,1062.96,0,265.74,735,245.0,1.0,0.05442104137495002,Low Risk,3,regular
17,9,2414.2,0,268.2444444444444,625,78.125,1.125,0.05914881698401114,Low Risk,2,VIP Loyal
239,3,1185.01,1,395.0033333333333,163,81.5,1.5,0.5129810349812896,Medium Risk,3,regular
688,1,157.8,1,157.8,0,0.0,1.0,0.6972953991878512,High Risk,1,Churned
95,2,567.05,0,283.525,456,456.0,1.0,0.33744847935884065,Medium Risk,3,regular
11,15,4993.27,0,332.8846666666667,675,48.214285714285715,1.0714285714285714,0.0362109570220128,Low Risk,2,VIP Loyal
106,16,5861.52,0,366.345,597,39.8,1.1428571428571428,0.05329913997148242,Low Risk,2,VIP Loyal
53,18,4402.29,0,244.57166666666666,677,39.8235294117647,1.6363636363636365,0.03284010986532483,Low Risk,2,VIP Loyal
90,2,2190.14,0,1095.07,356,356.0,1.0,0.4050930374757976,Medium Risk,3,regular
405,1,1192.2,1,1192.2,0,0.0,1.0,0.6868354910255747,High Risk,1,Churned
31,5,1004.38,0,200.876,246,61.5,1.0,0.370384723539437,Medium Risk,0,Occasional
12,9,3416.33,0,379.59222222222223,720,90.0,1.125,0.03617959111911683,Low Risk,2,VIP Loyal
3,5,2150.04,0,430.008,410,102.5,1.6666666666666667,0.20410242921318292,Low Risk,3,regular
2,23,3416.89,0,148.5604347826087,525,23.863636363636363,1.4375,0.06348203786981059,Low Risk,2,VIP Loyal
43,1,169.48000000000002,0,169.48000000000002,0,0.0,1.0,0.6971783977055465,High Risk,1,Churned
4,3,633.83,0,211.27666666666664,489,244.5,1.0,0.1952540453415631,Low Risk,0,Occasional
247,4,1515.0,1,378.75,321,107.0,1.3333333333333333,0.3058819344952645,Medium Risk,3,regular
42,17,6517.49,0,383.38176470588235,569,35.5625,1.3076923076923077,0.06021873064014716,Low Risk,2,VIP Loyal
177,1,683.17,0,683.17,0,0.0,1.0,0.6920074761543978,High Risk,1,Churned
92,3,991.13,0,330.37666666666667,171,85.5,1.0,0.5019203724308597,Medium Risk,3,regular
110,9,1897.9,0,210.8777777777778,433,54.125,1.125,0.15130482322236388,Low Risk,0,Occasional
435,4,2037.02,1,509.255,261,87.0,1.0,0.369144400225813,Medium Risk,3,regular
29,6,3002.53,0,500.4216666666667,412,82.4,1.2,0.18870348504531018,Low Risk,3,regular
26,15,6368.71,0,424.5806666666667,643,53.583333333333336,1.4444444444444444,0.0442321085724556,Low Risk,2,VIP Loyal
438,3,745.5,1,248.5,108,54.0,1.0,0.5728560485944292,Medium Risk,0,Occasional
52,7,2594.04,0,370.57714285714286,419,69.83333333333333,1.1666666666666667,0.17456676601098448,Low Risk,3,regular
436,3,979.8000000000001,1,326.59999999999997,112,56.0,1.5,0.5703792623658868,Medium Risk,0,Occasional
184,4,1235.6200000000001,1,308.905,267,89.0,1.0,0.3636767019254833,Medium Risk,3,regular
43,5,2048.07,0,409.61400000000003,221,55.25,1.0,0.39950063434182076,Medium Risk,3,regular
49,7,2904.27,0,414.8957142857143,594,99.0,1.0,0.07659936323693717,Low Risk,3,regular
22,4,775.46,0,193.86499999999998,35,11.666666666666666,2.0,0.6465247456341151,High Risk,0,Occasional
75,9,4717.99,0,524.2211111111112,544,68.0,1.2857142857142858,0.08920271792486426,Low Risk,3,regular
81,5,1744.64,0,348.928,424,106.0,1.0,0.1908133753516178,Low Risk,3,regular
373,2,632.14,1,316.07,217,217.0,1.0,0.5245795076415573,Medium Risk,0,Occasional
326,3,434.23,1,144.74333333333334,408,204.0,1.0,0.2592059800222908,Low Risk,0,Occasional
43,21,4263.17,0,203.00809523809525,691,34.55,1.3125,0.027553823999774088,Low Risk,2,VIP Loyal
30,3,1247.49,0,415.83,393,196.5,1.0,0.27045005350226137,Low Risk,3,regular
184,2,333.70000000000005,1,166.85000000000002,512,512.0,1.0,0.29915877645283545,Low Risk,0,Occasional
235,2,280.55,1,140.27499999999998,91,91.0,1.0,0.6257344543448152,High Risk,0,Occasional
9,17,7431.05,0,437.1205882352941,467,29.1875,1.3076923076923077,0.10198639663035568,Low Risk,2,VIP Loyal
661,1,366.41999999999996,1,366.41999999999996,0,0.0,1.0,0.6952017567983039,High Risk,1,Churned
220,2,1693.45,1,846.725,43,43.0,1.0,0.6548026479112528,High Risk,3,regular
111,3,1474.06,0,491.3533333333333,135,67.5,1.0,0.5408220410244848,Medium Risk,3,regular
278,5,772.66,1,154.53199999999998,273,68.25,1.0,0.33902958276013084,Medium Risk,0,Occasional
318,3,1032.95,1,344.31666666666666,197,98.5,1.0,0.4726330089177984,Medium Risk,3,regular
411,12,5625.461,1,468.7884166666667,268,24.363636363636363,1.7142857142857142,0.28654036952789547,Low Risk,2,VIP Loyal
7,3,1904.05,0,634.6833333333333,82,41.0,1.5,0.6004190506801922,High Risk,3,regular
2,5,2879.7000000000003,0,575.9399999999999,55,13.75,1.6666666666666667,0.6111194734313965,High Risk,2,VIP Loyal
381,1,350.99,1,350.99,0,0.0,1.0,0.6953568855780523,High Risk,1,Churned
493,2,363.40000000000003,1,181.70000000000002,129,129.0,1.0,0.5960690034961835,Medium Risk,0,Occasional
433,1,601.03,1,601.03,0,0.0,1.0,0.692837604836931,High Risk,1,Churned
546,1,1000.63,1,1000.63,0,0.0,1.0,0.688787482857953,High Risk,1,Churned
260,5,2473.9900000000002,1,494.79800000000006,434,108.5,1.25,0.18332157643288838,Low Risk,3,regular
64,9,5954.45,0,661.6055555555555,584,73.0,1.0,0.07265877398403037,Low Risk,3,regular
9,25,32051.34,0,1282.0536,726,30.25,1.3157894736842106,0.022418729421849613,Low Risk,2,VIP Loyal
142,1,120.0,0,120.0,0,0.0,1.0,0.6976738758064853,High Risk,1,Churned
471,3,824.28,1,274.76,77,38.5,1.5,0.608835344180196,High Risk,0,Occasional
51,2,1163.45,0,581.725,27,27.0,1.0,0.6688624859197231,High Risk,3,regular
8,8,2618.23,0,327.27875,232,33.142857142857146,1.1428571428571428,0.35502225613934196,Medium Risk,2,VIP Loyal
423,1,322.93,1,322.93,0,0.0,1.0,0.6956388790079497,High Risk,1,Churned
155,6,1517.3600000000001,0,252.89333333333335,456,91.2,1.0,0.1559053067513952,Low Risk,0,Occasional
109,4,1373.35,0,343.3375,502,167.33333333333334,1.0,0.15267149578914369,Low Risk,3,regular
428,1,40.56,1,40.56,0,0.0,1.0,0.6984684026508289,High Risk,1,Churned
163,3,1516.24,0,505.41333333333336,97,48.5,1.5,0.5852655779800781,Medium Risk,3,regular
471,1,354.85,1,354.85,0,0.0,1.0,0.6953180824097317,High Risk,1,Churned
439,1,295.73,1,295.73,0,0.0,1.0,0.6959120895356076,High Risk,1,Churned
332,1,492.65000000000003,1,492.65000000000003,0,0.0,1.0,0.6939310132288901,High Risk,1,Churned
226,2,219.13,1,109.565,183,183.0,1.0,0.5540691696265764,Medium Risk,0,Occasional
74,4,920.81,0,230.20250000000001,508,169.33333333333334,1.3333333333333333,0.1502245791394846,Low Risk,3,regular
51,4,559.97,0,139.9925,190,63.333333333333336,1.0,0.45597256455503515,Medium Risk,0,Occasional
686,1,256.6,1,256.6,0,0.0,1.0,0.6963048886663736,High Risk,1,Churned
396,6,1189.3799999999999,1,198.23,211,42.2,1.5,0.40291973721992314,Medium Risk,0,Occasional
99,7,2102.68,0,300.3828571428571,561,93.5,1.1666666666666667,0.09038733404011484,Low Risk,3,regular
15,9,17225.81,0,1913.9788888888886,710,88.75,1.2857142857142858,0.038281979294211864,Low Risk,3,regular
410,1,205.83,1,205.83,0,0.0,1.0,0.6968141070460014,High Risk,1,Churned
521,2,191.86,1,95.93,160,160.0,1.0,0.572538962087055,Medium Risk,0,Occasional
197,1,134.04,1,134.04,0,0.0,1.0,0.6975333300794113,High Risk,1,Churned
408,1,245.15,1,245.15,0,0.0,1.0,0.6964197732141939,High Risk,1,Churned
3,25,7849.66,0,313.9864,659,27.458333333333332,1.6666666666666667,0.029778670739896002,Low Risk,2,VIP Loyal
463,4,628.4399999999999,1,157.11,106,35.333333333333336,1.0,0.5585277046147198,Medium Risk,0,Occasional
31,3,1299.65,0,433.2166666666667,622,311.0,1.0,0.11697561763784502,Low Risk,3,regular
21,8,3284.42,0,410.5525,710,101.42857142857143,1.1428571428571428,0.04026490210439859,Low Risk,2,VIP Loyal
24,7,8479.76,0,1211.3942857142858,712,118.66666666666667,1.1666666666666667,0.04215518151500853,Low Risk,3,regular
8,3,176.63,0,58.876666666666665,190,95.0,1.5,0.48565133842743113,Medium Risk,0,Occasional
213,1,426.6,1,426.6,0,0.0,1.0,0.6945963007972829,High Risk,1,Churned
9,6,911.26,0,151.87666666666667,280,56.0,1.0,0.3176097949833408,Medium Risk,0,Occasional
11,8,4516.56,0,564.57,720,102.85714285714286,1.1428571428571428,0.038204488420518545,Low Risk,2,VIP Loyal
2,23,7904.1,0,343.6565217391304,728,34.666666666666664,1.6923076923076923,0.021710892277889703,Low Risk,2,VIP Loyal
8,16,9226.25,0,576.640625,623,41.53333333333333,1.4545454545454546,0.047137054122625005,Low Risk,2,VIP Loyal
3,9,3267.9300000000003,0,363.10333333333335,726,90.75,1.2857142857142858,0.03517600489030604,Low Risk,2,VIP Loyal
407,1,375.34,1,375.34,0,0.0,1.0,0.6951120574534903,High Risk,1,Churned
40,5,2362.91,0,472.582,691,172.75,1.25,0.05687345673824086,Low Risk,3,regular
421,2,456.40000000000003,1,228.2,152,152.0,1.0,0.5775340121086603,Medium Risk,0,Occasional
18,4,1305.33,0,326.3325,257,85.66666666666667,1.3333333333333333,0.3766485253534834,Medium Risk,3,regular
8,82,91194.49,0,1112.1279268292683,719,8.876543209876543,3.5652173913043477,0.007159266209829626,Low Risk,2,VIP Loyal
8,27,14499.49,0,537.0181481481482,729,28.03846153846154,1.588235294117647,0.019600330620480094,Low Risk,2,VIP Loyal
19,1,43.2,0,43.2,0,0.0,1.0,0.6984420175028387,High Risk,1,Churned
117,4,1992.18,0,498.045,549,183.0,1.0,0.12466016371552184,Low Risk,3,regular
431,3,742.9000000000001,1,247.63333333333335,306,153.0,1.0,0.3553356723859961,Medium Risk,0,Occasional
407,2,277.94,1,138.97,27,27.0,2.0,0.6775699727953396,High Risk,0,Occasional
223,3,1725.01,1,575.0033333333333,348,174.0,1.0,0.3109060349760456,Medium Risk,3,regular
71,3,1858.96,0,619.6533333333333,64,32.0,1.0,0.6172672037334989,High Risk,3,regular
51,6,3151.4,0,525.2333333333333,625,125.0,1.2,0.07074516378409075,Low Risk,3,regular
89,10,5071.03,0,507.10299999999995,643,71.44444444444444,1.1111111111111112,0.051603490336676355,Low Risk,3,regular
549,2,1147.02,1,573.51,0,0.0,2.0,0.6925581402107887,High Risk,1,Churned
8,11,3780.81,0,343.71,542,54.2,1.2222222222222223,0.08329697256500905,Low Risk,2,VIP Loyal
433,1,492.1,1,492.1,0,0.0,1.0,0.6939365564388913,High Risk,1,Churned
243,2,516.45,1,258.225,324,324.0,1.0,0.4388286100708673,Medium Risk,0,Occasional
47,11,3090.29,0,280.93545454545455,457,45.7,1.2222222222222223,0.12648646975899258,Low Risk,2,VIP Loyal
107,2,229.8,0,114.9,324,324.0,1.0,0.44029186017939154,Medium Risk,0,Occasional
45,8,3197.82,0,399.72749999999996,589,84.14285714285714,1.1428571428571428,0.07449420810585167,Low Risk,3,regular
422,5,1370.34,1,274.068,208,52.0,1.25,0.41761962786504125,Medium Risk,3,regular
65,1,508.58000000000004,0,508.58000000000004,0,0.0,1.0,0.6937704373650276,High Risk,1,Churned
460,1,158.02,1,158.02,0,0.0,1.0,0.6972931956292012,High Risk,1,Churned
424,1,494.85,1,494.85,0,0.0,1.0,0.6939088398277585,High Risk,1,Churned
207,5,1346.75,1,269.35,480,120.0,1.0,0.1506664832751819,Low Risk,3,regular
11,7,2218.06,0,316.86571428571426,462,77.0,1.0,0.14362631468233264,Low Risk,3,regular
429,4,474.1,1,118.525,230,76.66666666666667,1.3333333333333333,0.40970817714795593,Medium Risk,0,Occasional
115,2,605.0600000000001,0,302.53,123,123.0,1.0,0.5995394777307024,Medium Risk,0,Occasional
410,2,701.61,1,350.805,283,283.0,1.0,0.4708077527961149,Medium Risk,3,regular
570,1,245.48000000000002,1,245.48000000000002,0,0.0,1.0,0.6964164624742585,High Risk,1,Churned
242,3,940.98,1,313.66,290,145.0,1.0,0.3714150709451743,Medium Risk,3,regular
163,6,1894.93,0,315.82166666666666,536,107.2,1.0,0.10818461399707545,Low Risk,3,regular
438,1,445.05,1,445.05,0,0.0,1.0,0.6944105450255649,High Risk,1,Churned
17,15,9927.22,0,661.8146666666667,706,50.42857142857143,1.0714285714285714,0.031011529383699957,Low Risk,2,VIP Loyal
624,1,200.63,1,200.63,0,0.0,1.0,0.6968662353256029,High Risk,1,Churned
124,2,462.65999999999997,0,231.33,10,10.0,1.0,0.6840941236878814,High Risk,1,Churned
23,5,1943.51,0,388.70200000000006,393,98.25,1.0,0.2163509028220833,Low Risk,3,regular
68,1,415.2,0,415.2,0,0.0,1.0,0.6947110450921605,High Risk,1,Churned
17,12,4318.48,0,359.8733333333333,551,50.09090909090909,1.0,0.0765640442548846,Low Risk,2,VIP Loyal
16,2,468.26,0,234.13,80,80.0,1.0,0.6331406826793688,High Risk,0,Occasional
17,4,1614.91,0,403.7275,259,86.33333333333333,1.3333333333333333,0.37381357895817885,Medium Risk,3,regular
161,3,928.1,0,309.3666666666667,375,187.5,1.0,0.28746441587591837,Low Risk,3,regular
243,2,620.27,1,310.135,186,186.0,1.0,0.5496093886359502,Medium Risk,3,regular
219,1,134.7,1,134.7,0,0.0,1.0,0.6975267223183749,High Risk,1,Churned
45,18,4467.32,0,248.18444444444444,693,43.3125,1.5454545454545454,0.03024874905982976,Low Risk,2,VIP Loyal
21,6,918.44,0,153.07333333333335,451,90.2,1.2,0.16018860350851752,Low Risk,0,Occasional
421,4,1088.91,1,272.2275,268,89.33333333333333,1.0,0.3627911384182744,Medium Risk,0,Occasional
127,20,3333.7000000000003,0,166.685,498,26.210526315789473,1.6666666666666667,0.07978847237712727,Low Risk,2,VIP Loyal
39,1,108.97999999999999,0,108.97999999999999,0,0.0,1.0,0.6977841642604512,High Risk,1,Churned
121,5,2315.75,0,463.15,376,94.0,1.25,0.2320953317986978,Low Risk,3,regular
737,1,82.6,1,82.6,0,0.0,1.0,0.6980480833260039,High Risk,1,Churned
260,1,409.57,1,409.57,0,0.0,1.0,0.6947677037541571,High Risk,1,Churned
10,1,133.5,0,133.5,0,0.0,1.0,0.6975387363685382,High Risk,1,Churned
274,3,972.03,1,324.01,155,77.5,1.0,0.519930070990168,Medium Risk,3,regular
165,1,51.0,0,51.0,0,0.0,1.0,0.6983640537201069,High Risk,1,Churned
157,4,1078.96,0,269.74,116,38.666666666666664,1.3333333333333333,0.5473264603488514,Medium Risk,0,Occasional
215,3,376.5,1,125.5,216,108.0,1.5,0.45598023436995483,Medium Risk,0,Occasional
6,2,163.62,0,81.81,24,24.0,1.0,0.675569247309692,High Risk,0,Occasional
366,3,1014.45,1,338.15000000000003,261,130.5,1.0,0.40208605717084395,Medium Risk,3,regular
80,2,701.23,0,350.615,1,1.0,2.0,0.6938335751769119,High Risk,1,Churned
43,1,225.77,0,225.77,0,0.0,1.0,0.6966141682148435,High Risk,1,Churned
389,2,400.06,1,200.02999999999997,38,38.0,1.0,0.6644569846585984,High Risk,0,Occasional
19,3,912.18,0,304.06,68,34.0,1.0,0.6156637956039318,High Risk,0,Occasional
32,4,2128.23,0,532.0575,62,20.666666666666668,1.3333333333333333,0.6099686224612708,High Risk,3,regular
579,1,214.70999999999998,1,214.70999999999998,0,0.0,1.0,0.696725076277846,High Risk,1,Churned
22,1,161.2,0,161.2,0,0.0,1.0,0.6972613431766853,High Risk,1,Churned
402,2,227.47000000000003,1,113.735,49,49.0,1.0,0.6572702411033847,High Risk,0,Occasional
109,8,3717.35,0,464.66875,102,14.571428571428571,2.0,0.530059596516689,Medium Risk,2,VIP Loyal
395,2,634.68,1,317.34000000000003,287,287.0,1.0,0.46792504421708364,Medium Risk,3,regular
525,1,136.0,1,136.0,0,0.0,1.0,0.6975137067923735,High Risk,1,Churned
8,16,9261.52,0,578.845,267,17.8,1.7777777777777777,0.2660416813146936,Low Risk,2,VIP Loyal
320,1,155.0,1,155.0,0,0.0,1.0,0.6973234436867847,High Risk,1,Churned
642,2,469.13,1,234.565,19,19.0,1.0,0.677728944710091,High Risk,0,Occasional
451,6,1175.78,1,195.96333333333334,226,45.2,1.2,0.38266189245258725,Medium Risk,0,Occasional
295,1,100.5,1,100.5,0,0.0,1.0,0.6978690167963902,High Risk,1,Churned
443,2,860.08,1,430.04,156,156.0,1.0,0.5723222882857787,Medium Risk,3,regular
358,1,76.55,1,76.55,0,0.0,1.0,0.698108592193726,High Risk,1,Churned
541,1,108.0,1,108.0,0,0.0,1.0,0.6977939710222063,High Risk,1,Churned
185,3,1132.99,1,377.66333333333336,355,177.5,1.0,0.3056933157837141,Medium Risk,3,regular
683,1,215.46,1,215.46,0,0.0,1.0,0.6967175561111881,High Risk,1,Churned
191,2,617.05,1,308.525,70,70.0,1.0,0.6399239440252912,High Risk,0,Occasional
622,1,131.25,1,131.25,0,0.0,1.0,0.6975612619840987,High Risk,1,Churned
44,4,1268.91,0,317.22749999999996,436,145.33333333333334,1.0,0.1995493279935501,Low Risk,3,regular
682,1,48.96,1,48.96,0,0.0,1.0,0.6983844453536459,High Risk,1,Churned
52,2,631.34,0,315.66999999999996,399,399.0,1.0,0.3795825206685606,Medium Risk,3,regular
26,2,1246.8,0,623.4,363,363.0,1.0,0.4043378115838,Medium Risk,3,regular
38,3,1247.69,0,415.8966666666667,125,62.5,1.0,0.55261343369626,Medium Risk,3,regular
501,1,58.5,1,58.5,0,0.0,1.0,0.698289077747171,High Risk,1,Churned
9,3,202.11,0,67.36999999999999,14,7.0,3.0,0.6823402835476542,High Risk,0,Occasional
297,1,142.4,1,142.4,0,0.0,1.0,0.69744962573251,High Risk,1,Churned
33,3,1770.56,0,590.1866666666666,76,38.0,1.0,0.6047071525719045,High Risk,3,regular
10,16,6701.0,0,418.8125,678,45.2,1.0666666666666667,0.03462284761346615,Low Risk,2,VIP Loyal
65,5,1898.01,0,379.602,525,131.25,1.0,0.12322938806935926,Low Risk,3,regular
10,13,6399.83,0,492.2946153846154,414,34.5,1.625,0.14792528744154002,Low Risk,2,VIP Loyal
577,1,135.6,1,135.6,0,0.0,1.0,0.6975177116033875,High Risk,1,Churned
432,1,266.4,1,266.4,0,0.0,1.0,0.6962065400670766,High Risk,1,Churned
218,1,67.95,1,67.95,0,0.0,1.0,0.6981945929535328,High Risk,1,Churned
565,1,93.8,1,93.8,0,0.0,1.0,0.6979360487500662,High Risk,1,Churned
2,20,8208.01,0,410.4005,598,31.473684210526315,1.3333333333333333,0.04756005070376145,Low Risk,2,VIP Loyal
65,7,2121.93,0,303.1328571428572,672,112.0,1.1666666666666667,0.052153943895599846,Low Risk,3,regular
3,19,2612.96,0,137.52421052631578,210,11.666666666666666,2.375,0.3125019065181767,Medium Risk,2,VIP Loyal
401,2,707.79,1,353.895,126,126.0,1.0,0.5966911560571855,Medium Risk,0,Occasional
394,8,2113.16,1,264.145,280,40.0,1.0,0.29772075751932214,Low Risk,3,regular
149,3,1732.47,0,577.49,482,241.0,1.0,0.1981711308557748,Low Risk,3,regular
4,22,6795.9,0,308.9045454545454,721,34.333333333333336,1.4666666666666666,0.022956533516190272,Low Risk,2,VIP Loyal
652,1,285.6,1,285.6,0,0.0,1.0,0.6960138050716342,High Risk,1,Churned
130,6,1880.51,0,313.41833333333335,508,101.6,1.0,0.12318378384601758,Low Risk,3,regular
34,13,2899.11,0,223.00846153846155,685,57.083333333333336,1.0833333333333333,0.0366640787511723,Low Risk,2,VIP Loyal
387,1,195.0,1,195.0,0,0.0,1.0,0.6969226685030961,High Risk,1,Churned
119,1,156.75,0,156.75,0,0.0,1.0,0.6973059160472684,High Risk,1,Churned
107,6,2157.73,0,359.62166666666667,169,33.8,1.5,0.4561168553706718,Medium Risk,3,regular
11,11,4109.77,0,373.6154545454546,721,72.1,1.1,0.032813033249127224,Low Risk,2,VIP Loyal
71,9,3756.09,0,417.34333333333336,496,62.0,1.125,0.11241585793854794,Low Risk,3,regular
92,11,2651.14,0,241.0127272727273,344,34.4,1.375,0.21263576155688038,Low Risk,2,VIP Loyal
311,1,1063.0,1,1063.0,0,0.0,1.0,0.688152699292157,High Risk,1,Churned
43,3,1426.19,0,475.3966666666667,381,190.5,1.0,0.28078735595924664,Low Risk,3,regular
362,4,770.37,1,192.5925,326,108.66666666666667,1.3333333333333333,0.30184974695006667,Medium Risk,0,Occasional
92,8,2399.33,0,299.91625,283,40.42857142857143,1.6,0.2969674321022469,Low Risk,3,regular
1,23,12091.6,0,525.7217391304348,722,32.81818181818182,1.0952380952380953,0.022413831290128756,Low Risk,2,VIP Loyal
22,2,490.22,0,245.11,20,20.0,1.0,0.6769252492159618,High Risk,0,Occasional
388,1,604.2,1,604.2,0,0.0,1.0,0.692805591085103,High Risk,1,Churned
4,3,1937.25,0,645.75,104,52.0,1.0,0.573807210142318,Medium Risk,3,regular
11,7,1260.91,0,180.13000000000002,372,62.0,1.1666666666666667,0.21396836877532846,Low Risk,0,Occasional
99,4,1639.17,0,409.7925,592,197.33333333333334,1.0,0.10363598957565805,Low Risk,3,regular
57,6,2469.37,0,411.56166666666667,634,126.8,1.2,0.06783111198461528,Low Risk,3,regular
1,19,10271.52,0,540.6063157894737,721,40.05555555555556,1.1176470588235294,0.025243275329971282,Low Risk,2,VIP Loyal
218,3,916.6099999999999,1,305.53666666666663,476,238.0,1.0,0.20404818726482477,Low Risk,0,Occasional
18,1,322.08,0,322.08,0,0.0,1.0,0.6956474189266738,High Risk,1,Churned
435,3,661.39,1,220.46333333333334,302,151.0,1.5,0.36213170726872185,Medium Risk,0,Occasional
24,17,11727.94,0,689.8788235294118,621,38.8125,1.5454545454545454,0.046613923081442736,Low Risk,2,VIP Loyal
50,4,1263.52,0,315.88,581,193.66666666666666,1.3333333333333333,0.10971702567247253,Low Risk,3,regular
7,5,1244.83,0,248.96599999999998,317,79.25,1.0,0.2900894493087634,Low Risk,0,Occasional
404,1,516.28,1,516.28,0,0.0,1.0,0.6936928037889913,High Risk,1,Churned
512,3,1220.9,1,406.9666666666667,95,47.5,1.5,0.588289199014011,Medium Risk,3,regular
303,4,2614.2,1,653.55,384,128.0,1.0,0.2416232760922433,Low Risk,3,regular
10,6,2255.51,0,375.91833333333335,79,15.8,2.0,0.5759257503024219,Medium Risk,2,VIP Loyal
466,1,289.6,1,289.6,0,0.0,1.0,0.695973643279791,High Risk,1,Churned
22,6,1372.8,0,228.79999999999998,50,10.0,2.0,0.6131635755383413,High Risk,0,Occasional
502,1,90.42,1,90.42,0,0.0,1.0,0.6979698616686402,High Risk,1,Churned
99,2,271.70000000000005,0,135.85000000000002,454,454.0,1.0,0.34027144460417985,Medium Risk,0,Occasional
366,5,958.84,1,191.768,217,54.25,1.0,0.4056492272536739,Medium Risk,0,Occasional
306,1,131.9,1,131.9,0,0.0,1.0,0.6975547546816528,High Risk,1,Churned
320,5,9443.04,1,1888.6079999999997,367,91.75,1.25,0.23436184787293698,Low Risk,3,regular
8,13,6638.7300000000005,0,510.6715384615385,729,60.75,1.1818181818181819,0.02923048578751077,Low Risk,2,VIP Loyal
1,11,4611.6900000000005,0,419.2445454545454,689,68.9,1.1,0.038893393174200375,Low Risk,2,VIP Loyal
205,7,5367.0199999999995,1,766.7171428571428,485,80.83333333333333,1.1666666666666667,0.1290318050348622,Low Risk,3,regular
54,5,2386.47,0,477.294,325,81.25,1.0,0.28065283932525187,Low Risk,3,regular
456,1,132.04,1,132.04,0,0.0,1.0,0.6975533530984384,High Risk,1,Churned
456,1,221.65,1,221.65,0,0.0,1.0,0.6966554856483327,High Risk,1,Churned
1,5,1241.31,0,248.262,385,96.25,1.0,0.22394179325788452,Low Risk,3,regular
19,6,1711.73,0,285.28833333333336,381,76.2,1.2,0.21547547071831383,Low Risk,3,regular
9,2,375.35,0,187.675,354,354.0,1.0,0.41576025628262475,Medium Risk,0,Occasional
19,8,2482.8,0,310.34999999999997,417,59.57142857142857,1.1428571428571428,0.1689567486176723,Low Risk,3,regular
181,7,1128.44,1,161.2057142857143,429,71.5,1.4,0.16805022764854535,Low Risk,0,Occasional
60,12,3308.77,0,275.73083333333335,631,57.36363636363637,1.0909090909090908,0.05065412168222071,Low Risk,2,VIP Loyal
11,4,665.59,0,166.3975,510,170.0,1.0,0.14831772307083307,Low Risk,0,Occasional
190,1,119.93,1,119.93,0,0.0,1.0,0.6976745764403258,High Risk,1,Churned
376,5,977.3,1,195.45999999999998,357,89.25,1.0,0.2500493974320075,Low Risk,0,Occasional
432,4,628.21,1,157.0525,63,21.0,1.3333333333333333,0.6114249650121618,High Risk,0,Occasional
5,9,3062.4,0,340.26666666666665,137,17.125,1.8,0.47426853555143905,Medium Risk,2,VIP Loyal
311,1,113.64,1,113.64,0,0.0,1.0,0.6977375296392568,High Risk,1,Churned
381,1,237.42,1,237.42,0,0.0,1.0,0.6964973189625193,High Risk,1,Churned
155,2,5375.741,0,2687.8705,496,496.0,1.0,0.2882414205506521,Low Risk,3,regular
110,9,1093.5,0,121.5,613,76.625,1.125,0.06287469703481743,Low Risk,0,Occasional
148,13,6713.5,0,516.4230769230769,542,45.166666666666664,1.3,0.07831098315845027,Low Risk,2,VIP Loyal
66,12,2270.01,0,189.16750000000002,366,33.27272727272727,1.2,0.18712825203806532,Low Risk,2,VIP Loyal
98,4,786.5699999999999,0,196.64249999999998,401,133.66666666666666,1.0,0.22903101345671595,Low Risk,0,Occasional
568,2,111.0,1,55.5,59,59.0,1.0,0.6504831057314903,High Risk,0,Occasional
247,11,3946.03,1,358.73,454,45.4,1.2222222222222223,0.12842804010868356,Low Risk,3,regular
29,13,4646.9,0,357.45384615384614,696,58.0,1.0833333333333333,0.0346848088947243,Low Risk,2,VIP Loyal
18,12,2220.9900000000002,0,185.08249999999998,720,65.45454545454545,1.2,0.03164879435933285,Low Risk,2,VIP Loyal
734,1,204.24,1,204.24,0,0.0,1.0,0.6968300468074196,High Risk,1,Churned
416,4,2112.21,1,528.0525,263,87.66666666666667,1.0,0.36673304761650055,Medium Risk,3,regular
12,3,712.04,0,237.34666666666666,418,209.0,1.0,0.25006036085612293,Low Risk,0,Occasional
591,2,400.95,1,200.475,141,141.0,1.0,0.586484366820429,Medium Risk,0,Occasional
104,9,2228.22,0,247.57999999999998,585,73.125,1.125,0.07245451336448963,Low Risk,3,regular
74,2,234.34000000000003,0,117.17000000000002,208,208.0,1.0,0.5338986737272052,Medium Risk,0,Occasional
46,2,1278.08,0,639.04,533,533.0,1.0,0.2811181262835401,Low Risk,3,regular
72,4,1151.15,0,287.7875,337,112.33333333333333,1.0,0.28856373844554895,Low Risk,3,regular
257,1,215.7,1,215.7,0,0.0,1.0,0.6967151496356181,High Risk,1,Churned
20,7,1969.6,0,281.37142857142857,684,114.0,1.0,0.0489307838878605,Low Risk,3,regular
382,4,1276.66,1,319.16499999999996,356,118.66666666666667,1.0,0.2696218021493231,Low Risk,3,regular
254,4,1299.11,1,324.7775,479,159.66666666666666,1.0,0.16792945465703316,Low Risk,3,regular
11,4,1299.52,0,324.88,707,235.66666666666666,1.0,0.06184019878280496,Low Risk,3,regular
165,5,2311.4900000000002,0,462.29799999999994,512,128.0,1.0,0.1303778485279373,Low Risk,3,regular
18,12,4357.91,0,363.15916666666664,451,41.0,1.7142857142857142,0.1274915077165137,Low Risk,2,VIP Loyal
282,2,257.1,1,128.55,455,455.0,1.0,0.3396122645850993,Medium Risk,0,Occasional
50,4,1070.98,0,267.745,672,224.0,1.0,0.07270168243106097,Low Risk,3,regular
39,1,165.75,0,165.75,0,0.0,1.0,0.6972157648289316,High Risk,1,Churned
512,2,175.5,1,87.75,41,41.0,1.0,0.6633261822069154,High Risk,0,Occasional
27,7,1453.61,0,207.6585714285714,352,58.666666666666664,1.4,0.23325298732637365,Low Risk,0,Occasional
68,1,1064.28,0,1064.28,0,0.0,1.0,0.688139664414566,High Risk,1,Churned
207,4,1574.93,1,393.7325,405,135.0,1.0,0.22457161840482232,Low Risk,3,regular
406,2,1273.47,1,636.735,22,22.0,2.0,0.6766019854571506,High Risk,3,regular
175,2,468.13,0,234.065,197,197.0,1.0,0.5415543922754278,Medium Risk,0,Occasional
430,7,1921.91,1,274.55857142857144,188,31.333333333333332,1.75,0.4230887941754218,Medium Risk,0,Occasional
7,10,5130.15,0,513.015,634,70.44444444444444,1.1111111111111112,0.054065821150817435,Low Risk,2,VIP Loyal
26,3,401.46,0,133.82000000000002,705,352.5,1.0,0.08443734962756504,Low Risk,0,Occasional
51,3,174.8,0,58.26666666666667,609,304.5,1.0,0.12458396538965613,Low Risk,0,Occasional
312,7,2668.23,1,381.17571428571426,321,53.5,1.1666666666666667,0.26271645538585164,Low Risk,3,regular
309,2,697.0600000000001,1,348.53,364,364.0,1.0,0.4063025140650375,Medium Risk,0,Occasional
43,10,3911.27,0,391.127,507,56.333333333333336,1.0,0.10236222154151772,Low Risk,2,VIP Loyal
26,7,2138.9700000000003,0,305.56714285714287,443,73.83333333333333,1.1666666666666667,0.1570088432620547,Low Risk,3,regular
88,3,356.85,0,118.95,101,50.5,1.0,0.5816475490160102,Medium Risk,0,Occasional
184,2,251.21,1,125.605,136,136.0,1.0,0.5911581120885735,Medium Risk,0,Occasional
20,11,2470.67,0,224.60636363636365,293,29.3,1.5714285714285714,0.2640389090721588,Low Risk,2,VIP Loyal
3,6,3543.26,0,590.5433333333334,175,35.0,1.5,0.4473331010084369,Medium Risk,2,VIP Loyal
47,4,673.26,0,168.315,231,77.0,1.3333333333333333,0.40816782739457885,Medium Risk,0,Occasional
17,19,12001.84,0,631.6757894736842,713,39.611111111111114,1.4615384615384615,0.026701421397097188,Low Risk,2,VIP Loyal
17,7,3290.67,0,470.0957142857143,582,97.0,1.0,0.08119603718446579,Low Risk,3,regular
24,11,3284.43,0,298.5845454545455,705,70.5,1.1,0.035686250480226944,Low Risk,2,VIP Loyal
22,5,874.94,0,174.988,518,129.5,1.25,0.12827639556644913,Low Risk,0,Occasional
534,1,110.95,1,110.95,0,0.0,1.0,0.6977644501221305,High Risk,1,Churned
376,3,1007.28,1,335.76,60,30.0,1.5,0.626353392304774,High Risk,3,regular
11,5,1314.81,0,262.962,122,30.5,1.25,0.5269011938364498,Medium Risk,3,regular
188,7,1223.47,1,174.78142857142856,544,90.66666666666667,1.0,0.09792443487224382,Low Risk,0,Occasional
101,6,788.01,0,131.335,467,93.4,1.2,0.1492736928487603,Low Risk,0,Occasional
61,9,4598.9800000000005,0,510.99777777777774,665,83.125,1.0,0.04804460905713527,Low Risk,3,regular
18,12,3749.2599999999998,0,312.43833333333333,532,48.36363636363637,1.7142857142857142,0.08541706954388446,Low Risk,2,VIP Loyal
516,1,163.92,1,163.92,0,0.0,1.0,0.6972340968069091,High Risk,1,Churned
33,2,330.45,0,165.225,108,108.0,1.0,0.6125019799370599,High Risk,0,Occasional
64,1,174.37,0,174.37,0,0.0,1.0,0.6971294057561079,High Risk,1,Churned
684,2,206.09,1,103.04499999999999,45,45.0,1.0,0.6602833605119178,High Risk,0,Occasional
2,2,270.6,0,135.3,289,289.0,1.0,0.46818987326720407,Medium Risk,0,Occasional
491,1,199.45000000000002,1,199.45000000000002,0,0.0,1.0,0.6968780637302368,High Risk,1,Churned
24,8,1758.6200000000001,0,219.82750000000001,659,94.14285714285714,1.1428571428571428,0.05237389530985309,Low Risk,3,regular
108,1,241.09,0,241.09,0,0.0,1.0,0.696460503681202,High Risk,1,Churned
32,13,2933.71,0,225.67000000000002,385,32.083333333333336,1.8571428571428572,0.16908116535448367,Low Risk,2,VIP Loyal
20,17,8240.64,0,484.74352941176465,706,44.125,1.0625,0.028941282338246707,Low Risk,2,VIP Loyal
389,1,262.4,1,262.4,0,0.0,1.0,0.6962466845207741,High Risk,1,Churned
3,122,27792.3,0,227.80573770491802,735,6.074380165289257,4.88,0.0016116948223176292,Low Risk,2,VIP Loyal
37,1,364.21999999999997,0,364.21999999999997,0,0.0,1.0,0.6952238776766814,High Risk,1,Churned
60,3,620.04,0,206.67999999999998,50,25.0,1.0,0.6354039952489391,High Risk,0,Occasional
26,16,6197.4,0,387.3375,661,44.06666666666667,1.1428571428571428,0.037944101678905426,Low Risk,2,VIP Loyal
480,1,376.34,1,376.34,0,0.0,1.0,0.69510200054937,High Risk,1,Churned
236,11,3859.1800000000003,1,350.83454545454543,462,46.2,1.1,0.12329867943828265,Low Risk,2,VIP Loyal
25,11,3466.37,0,315.12454545454545,585,58.5,1.2222222222222223,0.06692785277754043,Low Risk,2,VIP Loyal
3,26,6271.11,0,241.19653846153844,631,25.24,1.5294117647058822,0.03342922656930331,Low Risk,2,VIP Loyal
60,9,6030.7300000000005,0,670.0811111111111,593,74.125,1.0,0.06943487662118869,Low Risk,3,regular
260,1,171.8,1,171.8,0,0.0,1.0,0.6971551546401397,High Risk,1,Churned
58,2,641.4,0,320.70000000000005,565,565.0,1.0,0.26319680525958505,Low Risk,0,Occasional
65,5,1370.8400000000001,0,274.168,618,154.5,1.25,0.08089585851927263,Low Risk,0,Occasional
16,2,537.48,0,268.74,28,28.0,1.0,0.6710141399804945,High Risk,3,regular
10,11,3795.34,0,345.0309090909091,722,72.2,1.1,0.032627784648184936,Low Risk,2,VIP Loyal
59,14,2499.68,0,178.54857142857142,642,49.38461538461539,1.1666666666666667,0.044509395716904925,Low Risk,2,VIP Loyal
186,1,103.25,1,103.25,0,0.0,1.0,0.6978415012395566,High Risk,1,Churned
29,39,14906.77,0,382.22487179487183,709,18.657894736842106,1.8571428571428572,0.015794146368742542,Low Risk,2,VIP Loyal
24,3,2982.43,0,994.1433333333334,445,222.5,1.0,0.22333059008167805,Low Risk,3,regular
674,1,349.25,1,349.25,0,0.0,1.0,0.6953743762537001,High Risk,1,Churned
5,11,5197.9,0,472.5363636363636,727,72.7,1.0,0.03175647623333481,Low Risk,2,VIP Loyal
4,8,4007.54,0,500.9425,50,7.142857142857143,2.6666666666666665,0.6021249721839715,High Risk,2,VIP Loyal
151,9,2627.49,0,291.9433333333333,582,72.75,1.5,0.07410308640349608,Low Risk,3,regular
311,4,916.5500000000001,1,229.13750000000002,425,141.66666666666666,1.0,0.20874031221430986,Low Risk,0,Occasional
11,4,1353.31,0,338.3275,473,157.66666666666666,1.0,0.17202761250813564,Low Risk,3,regular
18,7,880.04,0,125.72,663,110.5,1.4,0.05493545235001123,Low Risk,0,Occasional
152,3,511.28000000000003,0,170.42666666666665,440,220.0,1.0,0.23241574819302432,Low Risk,0,Occasional
19,9,1841.54,0,204.61555555555555,490,61.25,1.5,0.11651069853050672,Low Risk,2,VIP Loyal
10,4,2381.04,0,595.26,42,14.0,2.0,0.6359047075414297,High Risk,3,regular
57,6,2315.63,0,385.93833333333333,664,132.8,1.0,0.05833020423742387,Low Risk,3,regular
596,3,835.34,1,278.44666666666666,92,46.0,1.0,0.590082811639931,Medium Risk,0,Occasional
85,1,788.38,0,788.38,0,0.0,1.0,0.6909423800084076,High Risk,1,Churned
654,3,655.5,1,218.5,77,38.5,1.0,0.6067798135679194,High Risk,0,Occasional
390,1,75.6,1,75.6,0,0.0,1.0,0.6981180929609974,High Risk,1,Churned
7,44,6114.03,0,138.95522727272726,730,17.804878048780488,2.0,0.011795113536149787,Low Risk,2,VIP Loyal
76,3,1080.76,0,360.25333333333333,108,54.0,1.5,0.574484106705368,Medium Risk,3,regular
4,26,6729.400000000001,0,258.8230769230769,666,26.64,1.625,0.027707934752203726,Low Risk,2,VIP Loyal
510,2,679.44,1,339.71999999999997,82,82.0,1.0,0.6306153678928081,High Risk,0,Occasional
435,2,2605.62,1,1302.81,300,300.0,1.0,0.44733585189956426,Medium Risk,3,regular
96,5,3859.2200000000003,0,771.844,377,94.25,1.0,0.22896422052508172,Low Risk,3,regular
111,4,4092.0,0,1023.0,423,141.0,1.0,0.2065125157200208,Low Risk,3,regular
57,2,1530.3600000000001,0,765.1800000000001,73,73.0,1.0,0.6332971911005139,High Risk,3,regular
435,1,919.7,1,919.7,0,0.0,1.0,0.6896101076047638,High Risk,1,Churned
1,4,598.98,0,149.745,602,200.66666666666666,1.0,0.09985027582877108,Low Risk,0,Occasional
281,3,613.75,1,204.58333333333334,162,81.0,1.5,0.515788208939735,Medium Risk,0,Occasional
425,1,161.65,1,161.65,0,0.0,1.0,0.6972568356009916,High Risk,1,Churned
3,11,5615.18,0,510.4709090909091,618,61.8,1.2222222222222223,0.0565928363336417,Low Risk,2,VIP Loyal
180,13,2621.42,0,201.64769230769232,520,43.333333333333336,1.8571428571428572,0.08788588542632392,Low Risk,2,VIP Loyal
733,1,143.70000000000002,1,143.70000000000002,0,0.0,1.0,0.697436608328032,High Risk,1,Churned
488,1,460.71,1,460.71,0,0.0,1.0,0.6942528295270263,High Risk,1,Churned
372,1,70.80000000000001,1,70.80000000000001,0,0.0,1.0,0.6981660942426773,High Risk,1,Churned
13,7,1374.25,0,196.32142857142858,716,119.33333333333333,1.0,0.04162241470065052,Low Risk,0,Occasional
3,1,168.63,0,168.63,0,0.0,1.0,0.6971869132312447,High Risk,1,Churned
432,1,105.56,1,105.56,0,0.0,1.0,0.6978183870738123,High Risk,1,Churned
518,1,14.850000000000001,1,14.850000000000001,0,0.0,1.0,0.6987252893907662,High Risk,1,Churned
17,2,433.8,0,216.89999999999998,527,527.0,1.0,0.2886426246638748,Low Risk,0,Occasional
41,1,114.11,0,114.11,0,0.0,1.0,0.6977328259209916,High Risk,1,Churned
6,8,1781.03,0,222.62875,615,87.85714285714286,1.1428571428571428,0.06545739386055513,Low Risk,2,VIP Loyal
169,8,1747.91,0,218.48875,491,70.14285714285714,1.3333333333333333,0.12058114591708594,Low Risk,0,Occasional
50,5,1143.27,0,228.654,366,91.5,1.6666666666666667,0.24397339471620735,Low Risk,0,Occasional
277,1,237.36,1,237.36,0,0.0,1.0,0.6964979208262955,High Risk,1,Churned
19,9,1601.14,0,177.90444444444444,312,39.0,1.2857142857142858,0.2565253128770813,Low Risk,2,VIP Loyal
578,1,135.39,1,135.39,0,0.0,1.0,0.6975198141171489,High Risk,1,Churned
372,1,79.5,1,79.5,0,0.0,1.0,0.6980790887295013,High Risk,1,Churned
425,20,3006.62,1,150.331,307,16.157894736842106,2.0,0.2029864979831779,Low Risk,2,VIP Loyal
15,4,1447.14,0,361.785,197,65.66666666666667,2.0,0.4511030973974946,Medium Risk,3,regular
35,3,570.46,0,190.15333333333334,28,14.0,1.5,0.6604890527761194,High Risk,0,Occasional
22,12,3712.0099999999998,0,309.33416666666665,708,64.36363636363636,1.7142857142857142,0.03417508852415967,Low Risk,2,VIP Loyal
7,2,634.83,0,317.415,365,365.0,1.0,0.4058320254510649,Medium Risk,3,regular
20,8,2164.45,0,270.55625000000003,668,95.42857142857143,1.3333333333333333,0.05019987615927301,Low Risk,2,VIP Loyal
627,1,229.47,1,229.47,0,0.0,1.0,0.6965770600453863,High Risk,1,Churned
11,6,2201.54,0,366.92333333333335,425,85.0,1.5,0.1797707490722145,Low Risk,3,regular
44,2,384.04,0,192.01999999999998,525,525.0,1.0,0.2901874322058105,Low Risk,0,Occasional
390,2,474.54,1,237.26999999999998,118,118.0,1.0,0.6040700079813911,High Risk,0,Occasional
306,2,865.1700000000001,1,432.58500000000004,87,87.0,1.0,0.6259328019047802,High Risk,3,regular
11,1,213.96,0,213.96,0,0.0,1.0,0.6967325963392009,High Risk,1,Churned
656,1,205.35999999999999,1,205.35999999999999,0,0.0,1.0,0.6968188188486644,High Risk,1,Churned
275,1,660.0,1,660.0,0,0.0,1.0,0.6922417643966347,High Risk,1,Churned
633,1,143.85999999999999,1,143.85999999999999,0,0.0,1.0,0.6974350061640266,High Risk,1,Churned
374,4,937.16,1,234.29000000000002,357,119.0,1.3333333333333333,0.27054184156407574,Low Risk,0,Occasional
1,192,30861.06,0,160.7346875,735,3.8481675392670156,7.68,0.00025759918085070275,Low Risk,2,VIP Loyal
16,22,24137.63,0,1097.165,708,33.714285714285715,2.4444444444444446,0.026727045569160418,Low Risk,2,VIP Loyal
4,11,3352.94,0,304.8127272727273,729,72.9,1.2222222222222223,0.031499625103087125,Low Risk,2,VIP Loyal
72,10,1486.2,0,148.62,596,66.22222222222223,1.0,0.0654285901618989,Low Risk,3,regular
396,2,24.35,1,12.175,118,118.0,1.0,0.6062989386794536,High Risk,0,Occasional
444,2,604.3299999999999,1,302.16499999999996,154,154.0,1.0,0.5752032103808384,Medium Risk,3,regular
415,1,877.7,1,877.7,0,0.0,1.0,0.690036551070395,High Risk,1,Churned
680,1,76.32000000000001,1,76.32000000000001,0,0.0,1.0,0.698110892395056,High Risk,1,Churned
386,1,295.13,1,295.13,0,0.0,1.0,0.6959181146816861,High Risk,1,Churned
394,5,951.76,1,190.352,153,38.25,1.25,0.487703359772383,Medium Risk,0,Occasional
243,5,527.78,1,105.556,306,76.5,1.0,0.3025228606362772,Medium Risk,0,Occasional
403,2,190.47000000000003,1,95.23500000000001,13,13.0,1.0,0.6832115771483953,High Risk,0,Occasional
9,7,1342.32,0,191.76000000000002,537,89.5,1.4,0.10202455173971098,Low Risk,0,Occasional
246,2,1291.24,1,645.62,295,295.0,1.0,0.4580976353545242,Medium Risk,3,regular
206,2,412.78000000000003,1,206.39,78,78.0,1.0,0.6349111746544727,High Risk,0,Occasional
1,9,3000.57,0,333.3966666666667,682,85.25,1.125,0.04410232887247061,Low Risk,2,VIP Loyal
185,1,320.58000000000004,1,320.58000000000004,0,0.0,1.0,0.6956624890426804,High Risk,1,Churned
32,10,2059.58,0,205.958,569,63.22222222222222,1.1111111111111112,0.07523877844057222,Low Risk,2,VIP Loyal
57,6,814.07,0,135.67833333333334,547,109.4,1.5,0.10402103917029354,Low Risk,0,Occasional
196,11,4497.88,1,408.89818181818185,527,52.7,1.375,0.09013970104969944,Low Risk,2,VIP Loyal
24,11,5410.92,0,491.9018181818182,705,70.5,1.0,0.035697339134149284,Low Risk,2,VIP Loyal
379,1,462.75,1,462.75,0,0.0,1.0,0.6942322808599352,High Risk,1,Churned
91,5,1998.0,0,399.6,592,148.0,1.0,0.09067194639992364,Low Risk,3,regular
4,2,959.01,0,479.505,43,43.0,1.0,0.658234460081639,High Risk,3,regular
484,1,338.65,1,338.65,0,0.0,1.0,0.6954809164543804,High Risk,1,Churned
51,6,2025.69,0,337.615,436,87.2,1.0,0.1699949728193125,Low Risk,3,regular
263,1,114.56,1,114.56,0,0.0,1.0,0.6977283223220736,High Risk,1,Churned
266,1,344.90000000000003,1,344.90000000000003,0,0.0,1.0,0.6954181004739277,High Risk,1,Churned
438,4,2124.46,1,531.115,104,34.666666666666664,1.3333333333333333,0.5599793482465137,Medium Risk,3,regular
454,1,215.22,1,215.22,0,0.0,1.0,0.6967199625759753,High Risk,1,Churned
36,2,609.85,0,304.925,232,232.0,1.0,0.5125610396215362,Medium Risk,0,Occasional
677,1,106.67999999999999,1,106.67999999999999,0,0.0,1.0,0.6978071798447238,High Risk,1,Churned
51,1,443.6,0,443.6,0,0.0,1.0,0.6944251460080856,High Risk,1,Churned
52,9,4978.96,0,553.2177777777778,609,76.125,1.2857142857142858,0.0643880234720548,Low Risk,2,VIP Loyal
24,10,3667.06,0,366.706,661,73.44444444444444,1.0,0.04684999304988802,Low Risk,2,VIP Loyal
22,1,110.46,0,110.46,0,0.0,1.0,0.6977693537068773,High Risk,1,Churned
59,1,96.12,0,96.12,0,0.0,1.0,0.6979128386402615,High Risk,1,Churned
170,5,1679.89,0,335.978,558,139.5,1.0,0.10621363303182314,Low Risk,3,regular
68,7,2247.72,0,321.1028571428572,668,111.33333333333333,1.4,0.05345675307026822,Low Risk,3,regular
157,3,876.89,0,292.2966666666667,477,238.5,1.0,0.20339576788633465,Low Risk,3,regular
2,152,528602.52,0,3477.648157894737,735,4.867549668874172,6.08,0.012260049630287465,Low Risk,2,VIP Loyal
201,2,519.97,1,259.985,322,322.0,1.0,0.4404071612291378,Medium Risk,0,Occasional
416,15,4546.86,1,303.12399999999997,312,22.285714285714285,1.6666666666666667,0.22259482636868813,Low Risk,2,VIP Loyal
5,9,3775.31,0,419.4788888888889,683,85.375,1.125,0.043876296810240585,Low Risk,2,VIP Loyal
589,1,62.5,1,62.5,0,0.0,1.0,0.6982490862341822,High Risk,1,Churned
67,9,2034.1200000000001,0,226.01333333333335,564,70.5,1.125,0.08049886291952169,Low Risk,0,Occasional
77,1,114.18,0,114.18,0,0.0,1.0,0.6977321253636577,High Risk,1,Churned
1,12,3614.54,0,301.21166666666664,736,66.9090909090909,1.5,0.029295571247104978,Low Risk,2,VIP Loyal
738,1,246.86,1,246.86,0,0.0,1.0,0.6964026173411405,High Risk,1,Churned
8,7,3878.51,0,554.0728571428572,588,98.0,1.0,0.0787747987295423,Low Risk,3,regular
169,5,814.65,0,162.93,434,108.5,1.0,0.1836903762452788,Low Risk,0,Occasional
18,6,1460.8700000000001,0,243.47833333333335,417,83.4,1.0,0.18475789122926956,Low Risk,3,regular
5,2,247.15,0,123.575,111,111.0,1.0,0.6106027686908028,High Risk,0,Occasional
9,9,2529.93,0,281.1033333333333,306,38.25,1.0,0.2616258606762451,Low Risk,2,VIP Loyal
87,2,285.74,0,142.87,14,14.0,1.0,0.6820819231512204,High Risk,0,Occasional
27,1,107.95,0,107.95,0,0.0,1.0,0.6977944713623568,High Risk,1,Churned
29,7,1416.33,0,202.33285714285714,707,117.83333333333333,1.0,0.043573748581001444,Low Risk,0,Occasional
430,2,490.6,1,245.3,0,0.0,2.0,0.6954466774657817,High Risk,1,Churned
20,2,637.89,0,318.945,13,13.0,2.0,0.6857948042268898,High Risk,3,regular
61,7,2749.65,0,392.8071428571429,531,88.5,1.4,0.1047739604201161,Low Risk,3,regular
24,1,195.25,0,195.25,0,0.0,1.0,0.6969201627153206,High Risk,1,Churned
11,54,21927.14,0,406.0581481481481,726,13.69811320754717,2.347826086956522,0.00994835224041281,Low Risk,2,VIP Loyal
445,1,111.63,1,111.63,0,0.0,1.0,0.6977576450726617,High Risk,1,Churned
242,7,3243.93,1,463.41857142857145,495,82.5,1.4,0.12407604330830141,Low Risk,3,regular
280,3,602.0,1,200.66666666666666,452,226.0,1.5,0.22459841922033377,Low Risk,0,Occasional
549,2,1127.45,1,563.725,18,18.0,1.0,0.6754530441768034,High Risk,3,regular
235,4,1113.14,1,278.28499999999997,445,148.33333333333334,1.0,0.1927657239517883,Low Risk,3,regular
3,7,3410.81,0,487.25857142857143,406,67.66666666666667,1.4,0.18531351855660907,Low Risk,2,VIP Loyal
509,1,173.66,1,173.66,0,0.0,1.0,0.6971365193848117,High Risk,1,Churned
16,2,1066.9,0,533.45,372,372.0,1.0,0.3982270430506419,Medium Risk,3,regular
31,12,8356.79,0,696.3991666666666,608,55.27272727272727,1.3333333333333333,0.057816383653108865,Low Risk,2,VIP Loyal
593,1,184.91,1,184.91,0,0.0,1.0,0.6970237923248487,High Risk,1,Churned
579,1,403.39,1,403.39,0,0.0,1.0,0.6948298906659212,High Risk,1,Churned
382,3,1289.44,1,429.81333333333333,349,174.5,1.0,0.3110460571012564,Medium Risk,3,regular
25,58,57412.77,0,989.8753448275861,710,12.456140350877194,2.5217391304347827,0.01171587380329997,Low Risk,2,VIP Loyal
71,6,875.1500000000001,0,145.85833333333335,582,116.4,1.2,0.08759832171423677,Low Risk,0,Occasional
188,6,1514.81,1,252.46833333333333,484,96.8,1.0,0.13755273348319977,Low Risk,3,regular
588,1,146.56,1,146.56,0,0.0,1.0,0.6974079689220077,High Risk,1,Churned
26,6,1468.55,0,244.75833333333333,364,72.8,1.0,0.23029098483622493,Low Risk,3,regular
576,8,4619.79,1,577.47375,150,21.428571428571427,1.6,0.46327554686182,Medium Risk,3,regular
414,5,885.83,1,177.166,245,61.25,2.5,0.3791762836609263,Medium Risk,0,Occasional
107,3,1402.06,0,467.3533333333333,445,222.5,1.0,0.22658490826176628,Low Risk,3,regular
8,28,7713.57,0,275.4846428571429,448,16.59259259259259,1.8666666666666667,0.08503399927096279,Low Risk,2,VIP Loyal
209,1,112.8,1,112.8,0,0.0,1.0,0.6977459361813321,High Risk,1,Churned
44,4,794.33,0,198.5825,366,122.0,1.0,0.26075021332761017,Low Risk,0,Occasional
31,5,2114.33,0,422.866,182,45.5,1.6666666666666667,0.45161052014655584,Medium Risk,3,regular
137,12,1745.09,0,145.42416666666668,480,43.63636363636363,1.2,0.10927011782635981,Low Risk,0,Occasional
265,7,1165.36,1,166.48000000000002,261,43.5,1.4,0.33070177438481374,Medium Risk,0,Occasional
617,1,244.31,1,244.31,0,0.0,1.0,0.6964282004603085,High Risk,1,Churned
519,3,1620.07,1,540.0233333333334,213,106.5,1.5,0.4556789249761469,Medium Risk,3,regular
4,8,2767.9,0,345.9875,417,59.57142857142857,1.0,0.16850440349590515,Low Risk,2,VIP Loyal
218,2,188.60999999999999,1,94.30499999999999,0,0.0,2.0,0.6967704309103604,High Risk,1,Churned
2,5,1250.76,0,250.152,49,12.25,1.6666666666666667,0.620187797640751,High Risk,2,VIP Loyal
214,4,702.6,1,175.65,311,103.66666666666667,1.0,0.3161619939586465,Medium Risk,0,Occasional
32,5,3116.26,0,623.252,453,113.25,1.0,0.1680474859903877,Low Risk,3,regular
11,15,4562.09,0,304.13933333333335,674,48.142857142857146,1.6666666666666667,0.03681416116242483,Low Risk,2,VIP Loyal
1,29,6754.22,0,232.90413793103448,727,25.964285714285715,1.45,0.01809349140404631,Low Risk,2,VIP Loyal
15,1,318.17,0,318.17,0,0.0,1.0,0.6956867008167282,High Risk,1,Churned
11,11,1813.57,0,164.87,612,61.2,1.5714285714285714,0.058545390952497646,Low Risk,2,VIP Loyal
199,1,179.0,1,179.0,0,0.0,1.0,0.6970830145644415,High Risk,1,Churned
619,1,390.69,1,390.69,0,0.0,1.0,0.6949576634687377,High Risk,1,Churned
436,2,139.2,1,69.6,141,141.0,1.0,0.5877991372943357,Medium Risk,0,Occasional
3,5,2212.2799999999997,0,442.456,452,113.0,1.0,0.16935861629395477,Low Risk,3,regular
15,25,8886.33,0,355.4532,719,29.958333333333332,1.25,0.021314775393308606,Low Risk,2,VIP Loyal
14,13,1922.59,0,147.89153846153846,721,60.083333333333336,1.4444444444444444,0.03041344129564569,Low Risk,2,VIP Loyal
10,11,2868.8,0,260.8,252,25.2,1.5714285714285714,0.3101385649729243,Medium Risk,2,VIP Loyal
29,4,1328.0700000000002,0,332.01750000000004,388,129.33333333333334,1.0,0.2397643891518397,Low Risk,3,regular
9,21,5418.87,0,258.0414285714286,726,36.3,1.2352941176470589,0.022800941394645762,Low Risk,2,VIP Loyal
24,4,906.24,0,226.56,663,221.0,1.0,0.07582114768675653,Low Risk,0,Occasional
25,8,1840.45,0,230.05625,664,94.85714285714286,1.0,0.05090433419802857,Low Risk,3,regular
43,3,565.45,0,188.48333333333335,401,200.5,1.0,0.2649859821813942,Low Risk,0,Occasional
733,1,81.3,1,81.3,0,0.0,1.0,0.698061085811955,High Risk,1,Churned
410,1,226.42,1,226.42,0,0.0,1.0,0.6966076493975932,High Risk,1,Churned
2,5,1602.13,0,320.42600000000004,247,61.75,1.0,0.36854080387913674,Medium Risk,3,regular
6,3,663.81,0,221.27,120,60.0,1.0,0.5598582116568069,Medium Risk,0,Occasional
379,1,115.77,1,115.77,0,0.0,1.0,0.6977162124563693,High Risk,1,Churned
147,3,513.37,0,171.12333333333333,339,169.5,1.5,0.3250759567279678,Medium Risk,0,Occasional
10,11,2093.06,0,190.27818181818182,725,72.5,1.375,0.03223263799419366,Low Risk,2,VIP Loyal
590,1,345.25,1,345.25,0,0.0,1.0,0.6954145825637018,High Risk,1,Churned
25,4,1315.24,0,328.81,510,170.0,1.3333333333333333,0.14860837947049527,Low Risk,3,regular
655,1,124.75,1,124.75,0,0.0,1.0,0.6976263306464284,High Risk,1,Churned
274,3,467.92999999999995,1,155.97666666666666,272,136.0,1.5,0.3943388780462269,Medium Risk,0,Occasional
413,1,190.58,1,190.58,0,0.0,1.0,0.6969669688975602,High Risk,1,Churned
374,3,907.38,1,302.46000000000004,251,125.5,1.5,0.4158119033671327,Medium Risk,0,Occasional
1,8,2005.06,0,250.6325,275,45.833333333333336,1.1666666666666667,0.307621135988251,Medium Risk,2,VIP Loyal
47,3,380.02,0,126.67333333333333,165,82.5,1.5,0.5131123660189072,Medium Risk,0,Occasional
8,19,5517.07,0,290.3721052631579,722,40.111111111111114,1.2666666666666666,0.024812939339058017,Low Risk,2,VIP Loyal
16,15,16184.97,0,1078.998,385,27.5,1.5,0.16358724508875466,Low Risk,2,VIP Loyal
426,4,1056.42,1,264.105,125,41.666666666666664,1.0,0.5346423390641003,Medium Risk,0,Occasional
4,56,12240.16,0,218.5742857142857,732,13.81132075471698,2.25,0.008668188034405016,Low Risk,2,VIP Loyal
485,2,401.08,1,200.54,0,0.0,2.0,0.6958394212454684,High Risk,1,Churned
4,4,3554.17,0,888.5425,396,132.0,1.0,0.22977029644723412,Low Risk,3,regular
43,9,1821.9,0,202.43333333333334,689,86.125,1.2857142857142858,0.04266350738121339,Low Risk,0,Occasional
4,25,12287.5,0,491.5,733,30.541666666666668,1.4705882352941178,0.020077357570871777,Low Risk,2,VIP Loyal
197,11,4161.06,1,378.27818181818185,455,45.5,1.2222222222222223,0.1278421760504363,Low Risk,2,VIP Loyal
12,7,1897.59,0,271.0842857142857,405,67.5,1.1666666666666667,0.18574158839859992,Low Risk,3,regular
435,1,579.85,1,579.85,0,0.0,1.0,0.6930514534657103,High Risk,1,Churned
593,1,50.48,1,50.48,0,0.0,1.0,0.6983692516618528,High Risk,1,Churned
16,14,3885.08,0,277.5057142857143,553,42.53846153846154,1.75,0.07194279137649778,Low Risk,2,VIP Loyal
113,12,2571.81,0,214.3175,524,47.63636363636363,1.7142857142857142,0.08877868051437686,Low Risk,2,VIP Loyal
406,4,593.5,1,148.375,17,5.666666666666667,4.0,0.6761081917597734,High Risk,0,Occasional
249,1,328.2,1,328.2,0,0.0,1.0,0.6955859285037085,High Risk,1,Churned
29,10,3152.32,0,315.232,616,68.44444444444444,1.25,0.05941315532299963,Low Risk,2,VIP Loyal
480,1,310.15,1,310.15,0,0.0,1.0,0.695767264974598,High Risk,1,Churned
736,1,112.03,1,112.03,0,0.0,1.0,0.6977536420618154,High Risk,1,Churned
684,2,126.45,1,63.225,41,41.0,1.0,0.66355312844218,High Risk,0,Occasional
44,1,389.64,0,389.64,0,0.0,1.0,0.6949682260184219,High Risk,1,Churned
87,2,869.51,0,434.755,373,373.0,1.0,0.39843073322618877,Medium Risk,3,regular
45,6,1550.48,0,258.41333333333336,646,129.2,1.0,0.06386603170007253,Low Risk,3,regular
10,25,9972.550000000001,0,398.902,726,30.25,1.25,0.020591593818412416,Low Risk,2,VIP Loyal
15,3,2653.76,0,884.5866666666667,409,204.5,1.0,0.2533536965061775,Low Risk,3,regular
75,1,420.5,0,420.5,0,0.0,1.0,0.6946577020661426,High Risk,1,Churned
145,7,2864.97,0,409.28142857142853,465,77.5,1.0,0.1415447182111806,Low Risk,3,regular
5,3,1625.97,0,541.99,228,114.0,1.0,0.4363960861556662,Medium Risk,3,regular
297,1,89.2,1,89.2,0,0.0,1.0,0.6979820658041768,High Risk,1,Churned
59,3,447.92,0,149.30666666666667,385,192.5,1.0,0.2794947717836618,Low Risk,0,Occasional
264,2,417.57,1,208.785,362,362.0,1.0,0.409266153295673,Medium Risk,0,Occasional
47,1,278.3,0,278.3,0,0.0,1.0,0.6960870926379358,High Risk,1,Churned
29,3,254.11,0,84.70333333333333,147,73.5,1.0,0.5310025521600035,Medium Risk,0,Occasional
8,11,6556.13,0,596.0118181818182,543,54.3,1.0,0.08276263024518464,Low Risk,2,VIP Loyal
474,1,382.81,1,382.81,0,0.0,1.0,0.695036927879904,High Risk,1,Churned
17,2,192.60000000000002,0,96.30000000000001,109,109.0,1.0,0.6124108715170999,High Risk,0,Occasional
3,17,15771.88,0,927.7576470588236,721,45.0625,1.1333333333333333,0.027283427619646097,Low Risk,2,VIP Loyal
232,8,3637.64,1,454.705,419,59.857142857142854,1.1428571428571428,0.16734185081201358,Low Risk,3,regular
621,2,594.62,1,297.31,115,115.0,1.0,0.605798532915897,High Risk,3,regular
112,1,139.26,0,139.26,0,0.0,1.0,0.6974810664629864,High Risk,1,Churned
593,1,140.55,1,140.55,0,0.0,1.0,0.6974681499536796,High Risk,1,Churned
529,1,241.45,1,241.45,0,0.0,1.0,0.6964568922372653,High Risk,1,Churned
58,3,1418.46,0,472.82,313,156.5,1.0,0.34635898125733144,Medium Risk,3,regular
51,15,3708.3,0,247.22,395,28.214285714285715,1.5,0.15213870666622317,Low Risk,2,VIP Loyal
404,1,307.56,1,307.56,0,0.0,1.0,0.6957932800126332,High Risk,1,Churned
127,2,730.86,0,365.43,181,181.0,1.0,0.5530502039824148,Medium Risk,3,regular
281,3,386.15,1,128.71666666666667,43,21.5,1.5,0.6457219070641264,High Risk,0,Occasional
55,2,447.68,0,223.84,24,24.0,1.0,0.6742778217778388,High Risk,0,Occasional
320,1,200.10000000000002,1,200.10000000000002,0,0.0,1.0,0.6968715481158777,High Risk,1,Churned
659,1,307.3,1,307.3,0,0.0,1.0,0.6957958914917042,High Risk,1,Churned
26,3,449.93,0,149.97666666666666,363,181.5,1.0,0.2998123465453954,Low Risk,0,Occasional
10,2,77.4,0,38.7,4,4.0,2.0,0.6945141440674745,High Risk,1,Churned
550,1,90.96,1,90.96,0,0.0,1.0,0.6979644597488415,High Risk,1,Churned
471,1,110.65,1,110.65,0,0.0,1.0,0.6977674523222267,High Risk,1,Churned
7,3,1156.32,0,385.44,588,294.0,1.0,0.1338890369414467,Low Risk,3,regular
29,1,197.64,0,197.64,0,0.0,1.0,0.6968962067932356,High Risk,1,Churned
17,10,2526.62,0,252.66199999999998,711,79.0,1.25,0.03621287889630352,Low Risk,2,VIP Loyal
607,1,303.63,1,303.63,0,0.0,1.0,0.6958327521771731,High Risk,1,Churned
64,1,6.2,0,6.2,0,0.0,1.0,0.6988116896478211,High Risk,1,Churned
21,2,625.9,0,312.95000000000005,513,513.0,1.0,0.29721358513934265,Low Risk,3,regular
3,10,1953.9,0,195.39000000000001,484,53.77777777777778,1.25,0.11490643950440266,Low Risk,2,VIP Loyal
166,1,131.45000000000002,0,131.45000000000002,0,0.0,1.0,0.697559259745639,High Risk,1,Churned
1,27,10889.64,0,403.32,724,27.846153846153847,1.35,0.019766667698425878,Low Risk,2,VIP Loyal
507,1,300.31,1,300.31,0,0.0,1.0,0.6958660953724736,High Risk,1,Churned
53,8,724.31,0,90.53875000000001,596,85.14285714285714,1.1428571428571428,0.07204813916968225,Low Risk,0,Occasional
51,2,338.15,0,169.075,686,686.0,1.0,0.19541341012865993,Low Risk,0,Occasional
48,17,7774.32,0,457.3129411764706,387,24.1875,1.4166666666666667,0.15119942132619602,Low Risk,2,VIP Loyal
61,1,193.14,0,193.14,0,0.0,1.0,0.696941311196552,High Risk,1,Churned
438,2,1502.98,1,751.49,0,0.0,2.0,0.6909854059535427,High Risk,1,Churned
162,3,845.55,0,281.84999999999997,130,65.0,1.0,0.5482321756057288,Medium Risk,0,Occasional
9,1,353.27,0,353.27,0,0.0,1.0,0.6953339659075705,High Risk,1,Churned
15,7,1104.64,0,157.80571428571426,606,101.0,1.1666666666666667,0.0726347574947852,Low Risk,0,Occasional
75,2,303.43,0,151.715,363,363.0,1.0,0.4090545859277128,Medium Risk,0,Occasional
391,2,519.29,1,259.645,259,259.0,1.0,0.4911617153172539,Medium Risk,0,Occasional
40,8,2741.17,0,342.64625,132,18.857142857142858,2.0,0.48987919806023666,Medium Risk,2,VIP Loyal
621,2,686.76,1,343.38,0,0.0,2.0,0.6945850851806399,High Risk,1,Churned
41,13,2537.02,0,195.1553846153846,388,32.333333333333336,1.3,0.16502078662388017,Low Risk,2,VIP Loyal
387,1,170.5,1,170.5,0,0.0,1.0,0.6971681788959112,High Risk,1,Churned
599,1,185.8,1,185.8,0,0.0,1.0,0.6970148733494594,High Risk,1,Churned
370,4,1090.87,1,272.7175,241,80.33333333333333,1.3333333333333333,0.39563291991754573,Medium Risk,0,Occasional
581,1,160.46,1,160.46,0,0.0,1.0,0.697268755551924,High Risk,1,Churned
37,2,778.5,0,389.25,31,31.0,1.0,0.6677575671335552,High Risk,3,regular
197,1,271.85,1,271.85,0,0.0,1.0,0.69615183843629,High Risk,1,Churned
200,7,3959.86,1,565.6942857142857,427,71.16666666666667,1.0,0.16770778992243368,Low Risk,3,regular
74,6,1170.41,0,195.06833333333336,573,114.6,1.0,0.09101956112532676,Low Risk,0,Occasional
64,4,470.16,0,117.53999999999999,653,217.66666666666666,1.0,0.07956718637477816,Low Risk,0,Occasional
21,9,1274.76,0,141.64,656,82.0,1.2857142857142858,0.05060889451195898,Low Risk,0,Occasional
367,7,1286.45,1,183.7785714285714,309,51.5,1.75,0.27820842524880524,Low Risk,0,Occasional
485,1,157.70000000000002,1,157.70000000000002,0,0.0,1.0,0.6972964008024186,High Risk,1,Churned
180,3,321.43,0,107.14333333333333,14,7.0,1.5,0.6750880959933224,High Risk,0,Occasional
10,10,4022.9100000000003,0,402.29100000000005,627,69.66666666666667,1.4285714285714286,0.0563741290501171,Low Risk,2,VIP Loyal
4,24,4925.08,0,205.21166666666667,608,26.434782608695652,1.411764705882353,0.0397973201168153,Low Risk,2,VIP Loyal
582,2,385.2,1,192.60000000000002,113,113.0,1.0,0.6083794604430969,High Risk,0,Occasional
665,1,0.0,1,0.0,0,0.0,1.0,0.6988736094806053,High Risk,1,Churned
197,13,9839.460000000001,1,756.8815384615384,535,44.583333333333336,1.1818181818181819,0.08140827854524814,Low Risk,2,VIP Loyal
29,7,1692.84,0,241.8342857142857,407,67.83333333333333,1.4,0.1849320054913574,Low Risk,3,regular
53,1,197.13,0,197.13,0,0.0,1.0,0.6969013188161987,High Risk,1,Churned
680,3,1676.57,1,558.8566666666667,57,28.5,1.5,0.6276555819052959,High Risk,3,regular
630,1,322.69,1,322.69,0,0.0,1.0,0.6956412902927742,High Risk,1,Churned
499,1,94.8,1,94.8,0,0.0,1.0,0.6979260445164222,High Risk,1,Churned
18,7,2206.16,0,315.1657142857143,389,64.83333333333333,1.1666666666666667,0.1988929786765565,Low Risk,3,regular
529,2,297.0,1,148.5,88,88.0,1.0,0.6279285679494746,High Risk,0,Occasional
10,3,102.44999999999999,0,34.15,20,10.0,3.0,0.6767288059032974,High Risk,0,Occasional
90,9,3460.32,0,384.48,595,74.375,1.125,0.06889513510084919,Low Risk,3,regular
423,2,773.6700000000001,1,386.83500000000004,313,313.0,1.0,0.4463068060795466,Medium Risk,3,regular
418,3,915.28,1,305.0933333333333,285,142.5,1.0,0.376743736180525,Medium Risk,3,regular
268,2,362.71,1,181.35500000000002,271,271.0,1.0,0.48225848771479196,Medium Risk,0,Occasional
53,14,7163.0,0,511.64285714285717,683,52.53846153846154,1.4,0.03630327765642242,Low Risk,2,VIP Loyal
44,4,2824.69,0,706.1725,264,88.0,1.0,0.3643793556986747,Medium Risk,3,regular
437,1,211.79999999999998,1,211.79999999999998,0,0.0,1.0,0.6967542535275312,High Risk,1,Churned
64,10,6702.43,0,670.243,542,60.22222222222222,1.25,0.0866440706953442,Low Risk,2,VIP Loyal
600,1,150.0,1,150.0,0,0.0,1.0,0.6973735194915592,High Risk,1,Churned
427,1,437.4,1,437.4,0,0.0,1.0,0.6944875733888319,High Risk,1,Churned
149,3,1348.95,0,449.6499999999999,415,207.5,1.0,0.2511779083668097,Low Risk,3,regular
405,1,310.56,1,310.56,0,0.0,1.0,0.6957631466491665,High Risk,1,Churned
22,43,15763.45,0,366.59186046511627,676,17.333333333333332,1.9047619047619047,0.017153783550370325,Low Risk,2,VIP Loyal
312,7,1794.01,1,256.2871428571429,256,42.666666666666664,2.3333333333333335,0.34083066630567893,Medium Risk,3,regular
23,3,829.4100000000001,0,276.47,607,303.5,1.0,0.12472040509903123,Low Risk,3,regular
58,18,6147.18,0,341.51,585,34.411764705882355,1.5,0.0538799712447556,Low Risk,2,VIP Loyal
24,5,1376.87,0,275.374,581,145.25,1.0,0.09567166837039959,Low Risk,0,Occasional
78,11,4322.86,0,392.9872727272727,608,60.8,1.2222222222222223,0.05951391172157389,Low Risk,2,VIP Loyal
119,7,6520.3,0,931.4714285714286,491,81.83333333333333,1.4,0.1258218253387764,Low Risk,3,regular
36,3,1311.3799999999999,0,437.1266666666666,20,10.0,1.5,0.6665564359000513,High Risk,3,regular
60,7,3651.851,0,521.693,574,95.66666666666667,1.4,0.08504432679509209,Low Risk,3,regular
506,1,180.75,1,180.75,0,0.0,1.0,0.6970654790504404,High Risk,1,Churned
13,5,1705.64,0,341.12800000000004,542,135.5,1.25,0.11476506918924573,Low Risk,3,regular
19,1,170.32,0,170.32,0,0.0,1.0,0.6971699822294316,High Risk,1,Churned
52,10,1380.73,0,138.073,679,75.44444444444444,1.25,0.042803946292363844,Low Risk,0,Occasional
26,2,841.1999999999999,0,420.6,122,122.0,1.0,0.5991425747767514,Medium Risk,3,regular
29,1,266.76,0,266.76,0,0.0,1.0,0.6962029269195653,High Risk,1,Churned
7,4,129.72,0,32.43000000000001,731,243.66666666666666,1.0,0.05580071233095928,Low Risk,0,Occasional
11,19,20850.22,0,1097.38,459,25.5,2.111111111111111,0.10613707023681669,Low Risk,2,VIP Loyal
186,16,2952.06,1,184.50375,548,36.53333333333333,1.4545454545454546,0.06881469349325889,Low Risk,2,VIP Loyal
3,12,4184.01,0,348.6675,416,37.81818181818182,1.5,0.14993069712825283,Low Risk,2,VIP Loyal
9,6,2804.24,0,467.3733333333333,715,143.0,1.0,0.045206195354992526,Low Risk,3,regular
262,6,1838.95,1,306.4916666666667,422,84.4,1.2,0.18131023737792445,Low Risk,0,Occasional
3,9,1258.97,0,139.88555555555556,735,91.875,1.125,0.03343985369873232,Low Risk,0,Occasional
484,3,816.6,1,272.2,149,74.5,1.0,0.5271094113866639,Medium Risk,0,Occasional
210,2,854.13,1,427.06499999999994,423,423.0,1.0,0.3603825170014991,Medium Risk,3,regular
535,1,116.18,1,116.18,0,0.0,1.0,0.6977121090510757,High Risk,1,Churned
108,3,2862.4,0,954.1333333333332,334,167.0,1.0,0.3215959858655763,Medium Risk,3,regular
521,2,256.7,1,128.35,40,40.0,1.0,0.6636739707404709,High Risk,0,Occasional
418,2,437.0,1,218.5,224,224.0,1.0,0.5199291429103733,Medium Risk,0,Occasional
13,25,4105.24,0,164.2096,644,26.833333333333332,1.4705882352941178,0.031742806778843495,Low Risk,2,VIP Loyal
685,1,185.06,1,185.06,0,0.0,1.0,0.697022289137149,High Risk,1,Churned
77,3,706.19,0,235.39666666666668,211,105.5,1.0,0.4579516317884516,Medium Risk,0,Occasional
20,1,255.4,0,255.4,0,0.0,1.0,0.6963169301182373,High Risk,1,Churned
27,14,3628.15,0,259.1535714285714,592,45.53846153846154,2.3333333333333335,0.05942262381033826,Low Risk,2,VIP Loyal
19,6,761.59,0,126.93166666666667,193,48.25,1.0,0.4294225429966282,Medium Risk,0,Occasional
669,1,120.6,1,120.6,0,0.0,1.0,0.6976678703358237,High Risk,1,Churned
132,3,1598.12,0,532.7066666666666,334,167.0,1.0,0.3248624177614088,Medium Risk,3,regular
253,1,364.8,1,364.8,0,0.0,1.0,0.6952180458962637,High Risk,1,Churned
79,1,1862.0,0,1862.0,0,0.0,1.0,0.6799587043412917,High Risk,1,Churned
207,1,369.2,1,369.2,0,0.0,1.0,0.6951738027625275,High Risk,1,Churned
336,1,135.9,1,135.9,0,0.0,1.0,0.6975147079979421,High Risk,1,Churned
254,3,817.25,1,272.4166666666667,406,203.0,1.0,0.26006294265371915,Low Risk,3,regular
148,4,1106.73,0,276.6825,288,96.0,1.0,0.34038964294528024,Medium Risk,3,regular
691,1,202.35000000000002,1,202.35000000000002,0,0.0,1.0,0.6968489934551386,High Risk,1,Churned
10,3,1809.6100000000001,0,603.2033333333334,608,304.0,1.5,0.12412650750103671,Low Risk,3,regular
85,3,1492.81,0,497.6033333333333,652,326.0,1.0,0.10354910146278637,Low Risk,3,regular
8,38,25119.54,0,661.0405263157895,721,19.486486486486488,2.0,0.01595004236770074,Low Risk,2,VIP Loyal
205,8,2092.42,1,261.5525,528,75.42857142857143,1.3333333333333333,0.10097943272580245,Low Risk,3,regular
8,8,3140.54,0,392.5675,716,102.28571428571429,1.0,0.038924862473212564,Low Risk,2,VIP Loyal
23,14,3507.81,0,250.55785714285713,712,54.76923076923077,1.1666666666666667,0.03068663713228541,Low Risk,2,VIP Loyal
395,1,1384.88,1,1384.88,0,0.0,1.0,0.6848654892170312,High Risk,1,Churned
522,1,13.919999999999998,1,13.919999999999998,0,0.0,1.0,0.698734579343347,High Risk,1,Churned
11,12,2289.65,0,190.80416666666667,487,44.27272727272727,1.7142857142857142,0.10668570296601072,Low Risk,2,VIP Loyal
26,3,1035.6200000000001,0,345.2066666666667,527,263.5,1.0,0.16915507574601393,Low Risk,3,regular
21,5,2810.63,0,562.126,257,64.25,1.0,0.35541890951114563,Medium Risk,3,regular
2,4,1640.64,0,410.15999999999997,425,141.66666666666666,1.3333333333333333,0.20902976012616864,Low Risk,3,regular
158,8,1971.39,0,246.42375,578,82.57142857142857,1.0,0.07852199689021107,Low Risk,3,regular
445,1,68.44,1,68.44,0,0.0,1.0,0.6981896932839224,High Risk,1,Churned
3,16,6165.79,0,385.361875,599,39.93333333333333,2.0,0.053697236442543615,Low Risk,2,VIP Loyal
74,2,381.9,0,190.95000000000002,388,388.0,1.0,0.3892398630038818,Medium Risk,0,Occasional
437,3,1404.68,1,468.22666666666663,226,113.0,1.0,0.4392501373777261,Medium Risk,3,regular
3,4,434.35,0,108.5875,51,17.0,1.3333333333333333,0.6256561384305441,High Risk,0,Occasional
1,398,295972.63,0,743.6498241206031,737,1.8658227848101265,15.84,5.1923870151572886e-06,Low Risk,2,VIP Loyal
17,6,1889.25,0,314.875,665,133.0,1.2,0.058343488965559735,Low Risk,3,regular
36,8,4073.13,0,509.14125,449,64.14285714285714,1.0,0.14561204313526255,Low Risk,3,regular
91,11,1811.25,0,164.6590909090909,645,64.5,1.2222222222222223,0.048973598294041056,Low Risk,0,Occasional
71,8,3042.95,0,380.36875000000003,546,78.0,1.3333333333333333,0.09246132516640788,Low Risk,3,regular
597,2,1123.75,1,561.875,0,0.0,2.0,0.6926607987080408,High Risk,1,Churned
116,9,5955.81,0,661.7566666666667,495,61.875,1.125,0.11297410733004544,Low Risk,3,regular
539,1,359.35,1,359.35,0,0.0,1.0,0.6952728420502234,High Risk,1,Churned
213,3,1607.17,1,535.7233333333334,352,176.0,1.5,0.30963152277587375,Medium Risk,3,regular
30,2,1316.07,0,658.035,171,171.0,1.0,0.558056734570825,Medium Risk,3,regular
394,2,843.74,1,421.87,114,114.0,1.0,0.6053394958485154,High Risk,3,regular
51,1,749.1,0,749.1,0,0.0,1.0,0.6913402702759335,High Risk,1,Churned
246,3,931.01,1,310.33666666666664,393,196.5,1.0,0.2711881983243335,Low Risk,0,Occasional
382,2,359.4,1,179.7,216,216.0,1.0,0.5267966016530337,Medium Risk,0,Occasional
397,1,308.2,1,308.2,0,0.0,1.0,0.6957868517027059,High Risk,1,Churned
628,1,223.91000000000003,1,223.91000000000003,0,0.0,1.0,0.696632821624286,High Risk,1,Churned
32,2,836.69,0,418.345,389,389.0,1.0,0.38623343313313235,Medium Risk,3,regular
109,6,5246.63,0,874.4383333333334,497,99.4,1.2,0.12892681890863647,Low Risk,3,regular
5,5,1257.68,0,251.536,236,59.0,1.0,0.3821128670030346,Medium Risk,0,Occasional
366,2,1029.66,1,514.8299999999999,20,20.0,1.0,0.6744758380163657,High Risk,3,regular
444,4,1770.0,1,442.5,0,0.0,4.0,0.6922636059213576,High Risk,1,Churned
82,5,3503.5,0,700.7,359,89.75,1.25,0.2469209711240534,Low Risk,3,regular
297,2,2849.83,1,1424.915,322,322.0,1.0,0.42854553658641514,Medium Risk,3,regular
34,12,12410.81,0,1034.2341666666666,549,49.90909090909091,1.5,0.07901943146002968,Low Risk,2,VIP Loyal
57,3,1621.88,0,540.6266666666667,73,36.5,1.5,0.6108681246441072,High Risk,3,regular
562,2,2322.43,1,1161.215,0,0.0,2.0,0.6873480135140123,High Risk,1,Churned
418,2,531.49,1,265.745,315,315.0,1.0,0.44594547913390387,Medium Risk,0,Occasional
579,1,182.1,1,182.1,0,0.0,1.0,0.6970519512617673,High Risk,1,Churned
402,4,746.56,1,186.64,328,109.33333333333333,1.0,0.29833832524937437,Low Risk,0,Occasional
663,1,107.62,1,107.62,0,0.0,1.0,0.6977977735955719,High Risk,1,Churned
30,19,9784.67,0,514.9826315789473,631,37.11764705882353,1.6363636363636365,0.04169549465009916,Low Risk,2,VIP Loyal
414,1,179.4,1,179.4,0,0.0,1.0,0.697079006497558,High Risk,1,Churned
14,1,100.9,0,100.9,0,0.0,1.0,0.6978650146218842,High Risk,1,Churned
72,6,1049.79,0,174.965,552,110.4,1.0,0.10057692485499266,Low Risk,0,Occasional
23,6,1101.97,0,183.66166666666663,196,39.2,1.2,0.4204783379240771,Medium Risk,0,Occasional
469,4,515.0,1,128.75,252,84.0,1.0,0.38212860469551396,Medium Risk,0,Occasional
19,1,371.2,0,371.2,0,0.0,1.0,0.6951536910550754,High Risk,1,Churned
79,1,311.69,0,311.69,0,0.0,1.0,0.6957517959801103,High Risk,1,Churned
60,32,17629.35,0,550.9171875,676,21.806451612903224,2.1333333333333333,0.023418160784231357,Low Risk,2,VIP Loyal
25,4,1013.77,0,253.4425,410,136.66666666666666,1.3333333333333333,0.22225817931896297,Low Risk,3,regular
12,2,503.44,0,251.72000000000003,690,690.0,1.0,0.19284990216816109,Low Risk,0,Occasional
733,1,163.77,1,163.77,0,0.0,1.0,0.6972355994002098,High Risk,1,Churned
421,1,1325.0,1,1325.0,0,0.0,1.0,0.6854784319390101,High Risk,1,Churned
253,2,333.29,1,166.645,391,391.0,1.0,0.3871703630539937,Medium Risk,0,Occasional
147,6,957.9399999999999,0,159.65666666666667,588,117.6,1.0,0.08476847378700618,Low Risk,0,Occasional
64,4,695.42,0,173.855,232,77.33333333333333,1.0,0.4052364617301118,Medium Risk,0,Occasional
8,2,221.27,0,110.63499999999999,162,162.0,1.0,0.5708028794290589,Medium Risk,0,Occasional
11,22,16410.15,0,745.9159090909092,724,34.476190476190474,1.8333333333333333,0.023531784619720823,Low Risk,2,VIP Loyal
271,4,366.91,1,91.7275,313,104.33333333333333,1.3333333333333333,0.3161038632368129,Medium Risk,0,Occasional
10,12,3164.48,0,263.70666666666665,515,46.81818181818182,1.7142857142857142,0.0929539060810996,Low Risk,2,VIP Loyal
247,1,206.21,1,206.21,0,0.0,1.0,0.6968102974731807,High Risk,1,Churned
96,2,599.0,0,299.5,0,0.0,2.0,0.6949707216986475,High Risk,1,Churned
15,6,1115.8400000000001,0,185.97333333333333,709,141.8,2.0,0.04775751069232459,Low Risk,0,Occasional
50,6,1982.6100000000001,0,330.435,686,137.2,1.5,0.052886925812588324,Low Risk,3,regular
30,2,504.99,0,252.495,428,428.0,1.0,0.35831820097375094,Medium Risk,0,Occasional
704,1,906.23,1,906.23,0,0.0,1.0,0.6897469092607699,High Risk,1,Churned
68,12,4919.35,0,409.9458333333334,595,54.09090909090909,1.3333333333333333,0.06153795691047593,Low Risk,2,VIP Loyal
35,3,1116.57,0,372.19,8,4.0,1.5,0.6789266789384512,High Risk,3,regular
128,2,145.07,0,72.535,252,252.0,1.0,0.498769914090674,Medium Risk,0,Occasional
107,3,1314.45,0,438.15000000000003,118,59.0,1.0,0.5601778688817246,Medium Risk,3,regular
37,1,114.39,0,114.39,0,0.0,1.0,0.6977300236861347,High Risk,1,Churned
57,2,472.39,0,236.195,363,363.0,1.0,0.4082085409690676,Medium Risk,0,Occasional
57,7,790.86,0,112.98,269,44.833333333333336,1.4,0.3214750643549529,Medium Risk,0,Occasional
726,1,31.929999999999996,1,31.929999999999996,0,0.0,1.0,0.6985546449454015,High Risk,1,Churned
72,10,3142.14,0,314.214,518,57.55555555555556,1.25,0.09739131232914942,Low Risk,2,VIP Loyal
735,1,439.46,1,439.46,0,0.0,1.0,0.6944668321805304,High Risk,1,Churned
737,1,150.68,1,150.68,0,0.0,1.0,0.697366709457633,High Risk,1,Churned
246,2,372.92,1,186.46,177,177.0,1.0,0.5580817956188464,Medium Risk,0,Occasional
572,1,237.78,1,237.78,0,0.0,1.0,0.6964937077657204,High Risk,1,Churned
689,1,183.20000000000002,1,183.20000000000002,0,0.0,1.0,0.69704092836662,High Risk,1,Churned
19,6,1271.41,0,211.90166666666667,678,135.6,1.2,0.05480350792409133,Low Risk,0,Occasional
198,2,296.75,1,148.375,159,159.0,1.0,0.572800035621668,Medium Risk,0,Occasional
376,2,566.9,1,283.45,307,307.0,1.0,0.45217719859139627,Medium Risk,0,Occasional
16,8,1713.85,0,214.23125,721,103.0,2.0,0.03874833872052735,Low Risk,2,VIP Loyal
212,7,2066.6,1,295.2285714285714,390,65.0,1.4,0.1988701491633278,Low Risk,3,regular
662,1,342.4,1,342.4,0,0.0,1.0,0.6954432277400017,High Risk,1,Churned
612,2,305.42,1,152.70999999999998,118,118.0,1.0,0.6049078486813655,High Risk,0,Occasional
430,1,314.67,1,314.67,0,0.0,1.0,0.6957218612144956,High Risk,1,Churned
442,1,210.5,1,210.5,0,0.0,1.0,0.6967672875253733,High Risk,1,Churned
564,1,36.13,1,36.13,0,0.0,1.0,0.6985126747806708,High Risk,1,Churned
382,5,960.63,1,192.126,240,60.0,1.25,0.3788679813731357,Medium Risk,0,Occasional
39,2,233.23000000000002,0,116.61500000000001,241,241.0,1.0,0.5072235323906221,Medium Risk,0,Occasional
481,2,442.28999999999996,1,221.145,0,0.0,2.0,0.6956586593900339,High Risk,1,Churned
46,4,776.5999999999999,0,194.15,609,203.0,1.0,0.09669044199578408,Low Risk,3,regular
170,4,770.73,0,192.6825,435,145.0,1.0,0.2009220942112838,Low Risk,0,Occasional
593,1,129.48000000000002,1,129.48000000000002,0,0.0,1.0,0.697578981467202,High Risk,1,Churned
48,1,490.52,0,490.52,0,0.0,1.0,0.6939524802572906,High Risk,1,Churned
394,2,230.85999999999999,1,115.42999999999999,0,0.0,2.0,0.6965854263725219,High Risk,1,Churned
116,9,4817.28,0,535.2533333333333,580,72.5,1.125,0.07431253648504535,Low Risk,3,regular
473,6,1060.7,1,176.78333333333333,209,41.8,1.5,0.4055341373786382,Medium Risk,0,Occasional
147,1,1246.32,0,1246.32,0,0.0,1.0,0.6862828330173713,High Risk,1,Churned
16,56,14106.2,0,251.89642857142857,722,13.127272727272727,2.3333333333333335,0.009262451801095755,Low Risk,2,VIP Loyal
51,2,825.14,0,412.57,402,402.0,1.0,0.3763529233878175,Medium Risk,3,regular
159,1,156.91,0,156.91,0,0.0,1.0,0.6973043134915681,High Risk,1,Churned
480,2,360.0,1,180.0,157,157.0,1.0,0.5740646490204788,Medium Risk,3,regular
12,3,1261.78,0,420.5933333333334,12,6.0,3.0,0.6815738609047696,High Risk,3,regular
36,1,308.94,0,308.94,0,0.0,1.0,0.6957794188740559,High Risk,1,Churned
396,2,416.6,1,208.3,20,20.0,1.0,0.6772587845680125,High Risk,0,Occasional
54,3,860.62,0,286.87333333333333,523,261.5,1.0,0.17198891616999146,Low Risk,3,regular
488,10,1641.3,1,164.13,189,21.0,1.25,0.3941287012674822,Medium Risk,0,Occasional
43,2,260.17,0,130.08499999999998,133,133.0,1.0,0.5934606659539511,Medium Risk,0,Occasional
501,13,2365.02,1,181.92461538461538,223,18.583333333333332,1.8571428571428572,0.33250955396779464,Medium Risk,2,VIP Loyal
173,5,630.3,0,126.05999999999999,370,92.5,1.25,0.23904403685093872,Low Risk,0,Occasional
34,1,125.58,0,125.58,0,0.0,1.0,0.6976180223205198,High Risk,1,Churned
39,3,607.46,0,202.48666666666668,329,164.5,1.0,0.3323979468999478,Medium Risk,0,Occasional
267,1,266.0,1,266.0,0,0.0,1.0,0.6962105546470149,High Risk,1,Churned
379,1,203.42,1,203.42,0,0.0,1.0,0.6968382671282696,High Risk,1,Churned
9,12,2783.83,0,231.98583333333332,489,44.45454545454545,1.2,0.1046839373979644,Low Risk,2,VIP Loyal
12,5,1186.09,0,237.21800000000002,665,166.25,1.6666666666666667,0.06531482979122584,Low Risk,0,Occasional
3,20,12170.68,0,608.534,671,35.31578947368421,1.25,0.032448705408277594,Low Risk,2,VIP Loyal
10,16,4075.51,0,254.71937499999999,414,27.6,2.2857142857142856,0.13736364919847086,Low Risk,2,VIP Loyal
33,2,1013.09,0,506.545,535,535.0,1.0,0.28091817484133424,Low Risk,3,regular
80,5,1061.61,0,212.32200000000003,368,92.0,1.0,0.23957282799525784,Low Risk,0,Occasional
31,10,3195.6,0,319.56,593,65.88888888888889,1.4285714285714286,0.06707566444509606,Low Risk,2,VIP Loyal
8,6,1157.71,0,192.95166666666668,385,77.0,1.5,0.21328788778640734,Low Risk,0,Occasional
620,1,365.1,1,365.1,0,0.0,1.0,0.6952150294335263,High Risk,1,Churned
72,8,1979.91,0,247.48875,573,81.85714285714286,1.3333333333333333,0.08101714125145514,Low Risk,3,regular
4,14,3156.58,0,225.47,727,55.92307692307692,1.2727272727272727,0.028345921571607882,Low Risk,2,VIP Loyal
256,8,13780.65,1,1722.58125,472,67.42857142857143,1.1428571428571428,0.13047397147302958,Low Risk,3,regular
5,10,2586.67,0,258.66700000000003,324,36.0,1.25,0.23740448593931235,Low Risk,2,VIP Loyal
16,14,8313.4,0,593.8142857142857,561,43.15384615384615,1.2727272727272727,0.06900691550547197,Low Risk,2,VIP Loyal
90,1,252.73000000000002,0,252.73000000000002,0,0.0,1.0,0.6963437213827058,High Risk,1,Churned
72,3,465.55,0,155.1833333333333,107,53.5,1.5,0.5773556102688577,Medium Risk,0,Occasional
376,2,402.51,1,201.255,0,0.0,2.0,0.6958331497642565,High Risk,1,Churned
59,9,1309.86,0,145.54,366,45.75,1.2857142857142858,0.20468081645224176,Low Risk,0,Occasional
10,93,40031.43,0,430.44548387096773,719,7.815217391304348,3.875,0.0040718149508580884,Low Risk,2,VIP Loyal
542,1,7.49,1,7.49,0,0.0,1.0,0.6987988054173067,High Risk,1,Churned
170,2,294.02,0,147.01,274,274.0,1.0,0.4801870303329227,Medium Risk,0,Occasional
199,2,315.45,1,157.72500000000002,396,396.0,1.0,0.38342073003203364,Medium Risk,0,Occasional
31,6,2873.7999999999997,0,478.96666666666664,501,100.2,1.2,0.12735341051083776,Low Risk,3,regular
19,35,16204.33,0,462.9808571428572,703,20.676470588235293,1.75,0.018301595992318908,Low Risk,2,VIP Loyal
152,2,735.66,0,367.83,105,105.0,1.0,0.6128162634071161,High Risk,0,Occasional
9,25,7812.389999999999,0,312.4956,685,28.541666666666668,1.3888888888888888,0.025672008749538077,Low Risk,2,VIP Loyal
270,1,343.62,1,343.62,0,0.0,1.0,0.6954309657797145,High Risk,1,Churned
65,4,482.75,0,120.6875,303,101.0,1.0,0.32506606024190293,Medium Risk,0,Occasional
274,1,121.17000000000002,1,121.17000000000002,0,0.0,1.0,0.6976621650760827,High Risk,1,Churned
25,5,4193.79,0,838.758,455,113.75,1.25,0.16665824631437612,Low Risk,3,regular
23,9,3935.16,0,437.24,715,89.375,1.0,0.037044660234991394,Low Risk,3,regular
319,1,215.78,1,215.78,0,0.0,1.0,0.6967143474746985,High Risk,1,Churned
5,3,697.79,0,232.59666666666666,277,138.5,1.0,0.3858249761562331,Medium Risk,3,regular
12,2,302.1,0,151.05,28,28.0,1.0,0.6720899488454569,High Risk,0,Occasional
475,3,560.07,1,186.68999999999997,248,124.0,1.0,0.4175031839765234,Medium Risk,0,Occasional
520,1,133.45,1,133.45,0,0.0,1.0,0.6975392369480965,High Risk,1,Churned
275,5,3255.96,1,651.192,458,114.5,1.0,0.16441142478309914,Low Risk,3,regular
25,16,3410.03,0,213.126875,628,41.86666666666667,1.3333333333333333,0.04511473166158656,Low Risk,2,VIP Loyal
41,19,3523.57,0,185.45105263157893,692,38.44444444444444,1.3571428571428572,0.029095767971178917,Low Risk,2,VIP Loyal
8,4,303.09,0,75.7725,0,0.0,2.0,0.6854747661166822,High Risk,1,Churned
4,127,137818.52,0,1085.1851968503936,734,5.967479674796748,5.166666666666667,0.00262948572151277,Low Risk,2,VIP Loyal
71,8,2585.62,0,323.2025,539,77.0,1.1428571428571428,0.09535011944309228,Low Risk,3,regular
213,1,370.79999999999995,1,370.79999999999995,0,0.0,1.0,0.6951577134561677,High Risk,1,Churned
410,4,1254.41,1,313.6025,306,102.0,1.0,0.3206065076015958,Medium Risk,3,regular
38,5,3326.86,0,665.3720000000001,373,93.25,1.0,0.23304239582738756,Low Risk,3,regular
53,1,893.59,0,893.59,0,0.0,1.0,0.6898752512401405,High Risk,1,Churned
78,5,3877.88,0,775.5759999999999,528,132.0,1.25,0.12115806952962102,Low Risk,3,regular
46,4,1176.85,0,294.2125,575,191.66666666666666,1.0,0.11198459060034895,Low Risk,3,regular
179,1,1109.53,0,1109.53,0,0.0,1.0,0.6876786698013762,High Risk,1,Churned
373,3,843.25,1,281.0833333333333,351,175.5,1.0,0.3102511369062379,Medium Risk,0,Occasional
94,4,1455.56,0,363.89000000000004,476,158.66666666666666,1.0,0.1698345251056695,Low Risk,3,regular
479,1,187.51999999999998,1,187.51999999999998,0,0.0,1.0,0.6969976362573315,High Risk,1,Churned
10,8,2788.02,0,348.5025,672,96.0,1.3333333333333333,0.04916326761989568,Low Risk,2,VIP Loyal
105,3,1566.33,0,522.11,362,181.0,1.0,0.29799030348821154,Low Risk,3,regular
78,1,773.03,0,773.03,0,0.0,1.0,0.6910979029515557,High Risk,1,Churned
173,3,1447.74,0,482.5800000000001,349,174.5,1.0,0.31064553803805856,Medium Risk,3,regular
495,2,2428.08,1,1214.04,235,235.0,1.0,0.500714378992411,Medium Risk,3,regular
7,53,17761.88,0,335.12981132075475,728,14.56,2.217391304347826,0.009889030708122151,Low Risk,2,VIP Loyal
213,11,3767.35,1,342.48636363636365,519,51.9,1.375,0.09373683456003339,Low Risk,2,VIP Loyal
428,2,546.25,1,273.125,74,74.0,1.0,0.6372712166318497,High Risk,0,Occasional
22,12,1965.72,0,163.81,513,46.63636363636363,1.0909090909090908,0.09261117257251064,Low Risk,2,VIP Loyal
669,1,93.35000000000001,1,93.35000000000001,0,0.0,1.0,0.6979405505938936,High Risk,1,Churned
257,1,88.2,1,88.2,0,0.0,1.0,0.6979920689853266,High Risk,1,Churned
380,2,965.2,1,482.59999999999997,266,266.0,1.0,0.48318663943976164,Medium Risk,3,regular
730,1,347.54,1,347.54,0,0.0,1.0,0.695391564816183,High Risk,1,Churned
565,2,218.53,1,109.265,60,60.0,1.0,0.649238800807075,High Risk,0,Occasional
282,1,306.94,1,306.94,0,0.0,1.0,0.6957995073649731,High Risk,1,Churned
21,2,1160.07,0,580.0350000000001,45,45.0,1.0,0.6558353060660409,High Risk,3,regular
10,6,2420.84,0,403.47333333333336,118,23.6,1.5,0.52262480551626,Medium Risk,3,regular
308,1,381.32,1,381.32,0,0.0,1.0,0.6950519143941264,High Risk,1,Churned
68,3,1046.6100000000001,0,348.87000000000006,607,303.5,1.5,0.12560196834918128,Low Risk,3,regular
215,3,776.46,1,258.82,247,123.5,1.0,0.4179738924264599,Medium Risk,0,Occasional
18,23,14326.11,0,622.8743478260869,713,32.40909090909091,1.3529411764705883,0.02386823646521824,Low Risk,2,VIP Loyal
463,2,83.0,1,41.5,181,181.0,1.0,0.5563661570702495,Medium Risk,0,Occasional
104,10,3141.64,0,314.164,584,64.88888888888889,1.25,0.06996956939383195,Low Risk,2,VIP Loyal
43,1,219.39000000000001,0,219.39000000000001,0,0.0,1.0,0.6966781487164242,High Risk,1,Churned
4,3,908.35,0,302.7833333333333,578,289.0,1.5,0.14081384673566963,Low Risk,3,regular
182,3,39916.5,1,13305.5,0,0.0,3.0,0.5886435735480665,Medium Risk,3,regular
84,1,410.48,0,410.48,0,0.0,1.0,0.6947585461816035,High Risk,1,Churned
334,7,2894.7,1,413.5285714285714,367,61.166666666666664,1.75,0.22014561988851677,Low Risk,0,Occasional
9,6,1477.94,0,246.32333333333335,581,116.2,1.2,0.08787791085465099,Low Risk,3,regular
531,2,554.67,1,277.335,16,16.0,2.0,0.6840691697940291,High Risk,0,Occasional
31,2,703.36,0,351.68,55,55.0,1.0,0.6506392038869607,High Risk,3,regular
197,2,1027.44,1,513.72,85,85.0,1.0,0.6266625973914479,High Risk,3,regular
18,9,3094.91,0,343.87888888888887,608,76.0,1.5,0.0649837862727476,Low Risk,2,VIP Loyal
18,5,1422.52,0,284.504,251,62.75,1.0,0.3639857903967501,Medium Risk,3,regular
311,9,940.35,1,104.48333333333333,140,17.5,1.8,0.4701724200540115,Medium Risk,0,Occasional
142,4,1300.25,0,325.0625,85,28.333333333333332,1.3333333333333333,0.5842852469159114,Medium Risk,0,Occasional
246,3,983.1,1,327.7,489,244.5,1.0,0.1946066720125715,Low Risk,0,Occasional
24,6,1505.8500000000001,0,250.97500000000002,461,92.2,1.0,0.15249184998794646,Low Risk,0,Occasional
29,5,2730.87,0,546.174,563,140.75,1.0,0.10335254177885143,Low Risk,3,regular
611,1,209.4,1,209.4,0,0.0,1.0,0.6967783160456342,High Risk,1,Churned
10,3,3609.33,0,1203.11,44,22.0,1.5,0.6359265207482766,High Risk,3,regular
30,12,3400.12,0,283.3433333333333,390,35.45454545454545,1.2,0.16807060352284334,Low Risk,2,VIP Loyal
18,2,531.85,0,265.925,714,714.0,1.0,0.18094570649233896,Low Risk,0,Occasional
18,4,1352.75,0,338.1875,187,62.333333333333336,1.0,0.4581792328466985,Medium Risk,3,regular
15,8,2485.9700000000003,0,310.74625000000003,619,88.42857142857143,1.3333333333333333,0.06436684863631349,Low Risk,2,VIP Loyal
134,1,244.8,0,244.8,0,0.0,1.0,0.6964232845827789,High Risk,1,Churned
246,1,266.4,1,266.4,0,0.0,1.0,0.6962065400670766,High Risk,1,Churned
134,1,358.82,0,358.82,0,0.0,1.0,0.6952781705552651,High Risk,1,Churned
50,2,457.72,0,228.85999999999999,238,238.0,1.0,0.5084905052391517,Medium Risk,0,Occasional
114,11,4497.47,0,408.8609090909091,505,50.5,1.2222222222222223,0.10025794168936941,Low Risk,2,VIP Loyal
7,5,4656.17,0,931.234,626,156.5,1.0,0.07643089927699587,Low Risk,3,regular
23,4,450.82,0,112.705,628,209.33333333333334,1.0,0.08904078052060664,Low Risk,0,Occasional
25,24,17024.87,0,709.3695833333333,593,25.782608695652176,1.8461538461538463,0.04548334967103609,Low Risk,2,VIP Loyal
537,2,449.49,1,224.745,150,150.0,1.0,0.5791493036173352,Medium Risk,0,Occasional
66,2,711.5,0,355.75,454,454.0,1.0,0.33822862083713545,Medium Risk,3,regular
60,5,1783.68,0,356.736,369,92.25,1.0,0.23802823655814304,Low Risk,3,regular
50,23,6860.18,0,298.2686956521739,559,26.61904761904762,1.4666666666666666,0.05383850916778093,Low Risk,2,VIP Loyal
170,1,330.11,0,330.11,0,0.0,1.0,0.6955667364347853,High Risk,1,Churned
395,1,80.28,1,80.28,0,0.0,1.0,0.6980712875400222,High Risk,1,Churned
18,5,977.9300000000001,0,195.586,244,61.0,1.0,0.3728030693720521,Medium Risk,0,Occasional
128,5,1806.9,0,361.38,392,98.0,1.0,0.21732837925666984,Low Risk,3,regular
15,10,1596.29,0,159.629,407,45.22222222222222,1.1111111111111112,0.16464620287966955,Low Risk,2,VIP Loyal
239,2,305.68,1,152.84,317,317.0,1.0,0.44550041284785735,Medium Risk,0,Occasional
3,4,1286.7,0,321.675,93,46.5,1.0,0.5824696358368877,Medium Risk,3,regular
521,2,823.4,1,411.7,159,159.0,1.0,0.5701275412469219,Medium Risk,3,regular
394,1,502.52,1,502.52,0,0.0,1.0,0.6938315282678736,High Risk,1,Churned
240,2,178.96,1,89.48,96,96.0,1.0,0.6224273979543908,High Risk,0,Occasional
52,8,3243.69,0,405.46125,390,55.714285714285715,1.1428571428571428,0.19028261472307634,Low Risk,3,regular
458,7,1388.47,1,198.35285714285715,163,27.166666666666668,1.4,0.4542405995508913,Medium Risk,0,Occasional
46,6,2619.92,0,436.65333333333336,454,90.8,1.5,0.1582756568046398,Low Risk,3,regular
226,2,563.63,1,281.815,206,206.0,1.0,0.5338133768662705,Medium Risk,0,Occasional
8,29,12160.31,0,419.3210344827586,718,25.642857142857142,1.7058823529411764,0.019548508183084304,Low Risk,2,VIP Loyal
4,4,1194.73,0,298.6825,244,81.33333333333333,1.3333333333333333,0.3919357908152725,Medium Risk,3,regular
165,2,1327.16,0,663.58,126,126.0,1.0,0.5935987933173669,Medium Risk,3,regular
240,1,623.5,1,623.5,0,0.0,1.0,0.6926106407969297,High Risk,1,Churned
11,1,301.29,0,301.29,0,0.0,1.0,0.6958562533180247,High Risk,1,Churned
134,5,1554.6100000000001,0,310.922,515,128.75,1.6666666666666667,0.13064456501204805,Low Risk,0,Occasional
17,13,9001.08,0,692.3907692307693,526,43.833333333333336,1.625,0.08582221989027164,Low Risk,2,VIP Loyal
423,2,2085.61,1,1042.805,86,86.0,1.0,0.6207560743986636,High Risk,3,regular
10,14,5263.83,0,375.98785714285714,691,53.15384615384615,2.0,0.035070840839501426,Low Risk,2,VIP Loyal
31,1,329.25,0,329.25,0,0.0,1.0,0.6955753779741113,High Risk,1,Churned
75,3,1388.41,0,462.80333333333334,402,201.0,1.5,0.26428650568554496,Low Risk,3,regular
383,1,383.96999999999997,1,383.96999999999997,0,0.0,1.0,0.6950252602403901,High Risk,1,Churned
1,3,961.49,0,320.49666666666667,32,16.0,1.5,0.6554069322769241,High Risk,3,regular
4,5,2654.11,0,530.822,725,181.25,1.0,0.047925409397315995,Low Risk,3,regular
45,2,606.02,0,303.01,356,356.0,1.0,0.4130276823322909,Medium Risk,0,Occasional
2,34,22116.73,0,650.4920588235294,430,13.030303030303031,2.4285714285714284,0.08574438876993926,Low Risk,2,VIP Loyal
357,4,589.27,1,147.3175,63,21.0,1.3333333333333333,0.6114930130274799,High Risk,0,Occasional
388,1,119.92,1,119.92,0,0.0,1.0,0.6976746765307994,High Risk,1,Churned
731,1,312.9,1,312.9,0,0.0,1.0,0.6957396414596724,High Risk,1,Churned
18,2,304.47,0,152.235,173,173.0,1.0,0.5616251606084296,Medium Risk,0,Occasional
69,9,2068.92,0,229.88,621,77.625,1.0,0.0602171978614372,Low Risk,3,regular
373,1,975.5,1,975.5,0,0.0,1.0,0.68904304834016,High Risk,1,Churned
468,1,167.16,1,167.16,0,0.0,1.0,0.6972016397618712,High Risk,1,Churned
321,5,1659.67,1,331.934,352,88.0,1.25,0.25527868265732045,Low Risk,3,regular
26,1,106.56,0,106.56,0,0.0,1.0,0.6978083806305405,High Risk,1,Churned
382,2,569.22,1,284.61,344,344.0,1.0,0.4226713164435359,Medium Risk,0,Occasional
407,1,81.15,1,81.15,0,0.0,1.0,0.6980625860783501,High Risk,1,Churned
331,1,1289.5,1,1289.5,0,0.0,1.0,0.6858415116811573,High Risk,1,Churned
9,5,1624.05,0,324.81,227,56.75,1.0,0.3926328322979181,Medium Risk,3,regular
381,7,1494.6,1,213.5142857142857,236,39.333333333333336,1.4,0.3606763024647391,Medium Risk,0,Occasional
323,2,481.46,1,240.73,87,87.0,1.0,0.627792588631806,High Risk,0,Occasional
72,1,224.14,0,224.14,0,0.0,1.0,0.696630515054973,High Risk,1,Churned
668,1,988.04,1,988.04,0,0.0,1.0,0.6889155342359392,High Risk,1,Churned
426,1,948.93,1,948.93,0,0.0,1.0,0.6893131329500249,High Risk,1,Churned
260,1,40.5,1,40.5,0,0.0,1.0,0.6984690022980354,High Risk,1,Churned
18,13,7491.92,0,576.3015384615385,718,59.833333333333336,1.0833333333333333,0.030993800177419373,Low Risk,2,VIP Loyal
367,3,904.4300000000001,1,301.4766666666667,221,110.5,1.0,0.44624784916953253,Medium Risk,3,regular
66,5,1200.2,0,240.04000000000002,664,166.0,1.0,0.0647611728534605,Low Risk,0,Occasional
154,11,2998.952,0,272.632,502,55.77777777777778,1.4285714285714286,0.10328208590406486,Low Risk,2,VIP Loyal
548,3,639.93,1,213.31000000000003,36,18.0,1.5,0.6522005630423563,High Risk,0,Occasional
29,4,689.95,0,172.4875,694,231.33333333333334,1.0,0.06592242188669506,Low Risk,0,Occasional
70,1,310.62,0,310.62,0,0.0,1.0,0.6957625439647647,High Risk,1,Churned
14,5,1403.2,0,280.64,682,170.5,1.0,0.059348852819055005,Low Risk,3,regular
2,16,4777.18,0,298.57375,210,14.0,2.0,0.33086375000105644,Medium Risk,2,VIP Loyal
725,1,310.43,1,310.43,0,0.0,1.0,0.6957644524630657,High Risk,1,Churned
1,46,17524.38,0,380.96478260869566,507,11.266666666666667,2.875,0.04130644457804813,Low Risk,2,VIP Loyal
434,1,834.4399999999999,1,834.4399999999999,0,0.0,1.0,0.6904754502510485,High Risk,1,Churned
463,3,588.05,1,196.01666666666665,225,225.0,1.0,0.5128296252412061,Medium Risk,0,Occasional
120,5,1981.39,0,396.278,560,140.0,1.0,0.10511326798492553,Low Risk,3,regular
61,1,499.32,0,499.32,0,0.0,1.0,0.6938637847431334,High Risk,1,Churned
3,28,12427.69,0,443.84607142857146,733,27.14814814814815,1.6470588235294117,0.018503330087775213,Low Risk,2,VIP Loyal
3,1,3861.0,0,3861.0,0,0.0,1.0,0.6589735028161736,High Risk,3,regular
433,2,316.25,1,158.125,293,293.0,1.0,0.46472874986208246,Medium Risk,0,Occasional
11,6,1877.51,0,312.91833333333335,717,143.4,1.0,0.04487093459205808,Low Risk,3,regular
92,5,571.35,0,114.27000000000001,597,149.25,1.0,0.08912552868410767,Low Risk,0,Occasional
59,10,3122.4,0,312.24,516,57.333333333333336,1.0,0.09788523471660564,Low Risk,2,VIP Loyal
495,1,549.05,1,549.05,0,0.0,1.0,0.6933622845153592,High Risk,1,Churned
87,7,1842.95,0,263.2785714285714,524,87.33333333333333,1.1666666666666667,0.1079863467703638,Low Risk,3,regular
420,3,6001.49,1,2000.4966666666667,0,0.0,3.0,0.6811204417264703,High Risk,1,Churned
26,15,4400.18,0,293.3453333333334,705,50.357142857142854,1.0714285714285714,0.030773323495017258,Low Risk,2,VIP Loyal
357,1,316.58,1,316.58,0,0.0,1.0,0.695702673966465,High Risk,1,Churned
85,2,653.24,0,326.62,42,42.0,1.0,0.6603854840631026,High Risk,3,regular
10,4,420.29999999999995,0,105.075,265,88.33333333333333,1.0,0.36734387297509863,Medium Risk,0,Occasional
416,3,683.9200000000001,1,227.97333333333333,130,65.0,1.5,0.5513324838823287,Medium Risk,0,Occasional
1,6,970.52,0,161.75333333333333,422,84.4,1.0,0.18105389353729137,Low Risk,0,Occasional
730,1,178.98000000000002,1,178.98000000000002,0,0.0,1.0,0.6970832149669987,High Risk,1,Churned
225,3,1176.19,1,392.06333333333333,350,175.0,1.0,0.31037070069679423,Medium Risk,3,regular
60,2,1277.48,0,638.74,304,304.0,1.0,0.4509381074999329,Medium Risk,3,regular
241,2,208.28,1,104.13999999999999,135,135.0,1.0,0.5921558842006205,Medium Risk,0,Occasional
319,2,328.35,1,164.17499999999998,11,11.0,2.0,0.6885666806426023,High Risk,1,Churned
2,8,1661.44,0,207.68,241,34.42857142857143,1.3333333333333333,0.3450643463562901,Medium Risk,2,VIP Loyal
47,7,2422.43,0,346.06142857142856,566,94.33333333333333,1.1666666666666667,0.08818029438995627,Low Risk,3,regular
88,2,486.09,0,243.04500000000002,531,531.0,1.0,0.2857674314382556,Low Risk,0,Occasional
563,1,426.24,1,426.24,0,0.0,1.0,0.6945999246708192,High Risk,1,Churned
11,22,11516.57,0,523.4804545454546,672,32.0,1.2941176470588236,0.030407454898899483,Low Risk,2,VIP Loyal
176,2,685.45,0,342.725,472,472.0,1.0,0.32541779024632717,Medium Risk,0,Occasional
52,6,1778.96,0,296.49333333333334,229,45.8,1.0,0.3775441703454833,Medium Risk,3,regular
366,4,2465.4500000000003,1,616.3625,271,90.33333333333333,1.0,0.3570665677597987,Medium Risk,3,regular
319,11,3550.91,1,322.81,404,40.4,1.375,0.1627966195220087,Low Risk,3,regular
226,5,1417.95,1,283.59000000000003,509,127.25,1.25,0.13322026123961972,Low Risk,0,Occasional
358,5,871.36,1,174.272,334,83.5,1.25,0.27391092314522386,Low Risk,0,Occasional
234,1,409.40000000000003,1,409.40000000000003,0,0.0,1.0,0.6947694144923933,High Risk,1,Churned
311,1,154.41,1,154.41,0,0.0,1.0,0.6973293528757756,High Risk,1,Churned
37,9,2488.4900000000002,0,276.4988888888889,597,74.625,1.125,0.06819754746395813,Low Risk,2,VIP Loyal
66,6,5580.2699999999995,0,930.0450000000001,433,86.6,1.0,0.17076035971152026,Low Risk,3,regular
586,1,160.5,1,160.5,0,0.0,1.0,0.6972683548856176,High Risk,1,Churned
239,2,429.6,1,214.8,1,1.0,2.0,0.6950279359114244,High Risk,1,Churned
621,1,250.26,1,250.26,0,0.0,1.0,0.696368504623989,High Risk,1,Churned
113,2,612.06,0,306.03,27,27.0,1.0,0.6713881867420638,High Risk,3,regular
401,1,59.400000000000006,1,59.400000000000006,0,0.0,1.0,0.6982800799191929,High Risk,1,Churned
277,1,197.0,1,197.0,0,0.0,1.0,0.6969026218730834,High Risk,1,Churned
218,16,2937.81,1,183.613125,170,13.076923076923077,2.3333333333333335,0.38349114418842406,Medium Risk,2,VIP Loyal
299,1,321.05,1,321.05,0,0.0,1.0,0.6956577671181546,High Risk,1,Churned
2,4,1412.32,0,353.08000000000004,225,75.0,1.0,0.4122646204628695,Medium Risk,3,regular
29,3,1071.99,0,357.33,154,77.0,1.0,0.5207562889491887,Medium Risk,3,regular
10,2,780.59,0,390.295,68,68.0,1.0,0.6406360558882199,High Risk,3,regular
45,12,4459.98,0,371.66499999999996,689,62.63636363636363,1.0909090909090908,0.03737045968037864,Low Risk,2,VIP Loyal
67,11,3050.16,0,277.2872727272727,587,58.7,1.1,0.06605535425078533,Low Risk,2,VIP Loyal
422,1,302.04,1,302.04,0,0.0,1.0,0.6958487210123889,High Risk,1,Churned
74,2,927.2800000000001,0,463.64,360,360.0,1.0,0.40827979031194656,Medium Risk,3,regular
65,3,912.08,0,304.02666666666664,600,300.0,1.0,0.12808380334792924,Low Risk,3,regular
134,8,4610.84,0,576.355,461,65.85714285714286,1.1428571428571428,0.13807401934714086,Low Risk,3,regular
238,3,780.4,1,260.1333333333334,317,158.5,1.0,0.34400197598365573,Medium Risk,0,Occasional
122,3,976.06,0,325.3533333333333,414,207.0,1.0,0.2528546680423026,Low Risk,3,regular
411,3,1893.93,1,631.3100000000001,122,61.0,1.0,0.5540568826515655,Medium Risk,3,regular
32,18,9266.0,0,514.7777777777778,591,34.76470588235294,1.3846153846153846,0.0525431865464011,Low Risk,2,VIP Loyal
641,1,60.0,1,60.0,0,0.0,1.0,0.6982740812825459,High Risk,1,Churned
9,21,20324.54,0,967.8352380952381,670,33.5,1.3125,0.03260687027667247,Low Risk,2,VIP Loyal
36,5,2103.41,0,420.68199999999996,575,143.75,1.0,0.0980594714446605,Low Risk,3,regular
16,8,2055.09,0,256.88624999999996,570,95.0,1.1666666666666667,0.08454814839360529,Low Risk,3,regular
127,3,1088.35,0,362.7833333333333,433,216.5,1.0,0.23683701873048185,Low Risk,3,regular
67,9,3729.42,0,414.38,670,83.75,1.2857142857142858,0.047086970113202294,Low Risk,3,regular
149,2,170.4,0,85.2,413,413.0,1.0,0.3711857141233642,Medium Risk,0,Occasional
283,2,685.9,1,342.95,130,130.0,1.0,0.5936775851665488,Medium Risk,0,Occasional
169,2,623.16,0,311.58000000000004,48,48.0,1.0,0.6561522858280948,High Risk,0,Occasional
513,4,1182.3799999999999,1,295.59499999999997,169,56.333333333333336,1.3333333333333333,0.48225678785541504,Medium Risk,0,Occasional
100,25,9188.23,0,367.5292,633,27.52173913043478,1.5,0.03446802822794526,Low Risk,2,VIP Loyal
135,4,1508.0,0,377.0,299,99.66666666666667,1.3333333333333333,0.32928545095552125,Medium Risk,3,regular
324,3,418.82,1,139.60666666666665,164,82.0,1.0,0.5114674242350857,Medium Risk,0,Occasional
107,1,156.51,0,156.51,0,0.0,1.0,0.6973083198718162,High Risk,1,Churned
64,2,848.4,0,424.20000000000005,466,466.0,1.0,0.32895429158933454,Medium Risk,3,regular
151,4,3345.64,0,836.41,586,195.33333333333334,1.0,0.10521601143810252,Low Risk,3,regular
338,5,852.21,1,170.442,363,90.75,1.25,0.24542696064132644,Low Risk,0,Occasional
22,5,1717.36,0,343.472,160,40.0,1.25,0.47786562913184216,Medium Risk,3,regular
479,3,961.9000000000001,1,320.6333333333334,126,63.0,1.5,0.5549611700381144,Medium Risk,0,Occasional
24,3,1225.3600000000001,0,408.4533333333334,366,183.0,1.5,0.2972961976057414,Low Risk,3,regular
16,21,8524.86,0,405.9457142857143,706,35.3,2.3333333333333335,0.02630133402394295,Low Risk,2,VIP Loyal
7,24,4709.54,0,196.23083333333332,483,21.0,1.7142857142857142,0.07772781285740155,Low Risk,2,VIP Loyal
57,6,2085.48,0,347.58,605,121.0,1.0,0.07787134554880203,Low Risk,3,regular
600,1,228.96,1,228.96,0,0.0,1.0,0.6965821751074469,High Risk,1,Churned
4,2,716.57,0,358.285,14,14.0,1.0,0.6801429091187545,High Risk,3,regular
38,1,615.14,0,615.14,0,0.0,1.0,0.6926950940328727,High Risk,1,Churned
66,4,649.53,0,162.3825,368,122.66666666666667,1.3333333333333333,0.26042785859946865,Low Risk,0,Occasional
47,2,476.34,0,238.17,378,378.0,1.0,0.3965018002625434,Medium Risk,0,Occasional
562,4,496.15999999999997,1,124.03999999999999,103,34.333333333333336,2.0,0.5676128987070505,Medium Risk,0,Occasional
355,5,1580.54,1,316.108,321,80.25,1.0,0.285572259431034,Low Risk,3,regular
172,3,406.21999999999997,0,135.40666666666667,399,199.5,1.0,0.26710706152005464,Low Risk,0,Occasional
59,16,8543.57,0,533.973125,368,24.533333333333335,2.0,0.1714963588380635,Low Risk,2,VIP Loyal
570,1,348.59,1,348.59,0,0.0,1.0,0.6953810105002955,High Risk,1,Churned
390,3,148.33,1,49.443333333333335,127,63.5,1.0,0.5536027546083993,Medium Risk,0,Occasional
500,1,24.75,1,24.75,0,0.0,1.0,0.6986263862482271,High Risk,1,Churned
408,1,94.92,1,94.92,0,0.0,1.0,0.6979248439957563,High Risk,1,Churned
50,1,240.55,0,240.55,0,0.0,1.0,0.6964659208016551,High Risk,1,Churned
22,5,856.03,0,171.20600000000002,715,178.75,1.0,0.05071846893087609,Low Risk,0,Occasional
43,10,3883.13,0,388.313,622,69.11111111111111,1.1111111111111112,0.05747381151933195,Low Risk,2,VIP Loyal
29,5,1593.09,0,318.61800000000005,592,148.0,1.0,0.09082838919953584,Low Risk,3,regular
5,26,10496.28,0,403.70307692307694,649,25.96,1.368421052631579,0.030691887104215457,Low Risk,2,VIP Loyal
26,40,13846.56,0,346.164,710,18.205128205128204,2.3529411764705883,0.015363385948555665,Low Risk,2,VIP Loyal
201,1,180.94,1,180.94,0,0.0,1.0,0.6970635751600942,High Risk,1,Churned
666,1,247.5,1,247.5,0,0.0,1.0,0.6963961962889549,High Risk,1,Churned
411,1,233.35,1,233.35,0,0.0,1.0,0.6965381438620589,High Risk,1,Churned
654,1,217.23999999999998,1,217.23999999999998,0,0.0,1.0,0.6966997078274714,High Risk,1,Churned
51,12,10342.83,0,861.9025,636,57.81818181818182,1.3333333333333333,0.05010463879464076,Low Risk,2,VIP Loyal
10,3,641.94,0,213.98000000000002,53,26.5,1.5,0.6346820301826659,High Risk,0,Occasional
2,23,9459.37,0,411.2769565217392,729,33.13636363636363,1.2105263157894737,0.021414125881414305,Low Risk,2,VIP Loyal
67,10,7991.54,0,799.154,629,69.88888888888889,1.4285714285714286,0.05593462754058584,Low Risk,2,VIP Loyal
64,1,496.44,0,496.44,0,0.0,1.0,0.6938928139471492,High Risk,1,Churned
51,17,7603.4400000000005,0,447.2611764705883,399,24.9375,1.4166666666666667,0.1427373857156058,Low Risk,2,VIP Loyal
730,1,308.0,1,308.0,0,0.0,1.0,0.6957888605577703,High Risk,1,Churned
290,3,1224.18,1,408.05999999999995,393,196.5,1.0,0.27050437762634155,Low Risk,3,regular
61,9,919.5500000000001,0,102.17222222222223,360,45.0,1.125,0.2094642667965128,Low Risk,0,Occasional
555,1,93.6,1,93.6,0,0.0,1.0,0.6979380495742433,High Risk,1,Churned
64,9,3484.73,0,387.1922222222222,594,74.25,1.2857142857142858,0.06946457483308063,Low Risk,3,regular
96,1,205.3,0,205.3,0,0.0,1.0,0.6968194203524097,High Risk,1,Churned
274,1,310.47,1,310.47,0,0.0,1.0,0.6957640506745096,High Risk,1,Churned
611,4,797.96,1,199.49,124,41.333333333333336,1.0,0.5363360038526936,Medium Risk,0,Occasional
479,1,1634.64,1,1634.64,0,0.0,1.0,0.6823019684315267,High Risk,1,Churned
1,208,116771.16,0,561.3998076923077,738,3.5652173913043477,8.32,0.0002718348403364091,Low Risk,2,VIP Loyal
75,12,2930.19,0,244.1825,648,58.90909090909091,1.0909090909090908,0.046305470880659345,Low Risk,2,VIP Loyal
110,1,52.0,0,52.0,0,0.0,1.0,0.6983540575352668,High Risk,1,Churned
199,3,820.4499999999999,1,273.48333333333335,228,114.0,1.5,0.44135341082974305,Medium Risk,3,regular
64,2,570.5,0,285.25,51,51.0,1.0,0.6542026664624704,High Risk,3,regular
327,1,165.0,1,165.0,0,0.0,1.0,0.6972232780105998,High Risk,1,Churned
677,1,129.75,1,129.75,0,0.0,1.0,0.6975762785332154,High Risk,1,Churned
4,1,312.62,0,312.62,0,0.0,1.0,0.6957424541002689,High Risk,1,Churned
284,1,204.5,1,204.5,0,0.0,1.0,0.6968274403379306,High Risk,1,Churned
44,1,267.13,0,267.13,0,0.0,1.0,0.6961992133816058,High Risk,1,Churned
71,12,6709.7300000000005,0,559.1441666666667,603,54.81818181818182,2.0,0.05998717316602958,Low Risk,2,VIP Loyal
86,2,1390.86,0,695.43,390,390.0,1.0,0.38274902342018186,Medium Risk,3,regular
563,3,434.6,1,144.86666666666667,99,49.5,1.0,0.5836084015469419,Medium Risk,0,Occasional
701,1,140.22000000000003,1,140.22000000000003,0,0.0,1.0,0.6974714542067151,High Risk,1,Churned
104,8,1602.01,0,200.25125,557,79.57142857142857,1.3333333333333333,0.08768745480066674,Low Risk,3,regular
334,5,1700.52,1,340.104,404,101.0,1.25,0.20802147328908305,Low Risk,3,regular
53,1,208.75,0,208.75,0,0.0,1.0,0.6967848327920249,High Risk,1,Churned
408,1,107.24,1,107.24,0,0.0,1.0,0.6978015761418124,High Risk,1,Churned
39,11,2984.33,0,271.3027272727273,686,68.6,1.1,0.039442955036902906,Low Risk,2,VIP Loyal
32,2,714.96,0,357.48,28,28.0,1.0,0.6702017759732869,High Risk,3,regular
500,3,767.91,1,255.97000000000003,109,109.0,1.0,0.6046982583609326,High Risk,3,regular
366,6,6553.74,1,1092.29,147,29.4,2.0,0.48430303212485415,Medium Risk,3,regular
208,1,1028.56,1,1028.56,0,0.0,1.0,0.6885033070709229,High Risk,1,Churned
157,3,351.67,0,117.22333333333334,16,8.0,1.5,0.6730362813014726,High Risk,0,Occasional
54,1,173.97,0,173.97,0,0.0,1.0,0.6971334134458729,High Risk,1,Churned
402,1,240.5,1,240.5,0,0.0,1.0,0.6964664223841233,High Risk,1,Churned
411,1,373.02,1,373.02,0,0.0,1.0,0.6951353887538463,High Risk,1,Churned
677,1,283.43,1,283.43,0,0.0,1.0,0.6960355915933779,High Risk,1,Churned
66,7,1827.84,0,261.12,602,100.33333333333333,1.1666666666666667,0.07400187031596106,Low Risk,3,regular
562,1,105.5,1,105.5,0,0.0,1.0,0.6978189874544347,High Risk,1,Churned
81,2,2402.7200000000003,0,1201.36,368,368.0,1.0,0.3947051129450271,Medium Risk,3,regular
130,1,406.09,0,406.09,0,0.0,1.0,0.6948027225007918,High Risk,1,Churned
87,1,364.5,0,364.5,0,0.0,1.0,0.695221062342235,High Risk,1,Churned
1,3,563.94,0,187.98,73,36.5,1.0,0.6113146162246414,High Risk,0,Occasional
46,1,393.54,0,393.54,0,0.0,1.0,0.6949289926566194,High Risk,1,Churned
333,3,596.12,1,198.70666666666668,98,49.0,1.5,0.5868124808888304,Medium Risk,0,Occasional
366,4,1363.6,1,340.90000000000003,71,23.666666666666668,1.3333333333333333,0.6007602752689273,High Risk,3,regular
72,1,158.04,0,158.04,0,0.0,1.0,0.6972929953052374,High Risk,1,Churned
158,2,473.81,0,236.905,29,29.0,1.0,0.6705899394287412,High Risk,0,Occasional
373,2,663.25,1,331.625,9,9.0,1.0,0.6838960885115419,High Risk,1,Churned
12,10,3738.29,0,373.829,420,46.666666666666664,2.0,0.15778677462342203,Low Risk,2,VIP Loyal
549,1,114.95,1,114.95,0,0.0,1.0,0.6977244191722484,High Risk,1,Churned
255,7,3175.95,1,453.70714285714286,483,80.5,1.0,0.13023638801043133,Low Risk,3,regular
603,3,284.4,1,94.8,0,0.0,3.0,0.6956036372353589,High Risk,1,Churned
29,2,277.05,0,138.525,23,23.0,1.0,0.6757642541024633,High Risk,0,Occasional
31,13,3464.95,0,266.5346153846154,390,32.5,1.1818181818181819,0.16339928238567794,Low Risk,2,VIP Loyal
5,42,17050.41,0,405.96214285714285,727,18.641025641025642,1.6666666666666667,0.01325662391075927,Low Risk,2,VIP Loyal
663,8,181.35,1,22.66875,30,4.285714285714286,4.0,0.6348074782180795,High Risk,0,Occasional
40,1,427.93,0,427.93,0,0.0,1.0,0.6945829123888966,High Risk,1,Churned
362,4,689.07,1,172.2675,181,60.333333333333336,1.3333333333333333,0.4684747926944333,Medium Risk,0,Occasional
449,2,613.08,1,306.53999999999996,290,290.0,1.0,0.4656169587639156,Medium Risk,0,Occasional
373,2,1004.11,1,502.055,120,120.0,1.0,0.5998880440636871,Medium Risk,3,regular
96,2,913.19,0,456.595,158,158.0,1.0,0.5704656538699783,Medium Risk,3,regular
26,13,4557.13,0,350.54846153846154,647,53.916666666666664,2.1666666666666665,0.045992428011587254,Low Risk,2,VIP Loyal
75,7,2389.08,0,341.29714285714283,576,96.0,1.0,0.08372409487815159,Low Risk,3,regular
57,11,5081.33,0,461.9390909090909,671,67.1,1.375,0.043023396522874,Low Risk,2,VIP Loyal
21,2,722.74,0,361.37,372,372.0,1.0,0.3999372824301995,Medium Risk,3,regular
492,11,6251.26,1,568.2963636363636,239,23.9,1.8333333333333333,0.32769445357705734,Medium Risk,2,VIP Loyal
41,8,3739.01,0,467.37625,369,52.714285714285715,1.1428571428571428,0.2082613116002916,Low Risk,3,regular
662,1,59.400000000000006,1,59.400000000000006,0,0.0,1.0,0.6982800799191929,High Risk,1,Churned
137,8,6017.06,0,752.1324999999999,526,75.14285714285714,2.0,0.10302050411189706,Low Risk,3,regular
8,17,3421.39,0,201.25823529411767,578,36.125,1.3076923076923077,0.056957661529670175,Low Risk,2,VIP Loyal
129,2,307.32,0,153.66,495,495.0,1.0,0.3109513987476817,Medium Risk,0,Occasional
690,1,60.959999999999994,1,60.959999999999994,0,0.0,1.0,0.698264483323037,High Risk,1,Churned
40,3,1233.3600000000001,0,411.11999999999995,182,91.0,1.0,0.48885684004465096,Medium Risk,3,regular
383,4,1211.75,1,302.9375,32,10.666666666666666,2.0,0.6491516770782271,High Risk,0,Occasional
463,2,246.5,1,123.25,39,39.0,1.0,0.6644439824177198,High Risk,0,Occasional
169,8,4877.84,0,609.73,231,33.0,1.3333333333333333,0.35683529596064395,Medium Risk,3,regular
9,11,3479.0600000000004,0,316.27818181818185,729,72.9,1.1,0.031424964814348595,Low Risk,2,VIP Loyal
214,5,1890.5700000000002,1,378.114,369,92.25,1.0,0.23793747248153344,Low Risk,3,regular
15,12,13733.550000000001,0,1144.4624999999999,720,65.45454545454545,1.2,0.03220207486067658,Low Risk,2,VIP Loyal
170,4,2027.79,0,506.9475,422,140.66666666666666,1.0,0.20982418769145528,Low Risk,3,regular
40,3,942.08,0,314.02666666666664,637,318.5,1.0,0.11060968268269557,Low Risk,3,regular
186,1,394.14,1,394.14,0,0.0,1.0,0.6949229565035411,High Risk,1,Churned
492,1,468.65,1,468.65,0,0.0,1.0,0.6941728465422602,High Risk,1,Churned
270,1,140.54,1,140.54,0,0.0,1.0,0.6974682500828595,High Risk,1,Churned
172,5,2733.8,0,546.76,509,127.25,1.0,0.1319014065704711,Low Risk,3,regular
396,2,1216.66,1,608.33,12,12.0,1.0,0.6792978005018726,High Risk,3,regular
584,1,289.87,1,289.87,0,0.0,1.0,0.6959709322511849,High Risk,1,Churned
5,7,2911.62,0,415.94571428571425,426,71.0,1.1666666666666667,0.16918827021103347,Low Risk,2,VIP Loyal
16,5,891.34,0,178.268,707,176.75,1.0,0.052717481922944356,Low Risk,0,Occasional
10,11,5286.8,0,480.6181818181818,714,71.4,1.1,0.03409970204227976,Low Risk,2,VIP Loyal
326,1,107.45,1,107.45,0,0.0,1.0,0.6977994747380326,High Risk,1,Churned
113,2,796.38,0,398.19000000000005,471,471.0,1.0,0.3256245410150581,Medium Risk,3,regular
290,1,94.0,1,94.0,0,0.0,1.0,0.6979340479183718,High Risk,1,Churned
16,2,1345.53,0,672.7650000000001,62,62.0,1.0,0.6424149752728513,High Risk,3,regular
1,3,815.77,0,271.92333333333335,77,38.5,1.0,0.6063280744077317,High Risk,3,regular
92,8,1302.3,0,162.7875,468,66.85714285714286,1.1428571428571428,0.13390729969313248,Low Risk,0,Occasional
452,2,216.95000000000002,1,108.47500000000001,116,116.0,1.0,0.6068930625437121,High Risk,0,Occasional
149,6,1830.54,0,305.09,443,88.6,1.0,0.1649586442543847,Low Risk,3,regular
492,2,170.88,1,85.44,238,238.0,1.0,0.509975930796017,Medium Risk,0,Occasional
376,1,257.06,1,257.06,0,0.0,1.0,0.6963002727051139,High Risk,1,Churned
189,2,659.84,1,329.92,386,386.0,1.0,0.3894113496442055,Medium Risk,0,Occasional
31,4,975.87,0,243.9675,422,140.66666666666666,1.3333333333333333,0.21229105976623552,Low Risk,0,Occasional
34,4,1056.44,0,264.11,271,90.33333333333333,1.0,0.3594493509355977,Medium Risk,3,regular
264,1,267.18,1,267.18,0,0.0,1.0,0.6961987115501895,High Risk,1,Churned
721,1,131.25,1,131.25,0,0.0,1.0,0.6975612619840987,High Risk,1,Churned
84,10,4685.72,0,468.572,515,57.22222222222222,1.25,0.09893305922485858,Low Risk,2,VIP Loyal
26,4,1358.88,0,339.72,156,52.0,1.0,0.4961059614527292,Medium Risk,3,regular
171,1,190.53,0,190.53,0,0.0,1.0,0.6969674700123086,High Risk,1,Churned
692,5,6798.72,1,1359.7440000000001,47,11.75,2.5,0.6206467950185287,High Risk,3,regular
10,3,774.9000000000001,0,258.3,232,116.0,1.5,0.4370613722902597,Medium Risk,0,Occasional
313,1,572.8100000000001,1,572.8100000000001,0,0.0,1.0,0.6931225160380897,High Risk,1,Churned
65,7,4572.82,0,653.26,611,101.83333333333333,1.1666666666666667,0.07049099770599951,Low Risk,3,regular
85,1,508.8,0,508.8,0,0.0,1.0,0.6937682194153891,High Risk,1,Churned
425,2,452.32,1,226.16000000000003,161,161.0,1.0,0.5704237486622672,Medium Risk,0,Occasional
25,1,135.86,0,135.86,0,0.0,1.0,0.6975151084796442,High Risk,1,Churned
434,6,743.0,1,123.83333333333333,300,60.0,1.2,0.29632270990584414,Low Risk,0,Occasional
59,10,3805.34,0,380.534,673,74.77777777777777,1.1111111111111112,0.044110905461162364,Low Risk,2,VIP Loyal
323,7,1619.97,1,231.42428571428573,347,57.833333333333336,1.4,0.23799920309958747,Low Risk,0,Occasional
38,3,266.89,0,88.96333333333332,583,291.5,1.0,0.13775746938040798,Low Risk,0,Occasional
254,3,597.78,1,199.26,208,104.0,1.5,0.4642556033793173,Medium Risk,0,Occasional
400,4,1944.57,1,486.14250000000004,263,87.66666666666667,1.0,0.3670194661781751,Medium Risk,3,regular
19,9,2615.39,0,290.5988888888889,567,70.875,1.5,0.07988782558502006,Low Risk,2,VIP Loyal
33,3,1483.14,0,494.37999999999994,13,6.5,1.5,0.6730603284278435,High Risk,3,regular
15,4,762.75,0,190.6875,706,235.33333333333334,1.0,0.062355991864002584,Low Risk,0,Occasional
27,2,397.35,0,198.675,48,48.0,1.0,0.6572071962352933,High Risk,0,Occasional
468,2,954.75,1,477.375,60,60.0,1.0,0.6457568335089117,High Risk,3,regular
503,1,153.24,1,153.24,0,0.0,1.0,0.6973410709048896,High Risk,1,Churned
23,2,320.76,0,160.38,518,518.0,1.0,0.29515431609594417,Low Risk,0,Occasional
214,2,533.3,1,266.65,53,53.0,1.0,0.652909860574199,High Risk,0,Occasional
8,11,2567.06,0,233.36909090909091,675,67.5,1.375,0.042011504504351656,Low Risk,2,VIP Loyal
22,1,149.29,0,149.29,0,0.0,1.0,0.6973806298755899,High Risk,1,Churned
12,3,1122.53,0,374.1766666666667,221,110.5,1.0,0.44561139406946154,Medium Risk,3,regular
262,2,393.45,1,196.72500000000002,378,378.0,1.0,0.3969128742529565,Medium Risk,0,Occasional
131,1,156.57999999999998,0,156.57999999999998,0,0.0,1.0,0.6973076187574391,High Risk,1,Churned
405,4,1269.05,1,317.26250000000005,248,82.66666666666667,2.0,0.39050136155569765,Medium Risk,0,Occasional
55,3,383.68,0,127.89333333333333,154,77.0,1.0,0.5227848135102124,Medium Risk,0,Occasional
396,3,1254.21,1,418.07,334,167.0,1.0,0.3257539271816584,Medium Risk,3,regular
249,1,594.0,1,594.0,0,0.0,1.0,0.6929085940068889,High Risk,1,Churned
2,14,5175.93,0,369.7092857142857,640,49.23076923076923,1.2727272727272727,0.045333784750319295,Low Risk,2,VIP Loyal
9,2,1418.26,0,709.1299999999999,31,31.0,1.0,0.6648099494795794,High Risk,3,regular
264,2,284.5,1,142.25,326,326.0,1.0,0.4384163512559179,Medium Risk,0,Occasional
377,3,406.95,1,135.65,349,174.5,1.0,0.31328404546791594,Medium Risk,0,Occasional
331,5,492.88,1,98.576,294,73.5,1.25,0.31681543131399903,Medium Risk,0,Occasional
313,2,788.81,1,394.405,361,361.0,1.0,0.4081901635161195,Medium Risk,3,regular
26,3,974.52,0,324.84,235,117.5,1.0,0.43056557022129127,Medium Risk,3,regular
30,1,429.84,0,429.84,0,0.0,1.0,0.6945636848512649,High Risk,1,Churned
434,2,233.21,1,116.605,164,164.0,1.0,0.5691538247514784,Medium Risk,0,Occasional
30,6,1799.1100000000001,0,299.8516666666667,481,96.2,1.0,0.1393298601905541,Low Risk,3,regular
2,7,1388.37,0,198.3385714285714,185,30.833333333333332,1.1666666666666667,0.4241769532846393,Medium Risk,2,VIP Loyal
362,2,307.69,1,153.845,256,256.0,1.0,0.4946873825304376,Medium Risk,0,Occasional
598,1,38.25,1,38.25,0,0.0,1.0,0.6984914885790605,High Risk,1,Churned
283,10,2119.27,1,211.927,448,49.77777777777778,1.25,0.13648789419590404,Low Risk,3,regular
262,1,237.07,1,237.07,0,0.0,1.0,0.6965008298250529,High Risk,1,Churned
25,2,370.43999999999994,0,185.21999999999997,376,376.0,1.0,0.3985794766209939,Medium Risk,0,Occasional
417,2,202.82999999999998,1,101.41499999999999,80,80.0,1.0,0.6344172695940992,High Risk,0,Occasional
354,1,216.76,1,216.76,0,0.0,1.0,0.6967045209062042,High Risk,1,Churned
461,2,429.7,1,214.85,170,170.0,1.0,0.5633788097529222,Medium Risk,0,Occasional
94,4,737.05,0,184.2625,351,117.0,1.0,0.27527257269109684,Low Risk,0,Occasional
29,1,126.14,0,126.14,0,0.0,1.0,0.6976124166299701,High Risk,1,Churned
338,1,1048.85,1,1048.85,0,0.0,1.0,0.6882967759360901,High Risk,1,Churned
20,32,12655.65,0,395.4890625,710,22.903225806451612,1.7777777777777777,0.018851117689874092,Low Risk,2,VIP Loyal
85,4,1571.01,0,392.7525,651,217.0,1.0,0.07969312247611676,Low Risk,3,regular
9,3,524.88,0,174.96,142,71.0,1.5,0.5384347168377124,Medium Risk,0,Occasional
51,3,1430.48,0,476.82666666666665,341,170.5,1.5,0.3207439400713406,Medium Risk,3,regular
50,3,874.25,0,291.4166666666667,388,194.0,1.0,0.2757828904700211,Low Risk,0,Occasional
576,1,63.419999999999995,1,63.419999999999995,0,0.0,1.0,0.6982398877604321,High Risk,1,Churned
2,3,1316.56,0,438.8533333333333,548,274.0,1.0,0.15587375413652127,Low Risk,3,regular
113,1,371.56,0,371.56,0,0.0,1.0,0.6951500708686131,High Risk,1,Churned
14,8,2046.0,0,255.75,430,61.42857142857143,2.6666666666666665,0.163777458403333,Low Risk,2,VIP Loyal
596,1,163.1,1,163.1,0,0.0,1.0,0.6972423109321099,High Risk,1,Churned
77,1,454.10999999999996,0,454.10999999999996,0,0.0,1.0,0.6943193052138933,High Risk,1,Churned
380,4,2209.98,1,552.4949999999999,62,20.666666666666668,2.0,0.6131883538451696,High Risk,3,regular
650,1,368.4,1,368.4,0,0.0,1.0,0.6951818472368961,High Risk,1,Churned
40,3,2024.98,0,674.9933333333333,534,267.0,1.5,0.16463570394515448,Low Risk,3,regular
733,1,147.4,1,147.4,0,0.0,1.0,0.697399557056649,High Risk,1,Churned
116,5,6279.0,0,1255.8,559,139.75,1.6666666666666667,0.10503320213545889,Low Risk,3,regular
401,1,1993.34,1,1993.34,0,0.0,1.0,0.678600901371333,High Risk,1,Churned
16,19,14592.56,0,768.0294736842105,721,40.05555555555556,1.9,0.02600279233354582,Low Risk,2,VIP Loyal
161,10,862.2,0,86.22,522,58.0,1.6666666666666667,0.09612221665150777,Low Risk,0,Occasional
1,6,4656.0,0,776.0,732,146.4,1.0,0.04129923468687738,Low Risk,3,regular
30,7,5771.51,0,824.5014285714286,707,117.83333333333333,1.1666666666666667,0.04342610543702091,Low Risk,3,regular
527,1,102.0,1,102.0,0,0.0,1.0,0.6978540084869851,High Risk,1,Churned
680,1,231.32,1,231.32,0,0.0,1.0,0.696558505000032,High Risk,1,Churned
93,5,431.92,0,86.384,490,122.5,1.25,0.14542367627678085,Low Risk,0,Occasional
23,8,2419.61,0,302.45125,670,95.71428571428571,1.0,0.04934771692327175,Low Risk,3,regular
430,1,217.6,1,217.6,0,0.0,1.0,0.6966960979901186,High Risk,1,Churned
95,6,3100.09,0,516.6816666666667,140,28.0,1.2,0.49172855352656336,Medium Risk,3,regular
28,2,659.4599999999999,0,329.73,46,46.0,1.0,0.6574435511468406,High Risk,3,regular
33,9,4314.9800000000005,0,479.4422222222222,622,77.75,1.125,0.06006922534945564,Low Risk,2,VIP Loyal
21,5,3780.05,0,756.01,707,176.75,1.0,0.052046086301546474,Low Risk,3,regular
379,1,246.5,1,246.5,0,0.0,1.0,0.6964062291493331,High Risk,1,Churned
631,1,146.14000000000001,1,146.14000000000001,0,0.0,1.0,0.697412174805044,High Risk,1,Churned
18,9,8657.39,0,961.9322222222222,703,87.875,1.0,0.039452537570177894,Low Risk,2,VIP Loyal
3,44,26039.58,0,591.8086363636364,720,16.74418604651163,2.2,0.013739478809019498,Low Risk,2,VIP Loyal
724,1,161.6,1,161.6,0,0.0,1.0,0.6972573364446106,High Risk,1,Churned
8,4,1131.56,0,282.89,73,24.333333333333332,1.3333333333333333,0.5988137917344045,Medium Risk,3,regular
405,2,402.5,1,201.25,10,10.0,2.0,0.6889319317738299,High Risk,1,Churned
16,14,13993.47,0,999.5335714285713,539,44.916666666666664,1.625,0.07933679661648227,Low Risk,2,VIP Loyal
363,2,267.15,1,133.575,363,363.0,1.0,0.4092363236987856,Medium Risk,0,Occasional
81,4,423.85,0,105.9625,584,194.66666666666666,1.0,0.10820007380715596,Low Risk,0,Occasional
53,5,3610.96,0,722.192,102,25.5,1.25,0.549656590301562,Medium Risk,3,regular
23,6,2040.03,0,340.005,454,90.8,1.0,0.15708897760844934,Low Risk,3,regular
172,1,492.36,0,492.36,0,0.0,1.0,0.6939339360193386,High Risk,1,Churned
189,6,1000.27,1,166.71166666666667,46,9.2,2.0,0.6183795041056485,High Risk,0,Occasional
380,1,166.51,1,166.51,0,0.0,1.0,0.6972081513639198,High Risk,1,Churned
331,1,250.0,1,250.0,0,0.0,1.0,0.6963711133198682,High Risk,1,Churned
12,5,909.23,0,181.846,73,18.25,1.6666666666666667,0.5912544071772399,Medium Risk,0,Occasional
156,4,331.58,0,82.89500000000001,520,173.33333333333334,1.0,0.14252452456769604,Low Risk,0,Occasional
33,35,27750.55,0,792.8728571428571,661,19.441176470588236,1.8421052631578947,0.024351180833260964,Low Risk,2,VIP Loyal
12,18,6598.55,0,366.5861111111111,722,45.125,1.8888888888888888,0.026191313883150585,Low Risk,2,VIP Loyal
387,1,171.81,1,171.81,0,0.0,1.0,0.6971550544523288,High Risk,1,Churned
45,3,62.43,0,20.81,1,0.5,3.0,0.695207686024849,High Risk,1,Churned
233,1,267.03,1,267.03,0,0.0,1.0,0.6962002170430369,High Risk,1,Churned
64,15,4218.94,0,281.26266666666663,655,46.785714285714285,1.3636363636363635,0.040467729963791034,Low Risk,2,VIP Loyal
383,2,344.61,1,172.305,63,63.0,1.0,0.6464249867917483,High Risk,0,Occasional
2,1,343.5,0,343.5,0,0.0,1.0,0.695432171886473,High Risk,1,Churned
40,16,7106.69,0,444.168125,663,47.357142857142854,1.25,0.03799703270182266,Low Risk,2,VIP Loyal
33,2,398.84,0,199.42,54,54.0,1.0,0.6528069466782019,High Risk,0,Occasional
84,16,17359.99,0,1084.999375,653,43.53333333333333,1.4545454545454546,0.041014505418207337,Low Risk,2,VIP Loyal
25,2,591.4,0,295.7,582,582.0,1.0,0.25285033266882345,Low Risk,0,Occasional
2,4,1295.7,0,323.925,380,126.66666666666667,1.0,0.24703834251196302,Low Risk,3,regular
33,2,148.44,0,74.22,0,0.0,2.0,0.6969462684320817,High Risk,1,Churned
19,23,5575.64,0,242.41913043478263,705,32.04545454545455,1.5333333333333334,0.024258089442540813,Low Risk,2,VIP Loyal
254,1,229.33,1,229.33,0,0.0,1.0,0.696578464184916,High Risk,1,Churned
23,12,5111.95,0,425.99583333333334,371,33.72727272727273,1.2,0.1836320710715397,Low Risk,2,VIP Loyal
22,5,1813.72,0,362.744,491,122.75,1.0,0.14333663683444092,Low Risk,3,regular
8,2,2007.44,0,1003.72,22,22.0,1.0,0.6685773328102513,High Risk,3,regular
25,10,3771.9,0,377.19,523,58.111111111111114,1.25,0.09505207696262984,Low Risk,2,VIP Loyal
19,3,807.57,0,269.19,69,34.5,1.5,0.6174040850566593,High Risk,0,Occasional
726,1,162.25,1,162.25,0,0.0,1.0,0.6972508254409964,High Risk,1,Churned
173,6,1087.82,0,181.30333333333337,275,55.0,1.2,0.3241342357994689,Medium Risk,0,Occasional
409,1,259.09,1,259.09,0,0.0,1.0,0.6962799017949042,High Risk,1,Churned
163,1,110.92,0,110.92,0,0.0,1.0,0.6977647503429009,High Risk,1,Churned
538,6,3358.3999999999996,1,559.7333333333333,125,25.0,1.5,0.5127853001907621,Medium Risk,3,regular
7,1,538.46,0,538.46,0,0.0,1.0,0.6934691173507763,High Risk,1,Churned
11,2,460.68,0,230.34,364,364.0,1.0,0.40748458504082496,Medium Risk,0,Occasional
114,1,85.13000000000001,0,85.13000000000001,0,0.0,1.0,0.6980227775771293,High Risk,1,Churned
512,3,918.45,1,306.15000000000003,225,112.5,1.5,0.4443920667820364,Medium Risk,0,Occasional
288,2,242.84,1,121.42,171,171.0,1.0,0.5635341925275065,Medium Risk,0,Occasional
9,20,8162.43,0,408.1215,671,35.31578947368421,1.4285714285714286,0.03214913660964449,Low Risk,2,VIP Loyal
54,2,428.05,0,214.02499999999998,316,316.0,1.0,0.4456744813498021,Medium Risk,0,Occasional
607,2,1079.1000000000001,1,539.5500000000001,0,0.0,2.0,0.6928577243209343,High Risk,1,Churned
7,26,10154.39,0,390.55346153846153,725,30.208333333333332,1.3888888888888888,0.020248092919143104,Low Risk,2,VIP Loyal
596,1,158.09,1,158.09,0,0.0,1.0,0.6972924944949997,High Risk,1,Churned
77,8,2345.96,0,293.245,620,88.57142857142857,1.1428571428571428,0.06380697151279652,Low Risk,3,regular
4,12,2218.8,0,184.9,732,66.54545454545455,1.3333333333333333,0.029764051111795614,Low Risk,2,VIP Loyal
37,7,1710.08,0,244.29714285714286,513,85.5,1.4,0.11428155641205685,Low Risk,0,Occasional
217,2,252.52,1,126.26,405,405.0,1.0,0.37685641966023836,Medium Risk,0,Occasional
60,1,437.23,0,437.23,0,0.0,1.0,0.6944892850067185,High Risk,1,Churned
278,1,217.2,1,217.2,0,0.0,1.0,0.6967001089190131,High Risk,1,Churned
12,36,12112.35,0,336.45416666666665,721,20.6,1.894736842105263,0.01586119338430925,Low Risk,2,VIP Loyal
24,1,279.77,0,279.77,0,0.0,1.0,0.6960723355312035,High Risk,1,Churned
29,1,473.65000000000003,0,473.65000000000003,0,0.0,1.0,0.6941224734174481,High Risk,1,Churned
639,1,214.13,1,214.13,0,0.0,1.0,0.6967308918011899,High Risk,1,Churned
568,1,1109.4,1,1109.4,0,0.0,1.0,0.6876799947384918,High Risk,1,Churned
398,2,153.52,1,76.75999999999999,0,0.0,2.0,0.6969240347566495,High Risk,1,Churned
12,8,1934.3899999999999,0,241.79874999999998,651,93.0,1.1428571428571428,0.05454730294407594,Low Risk,2,VIP Loyal
352,3,673.3800000000001,1,224.46000000000004,374,187.0,1.0,0.28900295732719944,Low Risk,0,Occasional
22,7,2867.0,0,409.57142857142856,658,109.66666666666667,1.1666666666666667,0.05590049193879553,Low Risk,3,regular
463,2,70.74000000000001,1,35.370000000000005,212,212.0,1.0,0.5315161241030488,Medium Risk,0,Occasional
50,2,173.16,0,86.58000000000001,20,20.0,1.0,0.6783604039043013,High Risk,0,Occasional
393,2,227.87,1,113.935,331,331.0,1.0,0.43471982563841727,Medium Risk,0,Occasional
19,1,186.01,0,186.01,0,0.0,1.0,0.6970127688504777,High Risk,1,Churned
3,3,758.29,0,252.76333333333332,70,35.0,1.0,0.613967152999511,High Risk,3,regular
104,10,3586.35,0,358.635,545,60.55555555555556,1.25,0.08519430014022594,Low Risk,2,VIP Loyal
7,25,9311.04,0,372.44160000000005,614,25.583333333333332,1.6666666666666667,0.03825811668932069,Low Risk,2,VIP Loyal
12,14,4051.63,0,289.40214285714285,721,55.46153846153846,1.75,0.02962321787345471,Low Risk,2,VIP Loyal
5,10,4068.67,0,406.867,599,66.55555555555556,1.25,0.06485807317776894,Low Risk,2,VIP Loyal
32,5,1207.18,0,241.43599999999998,697,174.25,1.0,0.055254480564441925,Low Risk,3,regular
178,6,1518.7,0,253.11666666666665,286,57.2,1.5,0.3127333305646436,Medium Risk,0,Occasional
620,1,30.1,1,30.1,0,0.0,1.0,0.6985729309068405,High Risk,1,Churned
38,1,940.6700000000001,0,940.6700000000001,0,0.0,1.0,0.6893970697643957,High Risk,1,Churned
151,5,397.98,0,79.596,575,143.75,1.6666666666666667,0.10003518466353088,Low Risk,0,Occasional
162,1,127.1,0,127.1,0,0.0,1.0,0.6976028067377685,High Risk,1,Churned
69,5,1302.5,0,260.5,363,90.75,1.25,0.24503670502830913,Low Risk,3,regular
377,8,1381.19,1,172.64875,293,41.857142857142854,1.1428571428571428,0.2840123163765094,Low Risk,0,Occasional
121,38,7794.59,0,205.12078947368423,616,16.64864864864865,2.533333333333333,0.026730086689008625,Low Risk,2,VIP Loyal
25,3,682.9100000000001,0,227.63666666666668,195,97.5,1.0,0.4759033616328641,Medium Risk,0,Occasional
376,1,107.86,1,107.86,0,0.0,1.0,0.6977953719734442,High Risk,1,Churned
24,6,1277.5,0,212.91666666666666,646,129.2,1.0,0.0639133823541204,Low Risk,0,Occasional
177,1,455.3,0,455.3,0,0.0,1.0,0.6943073200439432,High Risk,1,Churned
593,3,1139.1,1,379.70000000000005,108,54.0,1.0,0.5717181538278654,Medium Risk,3,regular
50,7,1522.0800000000002,0,217.44,441,73.5,1.0,0.1580858519402112,Low Risk,0,Occasional
678,1,579.6,1,579.6,0,0.0,1.0,0.6930539771515519,High Risk,1,Churned
256,3,478.53000000000003,1,159.51,54,27.0,1.5,0.6340880408059868,High Risk,0,Occasional
382,5,1496.6,1,299.32,224,56.0,1.25,0.3977126962738062,Medium Risk,3,regular
583,3,217.9,1,72.63333333333334,91,45.5,1.0,0.592929997655635,Medium Risk,0,Occasional
47,1,388.58,0,388.58,0,0.0,1.0,0.6949788889556596,High Risk,1,Churned
71,1,199.8,0,199.8,0,0.0,1.0,0.696874555332338,High Risk,1,Churned
16,5,1771.78,0,354.356,218,54.5,1.6666666666666667,0.40691138832589663,Medium Risk,3,regular
488,1,357.6,1,357.6,0,0.0,1.0,0.6952904359717383,High Risk,1,Churned
101,9,3130.04,0,347.78222222222223,398,49.75,1.125,0.17736487376027502,Low Risk,3,regular
35,2,563.37,0,281.685,540,540.0,1.0,0.27952995488056914,Low Risk,0,Occasional
53,2,548.02,0,274.01,374,374.0,1.0,0.3992510787761778,Medium Risk,0,Occasional
27,3,1250.06,0,416.68666666666667,419,209.5,1.0,0.24803203270712082,Low Risk,3,regular
428,4,1199.31,1,299.8275,165,55.0,1.0,0.48536083069618874,Medium Risk,3,regular
11,30,14960.12,0,498.6706666666667,727,25.06896551724138,1.5789473684210527,0.01824173945909113,Low Risk,2,VIP Loyal
8,16,3230.51,0,201.906875,729,48.6,1.3333333333333333,0.02618782745561521,Low Risk,2,VIP Loyal
79,2,88.48,0,44.24,569,569.0,1.0,0.26290526495263616,Low Risk,0,Occasional
52,1,216.39,0,216.39,0,0.0,1.0,0.6967082309582914,High Risk,1,Churned
36,9,1936.8,0,215.20000000000002,658,82.25,1.125,0.04992981430253984,Low Risk,0,Occasional
61,17,5230.99,0,307.70529411764704,586,36.625,1.3076923076923077,0.05487288544487164,Low Risk,2,VIP Loyal
337,9,1708.97,1,189.88555555555556,364,45.5,1.5,0.20720500500982975,Low Risk,0,Occasional
28,5,1785.98,0,357.196,387,96.75,1.25,0.22264542917564575,Low Risk,3,regular
184,1,298.48,1,298.48,0,0.0,1.0,0.6958844734227195,High Risk,1,Churned
52,1,112.46000000000001,0,112.46000000000001,0,0.0,1.0,0.6977493387916388,High Risk,1,Churned
10,26,2997.28,0,115.28,673,26.92,1.8571428571428572,0.026409774967819582,Low Risk,2,VIP Loyal
36,2,195.15,0,97.575,25,25.0,1.0,0.674715273031705,High Risk,0,Occasional
610,1,433.71999999999997,1,433.71999999999997,0,0.0,1.0,0.6945246236816064,High Risk,1,Churned
438,4,3147.36,1,786.84,188,62.666666666666664,1.3333333333333333,0.4554421741702886,Medium Risk,3,regular
10,47,21373.97,0,454.7653191489362,726,15.782608695652174,2.1363636363636362,0.011956350382735114,Low Risk,2,VIP Loyal
438,1,317.11,1,317.11,0,0.0,1.0,0.6956973496356302,High Risk,1,Churned
396,3,828.5500000000001,1,276.18333333333334,111,55.5,1.0,0.5693156568414518,Medium Risk,0,Occasional
33,4,776.851,0,194.21275,103,34.333333333333336,1.3333333333333333,0.5636277875748656,Medium Risk,0,Occasional
11,1,336.40000000000003,0,336.40000000000003,0,0.0,1.0,0.6955035284244847,High Risk,1,Churned
57,4,1942.36,0,485.59,353,117.66666666666667,1.0,0.2715613616491802,Low Risk,3,regular
4,4,1293.03,0,323.2575,17,5.666666666666667,2.0,0.6655958421408253,High Risk,3,regular
43,17,7852.61,0,461.9182352941176,602,40.13333333333333,1.6,0.051384250029712454,Low Risk,2,VIP Loyal
141,8,2437.05,0,304.63125,588,84.0,1.0,0.07469181912270968,Low Risk,3,regular
117,4,588.13,0,147.0325,139,46.333333333333336,1.0,0.5183733031507636,Medium Risk,0,Occasional
104,9,3236.4,0,359.59999999999997,438,54.75,1.2857142857142858,0.14829428315673593,Low Risk,3,regular
75,3,1067.52,0,355.84,346,173.0,1.0,0.31450537914782206,Medium Risk,3,regular
457,2,566.9,1,283.45000000000005,65,65.0,1.0,0.6438869046953664,High Risk,0,Occasional
5,17,5652.26,0,332.4858823529412,721,45.0625,1.1333333333333333,0.026524337481959693,Low Risk,2,VIP Loyal
450,4,2240.9,1,560.225,82,27.333333333333332,1.3333333333333333,0.5861796868610174,Medium Risk,3,regular
45,3,1481.4,0,493.8,599,299.5,1.0,0.12783461202028637,Low Risk,3,regular
642,1,596.67,1,596.67,0,0.0,1.0,0.6928816333354598,High Risk,1,Churned
16,8,3285.31,0,410.66375,259,37.0,1.1428571428571428,0.3223790521998551,Medium Risk,2,VIP Loyal
509,13,4352.46,1,334.8046153846154,221,18.416666666666668,1.625,0.3347124538639788,Medium Risk,2,VIP Loyal
17,2,554.65,0,277.32500000000005,366,366.0,1.0,0.4054513688831502,Medium Risk,0,Occasional
396,1,100.35,1,100.35,0,0.0,1.0,0.6978705176040796,High Risk,1,Churned
90,4,1444.58,0,361.145,479,159.66666666666666,1.0,0.16777999586951087,Low Risk,3,regular
53,5,797.59,0,159.518,671,167.75,1.0,0.06273629131731394,Low Risk,0,Occasional
379,6,2265.2,1,377.5333333333333,231,46.2,1.5,0.37724423494660564,Medium Risk,3,regular
134,3,1065.08,0,355.02666666666664,471,235.5,1.0,0.2074309360137209,Low Risk,3,regular
4,29,23957.58,0,826.1234482758621,720,25.714285714285715,1.5263157894736843,0.020211693203399363,Low Risk,2,VIP Loyal
105,12,5345.55,0,445.46250000000003,627,57.0,1.2,0.0519950065185484,Low Risk,2,VIP Loyal
730,1,105.78000000000002,1,105.78000000000002,0,0.0,1.0,0.6978161856724108,High Risk,1,Churned
192,3,664.0,1,221.33333333333334,90,45.0,1.5,0.5953024937246594,Medium Risk,0,Occasional
166,4,813.0,0,203.25,94,31.333333333333332,2.0,0.5778512045279521,Medium Risk,0,Occasional
19,3,1055.17,0,351.72333333333336,406,203.0,1.5,0.2615679447057007,Low Risk,3,regular
158,5,974.61,0,194.922,252,63.0,1.0,0.36328717594321247,Medium Risk,0,Occasional
415,1,169.0,1,169.0,0,0.0,1.0,0.6971832064896478,High Risk,1,Churned
204,2,657.35,1,328.675,62,62.0,1.0,0.6456840752513147,High Risk,0,Occasional
336,4,2170.35,1,542.5875,50,16.666666666666668,1.3333333333333333,0.623813107674801,High Risk,3,regular
522,2,553.88,1,276.94,106,106.0,1.0,0.6129411659763759,High Risk,0,Occasional
37,5,1259.06,0,251.81199999999998,559,139.75,1.25,0.10641909099289831,Low Risk,3,regular
91,5,1420.34,0,284.068,393,98.25,1.25,0.21766909724821593,Low Risk,3,regular
93,2,877.4399999999999,0,438.71999999999997,23,23.0,1.0,0.6730324204140796,High Risk,3,regular
9,2,922.53,0,461.265,16,16.0,2.0,0.6824194815522878,High Risk,3,regular
243,1,560.67,1,560.67,0,0.0,1.0,0.6932450370597263,High Risk,1,Churned
45,4,748.5,0,187.125,238,79.33333333333333,1.0,0.3980658265492437,Medium Risk,0,Occasional
23,1,30.0,0,30.0,0,0.0,1.0,0.6985739301215345,High Risk,1,Churned
190,8,2423.4700000000003,1,302.93375,546,78.0,1.0,0.09190390410112813,Low Risk,3,regular
44,3,532.49,0,177.49666666666667,609,304.5,1.0,0.12412394670431164,Low Risk,0,Occasional
25,15,2812.99,0,187.53266666666664,647,46.214285714285715,1.25,0.041995529009059555,Low Risk,2,VIP Loyal
317,8,1215.95,1,151.99374999999998,261,37.285714285714285,1.1428571428571428,0.32033412396331473,Medium Risk,0,Occasional
661,2,283.73,1,141.865,77,77.0,1.0,0.63628102933703,High Risk,0,Occasional
106,1,138.14,0,138.14,0,0.0,1.0,0.6974922805433831,High Risk,1,Churned
51,4,1254.03,0,313.5075,598,199.33333333333334,1.0,0.10118959954471772,Low Risk,3,regular
168,5,4015.12,0,803.024,466,116.5,1.0,0.15839092589294873,Low Risk,3,regular
472,2,632.9399999999999,1,316.47,23,23.0,2.0,0.6787932903808214,High Risk,0,Occasional
40,1,301.32,0,301.32,0,0.0,1.0,0.6958559520278154,High Risk,1,Churned
218,1,76.32000000000001,1,76.32000000000001,0,0.0,1.0,0.698110892395056,High Risk,1,Churned
40,4,684.34,0,171.085,223,74.33333333333333,1.0,0.4159452748226191,Medium Risk,0,Occasional
297,2,325.2,1,162.60000000000002,259,259.0,1.0,0.4921668908587198,Medium Risk,0,Occasional
19,7,2657.13,0,379.59000000000003,252,42.0,1.4,0.34084796758468233,Medium Risk,3,regular
725,1,45.300000000000004,1,45.300000000000004,0,0.0,1.0,0.6984210283800977,High Risk,1,Churned
88,9,6414.79,0,712.7544444444444,567,70.875,1.0,0.07913028627865172,Low Risk,3,regular
73,13,6948.2300000000005,0,534.4792307692308,657,54.75,1.1818181818181819,0.042946662304593125,Low Risk,2,VIP Loyal
81,4,542.04,0,135.51,322,107.33333333333333,1.0,0.3048576481606225,Medium Risk,0,Occasional
19,3,3435.76,0,1145.2533333333333,265,132.5,1.5,0.39347562066740793,Medium Risk,3,regular
49,3,1305.63,0,435.21000000000004,414,207.0,1.0,0.2521200078570564,Low Risk,3,regular
53,3,1893.89,0,631.2966666666667,469,234.5,1.0,0.20729829115163795,Low Risk,3,regular
24,4,781.28,0,195.32,158,52.666666666666664,1.3333333333333333,0.4964835652454691,Medium Risk,3,regular
9,10,4507.58,0,450.758,728,80.88888888888889,1.0,0.03297956476325607,Low Risk,2,VIP Loyal
25,14,2989.7,0,213.54999999999998,539,41.46153846153846,1.75,0.07716565332467085,Low Risk,2,VIP Loyal
599,2,318.24,1,159.12,88,88.0,1.0,0.627825734325904,High Risk,0,Occasional
117,2,524.54,0,262.27,356,356.0,1.0,0.41343706654221707,Medium Risk,0,Occasional
547,3,173.95,1,57.98333333333333,188,94.0,1.0,0.4852509595812656,Medium Risk,0,Occasional
450,1,55.980000000000004,1,55.980000000000004,0,0.0,1.0,0.6983142708547547,High Risk,1,Churned
420,1,90.0,1,90.0,0,0.0,1.0,0.6979740631239258,High Risk,1,Churned
9,9,2993.1,0,332.56666666666666,321,40.125,1.2857142857142858,0.24733608879686061,Low Risk,2,VIP Loyal
419,1,190.57,1,190.57,0,0.0,1.0,0.6969670691205473,High Risk,1,Churned
120,3,521.03,0,173.67666666666665,497,248.5,1.0,0.18987530883771178,Low Risk,0,Occasional
4,2,239.76,0,119.88,96,96.0,1.0,0.622131270072543,High Risk,0,Occasional
252,4,571.3,1,142.825,480,160.0,1.0,0.1679917260884411,Low Risk,0,Occasional
28,1,191.04,0,191.04,0,0.0,1.0,0.6969623586198979,High Risk,1,Churned
659,1,37.5,1,37.5,0,0.0,1.0,0.6984989837942773,High Risk,1,Churned
1,24,10810.81,0,450.4504166666666,731,31.782608695652176,1.5,0.020794535652660363,Low Risk,2,VIP Loyal
267,4,1131.04,1,282.76,414,138.0,1.3333333333333333,0.2187357707005998,Low Risk,0,Occasional
33,13,3906.57,0,300.50538461538457,650,54.166666666666664,1.3,0.04442839793043265,Low Risk,2,VIP Loyal
690,1,246.75,1,246.75,0,0.0,1.0,0.6964037209517708,High Risk,1,Churned
624,1,46.2,1,46.2,0,0.0,1.0,0.6984120327876793,High Risk,1,Churned
18,1,309.65,0,309.65,0,0.0,1.0,0.6957722872802279,High Risk,1,Churned
172,2,696.68,0,348.34,1,1.0,2.0,0.6938536031014904,High Risk,1,Churned
2,4,1542.14,0,385.53499999999997,108,36.0,1.0,0.5544463746043193,Medium Risk,3,regular
476,2,140.39000000000001,1,70.19500000000001,205,205.0,1.0,0.5368010043975897,Medium Risk,0,Occasional
265,1,211.5,1,211.5,0,0.0,1.0,0.696757261401271,High Risk,1,Churned
140,6,3817.96,0,636.3266666666667,442,88.4,1.2,0.16547224243389322,Low Risk,3,regular
201,1,143.1,1,143.1,0,0.0,1.0,0.6974426164002718,High Risk,1,Churned
64,4,1060.56,0,265.14,52,17.333333333333332,1.3333333333333333,0.6234252154122396,High Risk,0,Occasional
35,4,945.58,0,236.39499999999998,51,17.0,1.3333333333333333,0.6247750026824744,High Risk,0,Occasional
41,9,4378.72,0,486.5244444444445,384,48.0,1.125,0.1887411148929365,Low Risk,2,VIP Loyal
284,2,327.85,1,163.925,305,305.0,1.0,0.45501108128325923,Medium Risk,0,Occasional
417,1,898.87,1,898.87,0,0.0,1.0,0.6898216435876342,High Risk,1,Churned
557,2,420.25,1,210.125,128,128.0,1.0,0.5965654432240508,Medium Risk,0,Occasional
9,12,3472.4100000000003,0,289.3675,729,66.27272727272727,1.0,0.03009545512751692,Low Risk,2,VIP Loyal
143,4,1010.79,0,252.6975,580,193.33333333333334,1.0,0.10968666922033012,Low Risk,0,Occasional
12,5,784.8100000000001,0,156.96200000000002,543,135.75,1.25,0.11468334968341679,Low Risk,0,Occasional
556,5,658.02,1,131.60399999999998,63,15.75,1.6666666666666667,0.6038403804365433,High Risk,0,Occasional
146,11,3056.81,0,277.8918181818182,586,58.6,1.0,0.06626392286165671,Low Risk,3,regular
234,5,607.0,1,121.4,358,89.5,1.0,0.24941564802454513,Low Risk,0,Occasional
540,1,293.79,1,293.79,0,0.0,1.0,0.6959315705985649,High Risk,1,Churned
33,31,10223.06,0,329.77612903225804,705,23.5,1.3478260869565217,0.019552824800346938,Low Risk,2,VIP Loyal
24,2,741.92,0,370.96000000000004,525,525.0,1.0,0.2886623188153055,Low Risk,3,regular
12,1,507.08,0,507.08,0,0.0,1.0,0.6937855595097564,High Risk,1,Churned
36,11,5258.1,0,478.00909090909096,604,60.4,1.375,0.06100230745433462,Low Risk,2,VIP Loyal
365,4,947.65,1,236.9125,209,69.66666666666667,1.0,0.43225226227367614,Medium Risk,0,Occasional
201,3,310.85,1,103.61666666666667,199,99.5,1.0,0.47252002015034494,Medium Risk,0,Occasional
15,1,415.25,0,415.25,0,0.0,1.0,0.6947105418804744,High Risk,1,Churned
390,1,321.91,1,321.91,0,0.0,1.0,0.6956491268942447,High Risk,1,Churned
17,15,9445.51,0,629.7006666666667,668,47.714285714285715,1.1538461538461537,0.038054830962330435,Low Risk,2,VIP Loyal
380,2,544.6,1,272.3,64,64.0,1.0,0.6447353963719732,High Risk,0,Occasional
213,3,192.55,1,64.18333333333334,190,95.0,1.5,0.4856043701094826,Medium Risk,0,Occasional
66,5,1726.58,0,345.316,365,91.25,1.0,0.24180891459103585,Low Risk,3,regular
554,1,125.3,1,125.3,0,0.0,1.0,0.6976208251437163,High Risk,1,Churned
212,10,1682.07,1,168.207,461,51.22222222222222,1.6666666666666667,0.1292908603635287,Low Risk,0,Occasional
283,1,162.3,1,162.3,0,0.0,1.0,0.6972503245912829,High Risk,1,Churned
115,4,2263.3,0,565.825,432,144.0,1.0,0.2015240172687367,Low Risk,3,regular
421,1,327.68,1,327.68,0,0.0,1.0,0.695591153451755,High Risk,1,Churned
435,2,1815.72,1,907.86,0,0.0,2.0,0.6895999675156936,High Risk,1,Churned
15,8,1205.1200000000001,0,150.64000000000001,228,32.57142857142857,1.6,0.3624280435157244,Medium Risk,0,Occasional
19,41,13372.970000000001,0,326.17,710,17.75,1.7826086956521738,0.014736090870712194,Low Risk,2,VIP Loyal
66,1,449.12,0,449.12,0,0.0,1.0,0.69436955949106,High Risk,1,Churned
49,1,154.88,0,154.88,0,0.0,1.0,0.6973246455610214,High Risk,1,Churned
458,2,208.62,1,104.31,160,160.0,1.0,0.5724539645882508,Medium Risk,0,Occasional
619,1,156.87,1,156.87,0,0.0,1.0,0.6973047141309433,High Risk,1,Churned
16,4,784.46,0,196.115,168,56.0,1.3333333333333333,0.4842132768371655,Medium Risk,0,Occasional
78,1,34.8,0,34.8,0,0.0,1.0,0.6985259656921882,High Risk,1,Churned
19,4,1094.59,0,273.64750000000004,217,72.33333333333333,1.3333333333333333,0.4241075493870835,Medium Risk,0,Occasional
134,1,196.88,0,196.88,0,0.0,1.0,0.6969038246920134,High Risk,1,Churned
13,9,2562.61,0,284.7344444444445,678,84.75,1.0,0.04491162663769282,Low Risk,2,VIP Loyal
40,3,614.7600000000001,0,204.92,408,204.0,1.5,0.26083843464438106,Low Risk,0,Occasional
235,3,44534.3,1,14844.766666666668,97,48.5,1.5,0.45917801321588975,Medium Risk,3,regular
3,18,6797.191,0,377.6217222222222,735,43.23529411764706,1.5,0.024060987455547803,Low Risk,2,VIP Loyal
461,11,1380.44,1,125.49454545454546,272,27.2,1.8333333333333333,0.28793137478545217,Low Risk,0,Occasional
40,9,4207.54,0,467.50444444444446,417,52.125,1.0,0.16246060325173936,Low Risk,3,regular
305,1,79.2,1,79.2,0,0.0,1.0,0.6980820891565347,High Risk,1,Churned
51,9,3037.61,0,337.51222222222225,604,75.5,1.125,0.06582423213085069,Low Risk,3,regular
10,17,5993.12,0,352.53647058823526,725,45.3125,1.1333333333333333,0.025978234446962067,Low Risk,2,VIP Loyal
61,4,532.96,0,133.24,187,62.333333333333336,1.0,0.4596765617181447,Medium Risk,0,Occasional
66,6,2940.36,0,490.06,481,96.2,1.0,0.13893341747865925,Low Risk,3,regular
25,1,205.25,0,205.25,0,0.0,1.0,0.6968199216050159,High Risk,1,Churned
218,7,830.9300000000001,1,118.70428571428572,519,86.5,1.0,0.11039184086699966,Low Risk,0,Occasional
631,2,13916.34,1,6958.17,0,0.0,2.0,0.6335571635745727,High Risk,1,Churned
443,1,143.05,1,143.05,0,0.0,1.0,0.6974431170699092,High Risk,1,Churned
65,2,583.75,0,291.875,12,12.0,1.0,0.6821481458503574,High Risk,0,Occasional
32,2,1086.92,0,543.46,45,45.0,1.0,0.6561773582724472,High Risk,3,regular
88,8,4503.08,0,562.885,390,55.714285714285715,1.3333333333333333,0.19077572346365462,Low Risk,3,regular
667,1,370.63,1,370.63,0,0.0,1.0,0.6951594229676081,High Risk,1,Churned
64,3,831.06,0,277.02,618,309.0,1.0,0.11942474215476075,Low Risk,0,Occasional
116,34,15601.09,0,458.85558823529414,620,18.78787878787879,2.8333333333333335,0.030366775899140455,Low Risk,2,VIP Loyal
7,46,88704.32,0,1928.3547826086958,721,16.386363636363637,1.8,0.01732384654894035,Low Risk,2,VIP Loyal
613,1,321.45,1,321.45,0,0.0,1.0,0.6956537484265225,High Risk,1,Churned
604,3,1006.54,1,335.5133333333333,89,44.5,1.5,0.5954097644241042,Medium Risk,0,Occasional
418,1,280.88,1,280.88,0,0.0,1.0,0.6960611921422984,High Risk,1,Churned
6,2,774.52,0,387.26000000000005,403,403.0,1.0,0.37583872082385855,Medium Risk,3,regular
69,6,1329.94,0,221.65666666666667,587,117.4,1.0,0.0850919681117536,Low Risk,0,Occasional
245,2,150.5,1,75.25,386,386.0,1.0,0.3919237444640047,Medium Risk,0,Occasional
133,1,241.62,0,241.62,0,0.0,1.0,0.6964551868247577,High Risk,1,Churned
241,7,1762.61,1,251.80142857142854,327,54.5,1.1666666666666667,0.25685643815845544,Low Risk,0,Occasional
431,1,307.95,1,307.95,0,0.0,1.0,0.69578936277037,High Risk,1,Churned
463,2,124.08000000000001,1,62.04,69,69.0,1.0,0.6430184680581675,High Risk,0,Occasional
184,3,475.28000000000003,1,158.42666666666668,174,87.0,1.0,0.5000753144737775,Medium Risk,0,Occasional
25,3,345.46,0,115.15333333333335,280,140.0,1.0,0.3836208258895382,Medium Risk,0,Occasional
10,4,4014.1,0,1003.525,420,140.0,1.0,0.20903034159083636,Low Risk,3,regular
11,1,246.3,0,246.3,0,0.0,1.0,0.6964082356989676,High Risk,1,Churned
468,2,848.3299999999999,1,424.16499999999996,204,204.0,1.0,0.5339580118376442,Medium Risk,3,regular
33,16,5969.93,0,373.120625,691,46.06666666666667,1.3333333333333333,0.032396643483507015,Low Risk,2,VIP Loyal
46,5,8514.82,0,1702.964,490,122.5,1.25,0.1407830222801568,Low Risk,3,regular
26,3,948.05,0,316.0166666666667,35,17.5,1.5,0.6523937576861923,High Risk,3,regular
509,1,221.82999999999998,1,221.82999999999998,0,0.0,1.0,0.6966536805841084,High Risk,1,Churned
358,6,1962.01,1,327.00166666666667,265,53.0,1.2,0.33515551873144184,Medium Risk,3,regular
10,1,220.85,0,220.85,0,0.0,1.0,0.6966635080826278,High Risk,1,Churned
44,5,3608.34,0,721.668,598,149.5,1.0,0.08756816056433897,Low Risk,3,regular
400,2,933.84,1,466.92,218,218.0,1.0,0.5222117192462415,Medium Risk,3,regular
15,8,2399.57,0,299.94625,723,103.28571428571429,1.0,0.037557143507107774,Low Risk,3,regular
736,2,777.0,1,388.5,0,0.0,2.0,0.6941882663096146,High Risk,1,Churned
150,8,1979.8700000000001,0,247.48375,540,77.14285714285714,1.3333333333333333,0.09526971417243764,Low Risk,3,regular
1,17,5175.83,0,304.4605882352941,617,38.5625,1.2142857142857142,0.04646017816199367,Low Risk,2,VIP Loyal
113,6,2821.08,0,470.18,568,113.6,1.0,0.09280729098842369,Low Risk,3,regular
493,3,1535.37,1,511.78999999999996,188,94.0,1.0,0.4812356165882908,Medium Risk,3,regular
76,4,1424.29,0,356.0725,342,114.0,1.0,0.28314424031973273,Low Risk,3,regular
107,7,1242.58,0,177.51142857142855,511,85.16666666666667,1.75,0.11620264978895492,Low Risk,0,Occasional
46,3,1063.95,0,354.65000000000003,63,31.5,1.5,0.6230377523556165,High Risk,3,regular
143,1,451.42,0,451.42,0,0.0,1.0,0.6943463967716087,High Risk,1,Churned
51,4,1929.66,0,482.41499999999996,624,208.0,1.3333333333333333,0.09033328422703443,Low Risk,3,regular
1,13,4206.39,0,323.5684615384616,198,16.5,1.625,0.36355637352814657,Medium Risk,2,VIP Loyal
23,30,10189.23,0,339.64099999999996,706,24.344827586206897,1.875,0.020218014143886825,Low Risk,2,VIP Loyal
46,3,784.58,0,261.5266666666667,230,115.0,1.0,0.4366311337908526,Medium Risk,3,regular
50,5,1817.52,0,363.504,615,153.75,1.25,0.08188705925598642,Low Risk,3,regular
306,21,18409.93,1,876.6633333333333,431,21.55,1.5,0.11401446326328359,Low Risk,2,VIP Loyal
36,7,1274.44,0,182.06285714285715,499,83.16666666666667,1.0,0.12121528339735035,Low Risk,0,Occasional
79,8,2999.04,0,374.88,594,84.85714285714286,1.0,0.07246411139601742,Low Risk,3,regular
22,7,3890.52,0,555.7885714285715,365,60.833333333333336,1.1666666666666667,0.2195698434064836,Low Risk,3,regular
107,12,5201.47,0,433.4558333333334,617,56.09090909090909,1.0,0.05455015135648125,Low Risk,2,VIP Loyal
208,2,1303.9099999999999,1,651.9549999999999,31,31.0,1.0,0.6653377558675162,High Risk,3,regular
17,6,2634.44,0,439.0733333333333,586,117.2,1.5,0.08603669957566165,Low Risk,3,regular
64,5,2100.6,0,420.12,196,49.0,1.0,0.43048202491950877,Medium Risk,3,regular
542,2,144.14999999999998,1,72.07499999999999,0,0.0,2.0,0.6969650437904202,High Risk,1,Churned
421,3,2766.4,1,922.1333333333332,122,61.0,1.0,0.5515094461077872,Medium Risk,3,regular
588,1,340.5,1,340.5,0,0.0,1.0,0.6954623236829542,High Risk,1,Churned
49,10,3934.79,0,393.479,582,64.66666666666667,1.25,0.07071860861338834,Low Risk,2,VIP Loyal
320,1,206.98,1,206.98,0,0.0,1.0,0.6968025779927153,High Risk,1,Churned
44,2,570.96,0,285.48,17,17.0,2.0,0.6832954210044563,High Risk,0,Occasional
3,6,1840.06,0,306.6766666666667,729,145.8,1.0,0.04225560292090863,Low Risk,3,regular
372,3,3897.17,1,1299.0566666666666,358,179.0,1.5,0.298210237339671,Low Risk,3,regular
453,2,890.94,1,445.47,78,78.0,1.0,0.6326114188267599,High Risk,3,regular
172,1,532.94,0,532.94,0,0.0,1.0,0.6935247953531304,High Risk,1,Churned
56,4,2598.28,0,649.57,511,170.33333333333334,1.3333333333333333,0.14680248723195388,Low Risk,3,regular
73,28,3794.07,0,135.5025,627,24.115384615384617,1.5,0.032026863143748814,Low Risk,2,VIP Loyal
375,1,1108.82,1,1108.82,0,0.0,1.0,0.687685905959014,High Risk,1,Churned
99,2,636.14,0,318.07,41,41.0,1.0,0.6611912110078282,High Risk,3,regular
38,1,576.0,0,576.0,0,0.0,1.0,0.6930903169458789,High Risk,1,Churned
58,3,801.76,0,267.25333333333333,265,132.5,1.0,0.39837692902489386,Medium Risk,3,regular
254,1,836.79,1,836.79,0,0.0,1.0,0.6904516168705543,High Risk,1,Churned
738,1,80.4,1,80.4,0,0.0,1.0,0.6980700873468728,High Risk,1,Churned
70,7,3772.9900000000002,0,538.9985714285714,354,59.0,1.4,0.2306832688088247,Low Risk,3,regular
44,4,954.09,0,238.5225,286,95.33333333333333,1.0,0.34284986564919684,Medium Risk,0,Occasional
50,1,137.37,0,137.37,0,0.0,1.0,0.697499990087101,High Risk,1,Churned
65,2,777.01,0,388.505,420,420.0,1.0,0.3629957120122984,Medium Risk,3,regular
11,34,74163.0,0,2181.264705882353,713,21.606060606060606,1.8888888888888888,0.022962678602253966,Low Risk,2,VIP Loyal
33,3,1048.49,0,349.49666666666667,114,57.0,1.0,0.5653709186355658,Medium Risk,3,regular
59,2,355.56,0,177.78,113,113.0,1.0,0.6085257821961039,High Risk,0,Occasional
73,9,2742.41,0,304.71222222222224,657,82.125,1.2857142857142858,0.05035358875988341,Low Risk,3,regular
393,2,548.8,1,274.4,134,134.0,1.0,0.5912340272700389,Medium Risk,0,Occasional
304,1,118.95000000000002,1,118.95000000000002,0,0.0,1.0,0.6976843852174822,High Risk,1,Churned
46,1,130.73999999999998,0,130.73999999999998,0,0.0,1.0,0.6975663676581861,High Risk,1,Churned
18,11,4426.28,0,402.3890909090909,664,66.4,1.1,0.04435391099630485,Low Risk,2,VIP Loyal
385,1,107.01,1,107.01,0,0.0,1.0,0.69780387766978,High Risk,1,Churned
38,5,822.57,0,164.514,603,150.75,1.0,0.08657158438785695,Low Risk,0,Occasional
622,1,139.94,1,139.94,0,0.0,1.0,0.6974742577993257,High Risk,1,Churned
19,6,1058.72,0,176.45333333333335,707,141.4,1.2,0.047470106760208686,Low Risk,3,regular
527,1,109.73,1,109.73,0,0.0,1.0,0.6977766589637766,High Risk,1,Churned
187,3,257.26,1,85.75333333333333,340,170.0,1.0,0.32243065066540766,Medium Risk,0,Occasional
52,1,110.8,0,110.8,0,0.0,1.0,0.6977659512242916,High Risk,1,Churned
4,21,5583.81,0,265.8957142857143,725,38.1578947368421,1.25,0.02305346053328452,Low Risk,2,VIP Loyal
137,6,1052.72,0,175.45333333333335,339,67.8,1.0,0.25456176526680463,Low Risk,0,Occasional
4,52,34220.340000000004,0,658.0834615384616,732,14.352941176470589,2.260869565217391,0.01077173921939498,Low Risk,2,VIP Loyal
19,2,570.48,0,285.24,411,411.0,1.0,0.37076343290398084,Medium Risk,3,regular
16,13,3960.37,0,304.64384615384614,714,59.5,1.1818181818181819,0.03152438490158974,Low Risk,2,VIP Loyal
432,1,438.46,1,438.46,0,0.0,1.0,0.6944769008267428,High Risk,1,Churned
41,17,2505.21,0,147.36529411764707,692,43.25,1.5454545454545454,0.031035280065358373,Low Risk,2,VIP Loyal
12,12,4401.79,0,366.81583333333333,667,60.63636363636363,1.5,0.04233518854370433,Low Risk,2,VIP Loyal
8,13,2928.29,0,225.25307692307692,714,59.5,1.4444444444444444,0.03163502273507062,Low Risk,2,VIP Loyal
26,5,358.7,0,71.74,697,174.25,1.0,0.055462238649902115,Low Risk,0,Occasional
22,7,2180.76,0,311.5371428571429,358,59.666666666666664,1.1666666666666667,0.2265107514854167,Low Risk,3,regular
41,5,2248.92,0,449.784,662,165.5,1.0,0.06508426437668276,Low Risk,3,regular
101,1,230.53,0,230.53,0,0.0,1.0,0.696566428584229,High Risk,1,Churned
5,31,9063.95,0,292.3854838709678,719,23.966666666666665,1.4090909090909092,0.01802561748838645,Low Risk,2,VIP Loyal
583,1,94.53,1,94.53,0,0.0,1.0,0.6979287456780264,High Risk,1,Churned
277,3,323.65999999999997,1,107.88666666666666,349,174.5,1.5,0.31578506407801726,Medium Risk,0,Occasional
33,4,862.61,0,215.6525,413,137.66666666666666,1.3333333333333333,0.21991416699227903,Low Risk,0,Occasional
437,1,33.099999999999994,1,33.099999999999994,0,0.0,1.0,0.6985429535904067,High Risk,1,Churned
15,4,795.68,0,198.92,535,178.33333333333334,1.3333333333333333,0.13418726056721667,Low Risk,0,Occasional
500,4,313.91999999999996,1,78.48,1,0.3333333333333333,4.0,0.6934983419618717,High Risk,1,Churned
64,21,11284.76,0,537.3695238095238,637,31.85,1.5,0.03797647670007055,Low Risk,2,VIP Loyal
646,1,111.72,1,111.72,0,0.0,1.0,0.6977567443978414,High Risk,1,Churned
409,2,1449.1399999999999,1,724.5699999999999,39,39.0,1.0,0.6588651990843776,High Risk,3,regular
2,2,493.28,0,246.64,16,16.0,1.0,0.6797395021864744,High Risk,0,Occasional
562,2,330.77,1,165.385,171,171.0,1.0,0.563085986861494,Medium Risk,0,Occasional
404,4,1157.3,1,289.325,317,105.66666666666667,1.0,0.30911542445776985,Medium Risk,3,regular
369,1,686.5600000000001,1,686.5600000000001,0,0.0,1.0,0.6919731891699754,High Risk,1,Churned
312,5,501.39000000000004,1,100.278,52,13.0,2.5,0.6215657705624508,High Risk,0,Occasional
199,8,1495.98,1,186.9975,530,75.71428571428571,1.3333333333333333,0.10004213756812956,Low Risk,0,Occasional
2,2,396.48,0,198.24,31,31.0,1.0,0.6695114517461416,High Risk,0,Occasional
432,2,249.70000000000002,1,124.85000000000001,303,303.0,1.0,0.45702040271620936,Medium Risk,0,Occasional
93,15,1951.82,0,130.12133333333335,594,42.42857142857143,1.3636363636363635,0.055611589081052244,Low Risk,2,VIP Loyal
60,4,1052.8700000000001,0,263.2175,537,179.0,1.3333333333333333,0.13283288926401043,Low Risk,3,regular
407,3,1027.15,1,342.3833333333334,148,74.0,1.0,0.5276089589843443,Medium Risk,3,regular
81,3,429.16,0,143.0533333333333,446,223.0,1.0,0.22781393058496127,Low Risk,0,Occasional
157,8,1806.28,0,225.785,572,81.71428571428571,1.3333333333333333,0.08142766053550966,Low Risk,0,Occasional
395,5,535.65,1,107.13,210,52.5,2.5,0.4225446795155815,Medium Risk,0,Occasional
227,1,524.52,1,524.52,0,0.0,1.0,0.6936097136078101,High Risk,1,Churned
669,1,128.2,1,128.2,0,0.0,1.0,0.6975917951902538,High Risk,1,Churned
482,1,305.28000000000003,1,305.28000000000003,0,0.0,1.0,0.6958161802454467,High Risk,1,Churned
253,2,420.29,1,210.145,115,115.0,1.0,0.6066608595025618,High Risk,0,Occasional
150,1,179.17,0,179.17,0,0.0,1.0,0.6970813111396801,High Risk,1,Churned
194,2,222.05,1,111.025,0,0.0,2.0,0.6966240089072367,High Risk,1,Churned
1,25,5596.31,0,223.85240000000002,726,30.25,1.6666666666666667,0.020428933408655453,Low Risk,2,VIP Loyal
369,1,112.5,1,112.5,0,0.0,1.0,0.6977489384856708,High Risk,1,Churned
24,4,900.4,0,225.10000000000002,539,179.66666666666666,1.3333333333333333,0.13183461156044693,Low Risk,0,Occasional
17,7,703.22,0,100.46000000000001,527,87.83333333333333,1.4,0.10710667576950152,Low Risk,0,Occasional
380,1,145.01,1,145.01,0,0.0,1.0,0.6974234904689054,High Risk,1,Churned
10,12,8939.84,0,744.9866666666667,684,62.18181818181818,1.5,0.03895685988020797,Low Risk,2,VIP Loyal
8,1,164.68,0,164.68,0,0.0,1.0,0.6972264836026776,High Risk,1,Churned
543,1,114.69,1,114.69,0,0.0,1.0,0.6977270212753057,High Risk,1,Churned
20,10,2555.64,0,255.564,431,47.888888888888886,1.25,0.14784559400224306,Low Risk,2,VIP Loyal
4,3,967.45,0,322.48333333333335,206,103.0,1.0,0.4627634346648525,Medium Risk,3,regular
491,2,764.57,1,382.285,21,21.0,1.0,0.6749702516341305,High Risk,0,Occasional
174,1,191.94,0,191.94,0,0.0,1.0,0.6969533383967716,High Risk,1,Churned
1,15,2681.8,0,178.7866666666667,686,49.0,1.0,0.03389929153597393,Low Risk,2,VIP Loyal
624,8,1702.34,1,212.7925,106,15.142857142857142,2.0,0.5250294875349151,Medium Risk,0,Occasional
178,9,1074.7,0,119.41111111111111,551,68.875,1.5,0.08650177849222816,Low Risk,0,Occasional
534,1,6.300000000000001,1,6.300000000000001,0,0.0,1.0,0.6988106908814747,High Risk,1,Churned
378,2,205.99,1,102.99499999999999,0,0.0,2.0,0.6966943349822474,High Risk,1,Churned
402,1,429.21,1,429.21,0,0.0,1.0,0.694570026993604,High Risk,1,Churned
16,13,3427.17,0,263.6284615384615,712,59.333333333333336,1.1818181818181819,0.03183280475275163,Low Risk,2,VIP Loyal
248,5,560.63,1,112.126,489,122.25,1.6666666666666667,0.1470919608541445,Low Risk,0,Occasional
191,3,582.88,1,194.29333333333332,441,220.5,1.0,0.2314650619841516,Low Risk,0,Occasional
20,2,910.61,0,455.30500000000006,349,349.0,1.0,0.41700206174714527,Medium Risk,3,regular
154,9,571.64,0,63.51555555555555,571,71.375,1.8,0.07875668506173193,Low Risk,0,Occasional
173,4,802.11,0,200.5275,468,156.0,1.0,0.176138595257392,Low Risk,0,Occasional
373,1,739.0,1,739.0,0,0.0,1.0,0.6914425332889291,High Risk,1,Churned
373,1,254.16,1,254.16,0,0.0,1.0,0.6963293726689985,High Risk,1,Churned
731,1,102.82,1,102.82,0,0.0,1.0,0.697845803765795,High Risk,1,Churned
194,1,207.15,1,207.15,0,0.0,1.0,0.6968008736768717,High Risk,1,Churned
542,1,134.44,1,134.44,0,0.0,1.0,0.6975293253855126,High Risk,1,Churned
647,1,123.39,1,123.39,0,0.0,1.0,0.6976399440092873,High Risk,1,Churned
656,1,293.53,1,293.53,0,0.0,1.0,0.6959341814092702,High Risk,1,Churned
644,1,594.0,1,594.0,0,0.0,1.0,0.6929085940068889,High Risk,1,Churned
67,1,426.63,0,426.63,0,0.0,1.0,0.694595998806734,High Risk,1,Churned
428,1,239.9,1,239.9,0,0.0,1.0,0.6964724413372666,High Risk,1,Churned
4,8,2495.87,0,311.98375,285,40.714285714285715,1.0,0.2920695255361075,Low Risk,2,VIP Loyal
21,3,1107.46,0,369.15333333333336,65,32.5,1.5,0.6208049562528469,High Risk,3,regular
418,2,2190.66,1,1095.33,11,11.0,2.0,0.6802317847167901,High Risk,3,regular
239,2,416.86,1,208.43,2,2.0,2.0,0.694396699393857,High Risk,1,Churned
379,2,282.79,1,141.395,88,88.0,1.0,0.6279973593096213,High Risk,0,Occasional
64,1,145.35,0,145.35,0,0.0,1.0,0.6974200857810828,High Risk,1,Churned
112,9,734.81,0,81.64555555555555,444,55.5,1.0,0.14345841958604436,Low Risk,0,Occasional
90,16,9060.39,0,566.274375,284,18.933333333333334,1.6,0.247147568988151,Low Risk,2,VIP Loyal
311,1,35.8,1,35.8,0,0.0,1.0,0.6985159725566996,High Risk,1,Churned
637,1,405.0,1,405.0,0,0.0,1.0,0.6948136905529217,High Risk,1,Churned
134,1,337.44,0,337.44,0,0.0,1.0,0.6954930767867336,High Risk,1,Churned
650,2,271.28999999999996,1,135.64499999999998,28,28.0,1.0,0.6722306331713584,High Risk,0,Occasional
277,4,2164.24,1,541.06,449,149.66666666666666,1.0,0.18854363069767816,Low Risk,3,regular
365,4,827.27,1,206.8175,372,124.0,1.0,0.2550680753442296,Low Risk,0,Occasional
503,3,2304.18,1,768.06,131,65.5,1.5,0.5454810179683737,Medium Risk,3,regular
83,1,1708.24,0,1708.24,0,0.0,1.0,0.681544420108441,High Risk,1,Churned
8,3,1509.0900000000001,0,503.03000000000003,416,208.0,1.0,0.24997937457098804,Low Risk,3,regular
17,2,364.72,0,182.36,54,54.0,1.0,0.6529671743397548,High Risk,0,Occasional
32,10,7180.71,0,718.071,650,72.22222222222223,1.1111111111111112,0.049829771824039866,Low Risk,2,VIP Loyal
9,3,1013.17,0,337.7233333333333,372,186.0,1.0,0.29002500101043505,Low Risk,3,regular
34,4,806.57,0,201.6425,191,63.666666666666664,1.0,0.4543056606383345,Medium Risk,0,Occasional
15,18,3669.5499999999997,0,203.86388888888888,721,42.411764705882355,1.3846153846153846,0.025669580664909167,Low Risk,2,VIP Loyal
589,1,190.75,1,190.75,0,0.0,1.0,0.6969652651039119,High Risk,1,Churned
24,22,8658.36,0,393.5618181818182,629,31.45,1.6153846153846154,0.03841683758045632,Low Risk,2,VIP Loyal
551,2,617.6,1,308.79999999999995,175,175.0,1.0,0.5584296290106591,Medium Risk,0,Occasional
32,3,930.1,0,310.0333333333333,389,194.5,1.5,0.2768759042810946,Low Risk,3,regular
74,4,492.99,0,123.2475,476,158.66666666666666,1.0,0.17083510756721929,Low Risk,0,Occasional
682,3,579.49,1,193.16333333333333,0,0.0,3.0,0.6948651679430712,High Risk,1,Churned
374,4,410.95,1,102.73750000000001,61,20.333333333333332,2.0,0.6174821860834356,High Risk,0,Occasional
379,1,451.28999999999996,1,451.28999999999996,0,0.0,1.0,0.6943477059949966,High Risk,1,Churned
449,1,295.83,1,295.83,0,0.0,1.0,0.6959110853380595,High Risk,1,Churned
20,2,470.76,0,235.38,25,25.0,1.0,0.6734605982378552,High Risk,0,Occasional
663,1,272.96000000000004,1,272.96000000000004,0,0.0,1.0,0.6961406966898559,High Risk,1,Churned
17,13,3013.09,0,231.77615384615385,719,59.916666666666664,1.4444444444444444,0.030803196174479006,Low Risk,2,VIP Loyal
451,1,426.53000000000003,1,426.53000000000003,0,0.0,1.0,0.6945970054412464,High Risk,1,Churned
23,12,3041.6,0,253.46666666666667,715,65.0,1.2,0.03254492548083344,Low Risk,2,VIP Loyal
388,1,418.05,1,418.05,0,0.0,1.0,0.6946823612840178,High Risk,1,Churned
3,5,1127.05,0,225.41,519,129.75,1.0,0.12698429494174007,Low Risk,0,Occasional
304,2,1017.32,1,508.66,295,295.0,1.0,0.45950700394961885,Medium Risk,3,regular
18,18,5902.83,0,327.935,714,42.0,1.6363636363636365,0.026984232271212733,Low Risk,2,VIP Loyal
456,5,1810.27,1,362.054,143,35.75,1.25,0.49948665487671506,Medium Risk,0,Occasional
367,3,988.44,1,329.48,62,31.0,1.5,0.6243011264867326,High Risk,0,Occasional
39,7,3442.15,0,491.7357142857143,249,41.5,1.0,0.34224310258573964,Medium Risk,3,regular
84,1,371.01,0,371.01,0,0.0,1.0,0.69515560169931,High Risk,1,Churned
165,6,1746.6399999999999,0,291.1066666666666,385,77.0,1.0,0.2112271907096918,Low Risk,3,regular
17,2,1054.73,0,527.365,21,21.0,1.0,0.6736498054255536,High Risk,3,regular
77,3,3279.42,0,1093.14,567,283.5,1.0,0.142123102961562,Low Risk,3,regular
603,1,329.22,1,329.22,0,0.0,1.0,0.6955756794206676,High Risk,1,Churned
89,7,6593.68,0,941.9542857142858,467,77.83333333333333,1.75,0.1414484354365085,Low Risk,3,regular
25,21,9362.77,0,445.8461904761905,595,29.75,1.3125,0.04711889189037906,Low Risk,2,VIP Loyal
605,1,324.51,1,324.51,0,0.0,1.0,0.6956230044479742,High Risk,1,Churned
22,8,3958.8199999999997,0,494.8525,711,101.57142857142857,2.0,0.040745328428920174,Low Risk,2,VIP Loyal
3,30,8759.32,0,291.9773333333333,735,25.344827586206897,1.5789473684210527,0.017005043461071782,Low Risk,2,VIP Loyal
123,7,2715.28,0,387.8971428571429,438,73.0,1.1666666666666667,0.16043857620956675,Low Risk,3,regular
30,2,354.42,0,177.21,351,351.0,1.0,0.41822893588107274,Medium Risk,0,Occasional
12,8,1682.13,0,210.26625,367,52.42857142857143,1.3333333333333333,0.21094454027920967,Low Risk,2,VIP Loyal
19,3,770.09,0,256.69666666666666,637,318.5,1.0,0.11080967492996846,Low Risk,0,Occasional
376,2,372.51,1,186.255,361,361.0,1.0,0.4102756728236489,Medium Risk,0,Occasional
44,7,2010.05,0,287.15000000000003,605,100.83333333333333,1.1666666666666667,0.0728946075856597,Low Risk,3,regular
534,1,150.55,1,150.55,0,0.0,1.0,0.6973680113825901,High Risk,1,Churned
4,3,896.6,0,298.8666666666667,449,224.5,1.0,0.22448993369329534,Low Risk,3,regular
9,7,2797.57,0,399.65285714285716,35,5.833333333333333,2.3333333333333335,0.626104270356008,High Risk,2,VIP Loyal
55,3,1202.18,0,400.7266666666667,581,290.5,1.0,0.1375124146808383,Low Risk,3,regular
414,1,696.19,1,696.19,0,0.0,1.0,0.6918757783083046,High Risk,1,Churned
88,7,1686.9,0,240.9857142857143,308,51.333333333333336,1.0,0.2759546560925147,Low Risk,0,Occasional
37,16,8308.34,0,519.27125,702,46.8,1.1428571428571428,0.030593557090015298,Low Risk,2,VIP Loyal
736,1,20.4,1,20.4,0,0.0,1.0,0.6986698459635109,High Risk,1,Churned
3,3,12393.7,0,4131.233333333334,0,0.0,3.0,0.6645034257002035,High Risk,2,VIP Loyal
381,1,583.39,1,583.39,0,0.0,1.0,0.6930157168335092,High Risk,1,Churned
625,1,169.21,1,169.21,0,0.0,1.0,0.6971811026519185,High Risk,1,Churned
30,10,5613.83,0,561.383,706,78.44444444444444,1.25,0.037251956250434766,Low Risk,2,VIP Loyal
475,5,2146.39,1,429.27799999999996,208,52.0,1.25,0.4167361139811641,Medium Risk,3,regular
12,10,2436.22,0,243.622,438,48.666666666666664,1.6666666666666667,0.14417013997062247,Low Risk,2,VIP Loyal
211,2,347.17,1,173.585,176,176.0,1.0,0.5590123284403529,Medium Risk,0,Occasional
48,7,3075.14,0,439.30571428571426,495,82.5,1.1666666666666667,0.12356834535443018,Low Risk,3,regular
24,15,5384.13,0,358.942,606,43.285714285714285,1.5,0.05276943720067089,Low Risk,2,VIP Loyal
22,4,992.71,0,248.1775,137,45.666666666666664,1.3333333333333333,0.5218470186310676,Medium Risk,0,Occasional
246,11,1724.06,1,156.73272727272726,165,16.5,2.75,0.42604565298798125,Medium Risk,2,VIP Loyal
8,29,5880.46,0,202.77448275862068,730,26.071428571428573,1.45,0.017731160881013355,Low Risk,2,VIP Loyal
35,5,2989.79,0,597.958,494,123.5,1.0,0.14079473997262482,Low Risk,3,regular
4,84,57446.44,0,683.8861904761904,728,9.1,3.5217391304347827,0.005384990285896978,Low Risk,2,VIP Loyal
38,5,1130.27,0,226.054,639,159.75,1.0,0.07297518872424912,Low Risk,0,Occasional
4,3,705.39,0,235.13,45,22.5,1.0,0.6403579007511635,High Risk,3,regular
3,11,2533.94,0,230.35818181818183,399,39.9,1.5714285714285714,0.16699070815217823,Low Risk,2,VIP Loyal
47,5,1553.83,0,310.76599999999996,656,164.0,1.25,0.06751439280679333,Low Risk,3,regular
39,4,698.13,0,174.5325,693,231.0,1.0,0.06622155494580068,Low Risk,0,Occasional
47,27,17465.85,0,646.8833333333333,678,26.076923076923077,1.8,0.026389480917570603,Low Risk,2,VIP Loyal
17,3,851.01,0,283.67,48,48.0,1.0,0.650618045004691,High Risk,3,regular
395,2,532.25,1,266.125,149,149.0,1.0,0.5795210512536694,Medium Risk,0,Occasional
260,1,628.28,1,628.28,0,0.0,1.0,0.6925623471419063,High Risk,1,Churned
46,3,719.81,0,239.9366666666667,220,110.0,1.0,0.447897029165555,Medium Risk,0,Occasional
12,3,484.2,0,161.4,399,199.5,1.5,0.2690093307549912,Low Risk,0,Occasional
30,1,439.65999999999997,0,439.65999999999997,0,0.0,1.0,0.694464818428988,High Risk,1,Churned
43,1,236.09,0,236.09,0,0.0,1.0,0.6965106601182327,High Risk,1,Churned
92,15,2048.36,0,136.55733333333333,608,43.42857142857143,1.3636363636363635,0.051671663482136275,Low Risk,2,VIP Loyal
596,1,82.2,1,82.2,0,0.0,1.0,0.6980520841247522,High Risk,1,Churned
39,107,122209.14,0,1142.1414953271028,692,6.784313725490196,4.291666666666667,0.0051448006714154585,Low Risk,2,VIP Loyal
310,1,331.24,1,331.24,0,0.0,1.0,0.6955553816443486,High Risk,1,Churned
92,2,548.94,0,274.47,154,154.0,1.0,0.5754836348929702,Medium Risk,0,Occasional
456,6,1970.45,1,328.40833333333336,67,13.4,2.0,0.5914090310779692,Medium Risk,3,regular
6,27,10836.13,0,401.3381481481482,479,18.423076923076923,1.6875,0.07490234117803346,Low Risk,2,VIP Loyal
196,6,928.72,1,154.78666666666666,213,42.6,1.5,0.40058194753644166,Medium Risk,0,Occasional
560,1,217.73,1,217.73,0,0.0,1.0,0.6966947944317794,High Risk,1,Churned
87,4,2556.84,0,639.21,533,177.66666666666666,1.0,0.13300475718855825,Low Risk,3,regular
270,5,1509.34,1,301.86800000000005,378,94.5,1.0,0.23000511937660675,Low Risk,3,regular
8,3,471.78000000000003,0,157.26,194,97.0,1.0,0.4776457391567529,Medium Risk,0,Occasional
424,2,456.4,1,228.20000000000002,204,204.0,1.0,0.5359784154314026,Medium Risk,0,Occasional
65,7,2416.9,0,345.2714285714286,544,90.66666666666667,1.0,0.09775301336954671,Low Risk,3,regular
31,3,3166.4,0,1055.4666666666667,110,55.0,1.5,0.5662469768041299,Medium Risk,3,regular
22,8,2265.12,0,283.14,431,61.57142857142857,1.3333333333333333,0.15919519335845725,Low Risk,2,VIP Loyal
38,8,1856.5900000000001,0,232.07375000000002,444,63.42857142857143,1.1428571428571428,0.14956792716597514,Low Risk,3,regular
435,1,340.84000000000003,1,340.84000000000003,0,0.0,1.0,0.6954589065636579,High Risk,1,Churned
120,8,3434.9300000000003,0,429.36625000000004,378,54.0,1.3333333333333333,0.20106560642309268,Low Risk,3,regular
562,1,235.78,1,235.78,0,0.0,1.0,0.6965137696633636,High Risk,1,Churned
682,1,107.14,1,107.14,0,0.0,1.0,0.6978025768073672,High Risk,1,Churned
373,4,1075.23,1,268.8075,176,58.666666666666664,1.3333333333333333,0.4738814246758179,Medium Risk,0,Occasional
40,6,1899.68,0,316.61333333333334,475,95.0,1.5,0.14441502470703343,Low Risk,3,regular
174,3,300.7,0,100.23333333333335,227,113.5,1.5,0.44397587367304786,Medium Risk,0,Occasional
682,1,188.44,1,188.44,0,0.0,1.0,0.6969884161898127,High Risk,1,Churned
54,1,362.06,0,362.06,0,0.0,1.0,0.6952455954800493,High Risk,1,Churned
33,6,3634.84,0,605.8066666666667,578,115.6,1.2,0.08863983073338187,Low Risk,3,regular
145,4,2111.88,0,527.97,471,157.0,1.0,0.1726318024323596,Low Risk,3,regular
221,1,134.8,1,134.8,0,0.0,1.0,0.6975257211353281,High Risk,1,Churned
45,1,664.85,0,664.85,0,0.0,1.0,0.6921927308112477,High Risk,1,Churned
16,10,3854.85,0,385.485,684,85.5,1.2857142857142858,0.04275665603883371,Low Risk,2,VIP Loyal
406,1,62.7,1,62.7,0,0.0,1.0,0.6982470865795201,High Risk,1,Churned
66,12,3217.77,0,268.1475,503,45.72727272727273,1.0909090909090908,0.0975215057220895,Low Risk,2,VIP Loyal
401,3,541.95,1,180.65,93,46.5,1.0,0.5898346675962546,Medium Risk,0,Occasional
431,1,89.65,1,89.65,0,0.0,1.0,0.6979775643113372,High Risk,1,Churned
10,8,2863.45,0,357.93125,526,75.14285714285714,1.1428571428571428,0.10154419173487012,Low Risk,2,VIP Loyal
260,1,335.32,1,335.32,0,0.0,1.0,0.6955143818348382,High Risk,1,Churned
725,1,111.0,1,111.0,0,0.0,1.0,0.6977639497538044,High Risk,1,Churned
365,8,2382.62,1,297.8275,97,13.857142857142858,2.0,0.5369830345444525,Medium Risk,3,regular
17,5,1521.87,0,304.37399999999997,107,26.75,1.6666666666666667,0.5479350140245697,Medium Risk,3,regular
563,3,3395.29,1,1131.7633333333333,112,56.0,1.0,0.560761532950167,Medium Risk,3,regular
594,1,122.93,1,122.93,0,0.0,1.0,0.6976445484504845,High Risk,1,Churned
418,1,457.7,1,457.7,0,0.0,1.0,0.6942831474724931,High Risk,1,Churned
22,2,852.15,0,426.07500000000005,9,9.0,2.0,0.6876280898538844,High Risk,3,regular
45,4,1076.8,0,269.20000000000005,610,203.33333333333334,1.0,0.09607070272849332,Low Risk,3,regular
288,4,4328.89,1,1082.2225,260,86.66666666666667,1.3333333333333333,0.36801043744707057,Medium Risk,3,regular
297,1,122.39999999999999,1,122.39999999999999,0,0.0,1.0,0.6976498535182577,High Risk,1,Churned
390,1,265.25,1,265.25,0,0.0,1.0,0.6962180819038007,High Risk,1,Churned
503,2,736.9300000000001,1,368.46500000000003,61,61.0,1.0,0.6460480396579604,High Risk,0,Occasional
3,10,2234.73,0,223.473,205,22.77777777777778,1.4285714285714286,0.3744381135627076,Medium Risk,2,VIP Loyal
626,1,2300.4,1,2300.4,0,0.0,1.0,0.6754147124606175,High Risk,1,Churned
284,2,362.99,1,181.495,385,385.0,1.0,0.39164666231619544,Medium Risk,0,Occasional
17,3,1352.0,0,450.6666666666667,23,11.5,1.5,0.6634481616842316,High Risk,3,regular
82,4,602.5600000000001,0,150.64000000000001,368,122.66666666666667,1.0,0.25913330514076577,Low Risk,0,Occasional
56,8,4460.18,0,557.5225,618,88.28571428571429,1.0,0.06418513830941291,Low Risk,3,regular
670,1,106.75,1,106.75,0,0.0,1.0,0.6978064793850817,High Risk,1,Churned
101,4,2351.42,0,587.855,287,95.66666666666667,1.3333333333333333,0.3410253579085199,Medium Risk,3,regular
299,1,436.18,1,436.18,0,0.0,1.0,0.6944998566452186,High Risk,1,Churned
23,12,2343.53,0,195.29416666666668,664,60.36363636363637,1.0909090909090908,0.04252435360622819,Low Risk,2,VIP Loyal
59,10,2864.9900000000002,0,286.49899999999997,677,75.22222222222223,1.0,0.043075370531830366,Low Risk,2,VIP Loyal
389,5,1739.92,1,347.98400000000004,300,75.0,1.0,0.30782852970401525,Medium Risk,3,regular
576,2,1437.43,1,718.7149999999999,15,15.0,1.0,0.6761755285564198,High Risk,3,regular
386,2,271.44,1,135.72,122,122.0,1.0,0.6019747400918318,High Risk,0,Occasional
624,1,205.91,1,205.91,0,0.0,1.0,0.6968133050329179,High Risk,1,Churned
155,2,315.06,0,157.53,43,43.0,1.0,0.6612298834141176,High Risk,0,Occasional
115,6,1587.94,0,264.6566666666667,464,92.8,1.2,0.15098390595071165,Low Risk,3,regular
107,1,17.0,0,17.0,0,0.0,1.0,0.6987038119948833,High Risk,1,Churned
12,11,3695.56,0,335.96,590,65.55555555555556,1.25,0.06629328222069268,Low Risk,2,VIP Loyal
456,1,447.05,1,447.05,0,0.0,1.0,0.6943904050983394,High Risk,1,Churned
264,4,1584.97,1,396.2425,380,126.66666666666667,1.0,0.2466427736619492,Low Risk,3,regular
240,1,185.04999999999998,1,185.04999999999998,0,0.0,1.0,0.6970223893497935,High Risk,1,Churned
88,14,4448.1,0,317.7214285714286,637,49.0,1.0769230769230769,0.045807653635802435,Low Risk,2,VIP Loyal
50,7,1573.2,0,224.74285714285716,596,99.33333333333333,1.0,0.07600146720455163,Low Risk,3,regular
463,1,582.64,1,582.64,0,0.0,1.0,0.6930232883473854,High Risk,1,Churned
71,4,3229.16,0,807.29,490,163.33333333333334,1.0,0.1586167680506052,Low Risk,3,regular
42,3,1842.14,0,614.0466666666667,86,43.0,1.0,0.5937193015776866,Medium Risk,3,regular
7,22,6191.71,0,281.44136363636363,693,33.0,1.4666666666666666,0.026709555842859736,Low Risk,2,VIP Loyal
62,9,2778.61,0,308.7344444444445,671,83.875,1.2857142857142858,0.046841003048772124,Low Risk,2,VIP Loyal
249,5,2386.19,1,477.238,355,88.75,1.0,0.25073178862310286,Low Risk,3,regular
66,1,108.38,0,108.38,0,0.0,1.0,0.6977901684217155,High Risk,1,Churned
18,7,3204.1600000000003,0,457.7371428571429,165,27.5,1.1666666666666667,0.44964386040729143,Medium Risk,3,regular
85,4,2235.92,0,558.98,546,182.0,1.0,0.12607802521300554,Low Risk,3,regular
219,3,939.48,1,313.16,479,239.5,1.0,0.20182522713620957,Low Risk,3,regular
45,4,1819.27,0,454.8175,477,159.0,1.0,0.16876804756775277,Low Risk,3,regular
428,1,562.48,1,562.48,0,0.0,1.0,0.6932267716521597,High Risk,1,Churned
143,4,195.73999999999998,0,48.935,195,65.0,2.0,0.4558169743074923,Medium Risk,0,Occasional
183,1,161.38,1,161.38,0,0.0,1.0,0.6972595401509647,High Risk,1,Churned
171,1,135.75000000000003,0,135.75000000000003,0,0.0,1.0,0.6975162098027763,High Risk,1,Churned
10,12,2575.14,0,214.595,564,51.27272727272727,1.0,0.07146701540056787,Low Risk,2,VIP Loyal
212,1,612.78,1,612.78,0,0.0,1.0,0.6927189325618923,High Risk,1,Churned
190,3,654.4,1,218.13333333333333,401,200.5,1.0,0.2647814139768472,Low Risk,0,Occasional
653,1,4376.25,1,4376.25,0,0.0,1.0,0.6534576973471843,High Risk,3,regular
8,8,1720.81,0,215.10125000000002,715,102.14285714285714,1.0,0.03916270569139398,Low Risk,2,VIP Loyal
59,6,3056.91,0,509.48500000000007,362,72.4,3.0,0.2389714115560582,Low Risk,2,VIP Loyal
57,5,1477.09,0,295.418,508,127.0,1.25,0.13378006981754784,Low Risk,3,regular
73,6,1001.34,0,166.89000000000001,352,70.4,1.0,0.24187678368821744,Low Risk,0,Occasional
52,1,307.78,0,307.78,0,0.0,1.0,0.6957910702897184,High Risk,1,Churned
317,4,1772.49,1,443.1225,415,138.33333333333334,1.0,0.21589468068771964,Low Risk,3,regular
367,14,4587.65,1,327.6892857142857,358,27.53846153846154,1.1666666666666667,0.1845272954576844,Low Risk,2,VIP Loyal
29,15,14646.800000000001,0,976.4533333333334,708,50.57142857142857,1.0714285714285714,0.031024109977789555,Low Risk,2,VIP Loyal
39,2,801.31,0,400.655,687,687.0,1.0,0.19340287638155418,Low Risk,3,regular
18,11,3801.05,0,345.55,493,49.3,1.5714285714285714,0.106991175793996,Low Risk,2,VIP Loyal
407,3,1396.05,1,465.34999999999997,100,50.0,1.5,0.5823368970253379,Medium Risk,3,regular
422,4,987.48,1,246.87,195,65.0,1.0,0.4491140658450051,Medium Risk,0,Occasional
52,12,9957.42,0,829.785,686,68.6,1.375,0.03908807062452731,Low Risk,2,VIP Loyal
544,2,664.1999999999999,1,332.1,83,83.0,1.0,0.629933874962973,High Risk,0,Occasional
4,56,22992.260000000002,0,410.5760714285715,614,11.163636363636364,2.8,0.0179427506664681,Low Risk,2,VIP Loyal
22,5,2145.34,0,429.06800000000004,519,129.75,1.0,0.12645665518971785,Low Risk,3,regular
263,2,819.45,1,409.72499999999997,321,321.0,1.0,0.4396764835645671,Medium Risk,3,regular
60,4,946.8,0,236.7,603,201.0,1.0,0.09918120883121541,Low Risk,0,Occasional
680,1,422.7,1,422.7,0,0.0,1.0,0.6946355581438666,High Risk,1,Churned
379,3,910.35,1,303.45000000000005,212,106.0,1.0,0.45623877281883146,Medium Risk,3,regular
19,5,1111.15,0,222.23000000000002,717,179.25,1.25,0.05042467463944093,Low Risk,0,Occasional
66,3,1557.6000000000001,0,519.1999999999999,376,188.0,1.0,0.28502785691539656,Low Risk,3,regular
88,2,955.94,0,477.97,328,328.0,1.0,0.43340171934150273,Medium Risk,3,regular
250,1,535.34,1,535.34,0,0.0,1.0,0.693500588219528,High Risk,1,Churned
3,12,4910.83,0,409.23583333333335,726,66.0,1.0909090909090908,0.030705885721586453,Low Risk,2,VIP Loyal
247,1,175.2,1,175.2,0,0.0,1.0,0.6971210897041632,High Risk,1,Churned
9,19,6805.4400000000005,0,358.18105263157895,575,31.944444444444443,1.1875,0.05492816024682079,Low Risk,2,VIP Loyal
157,4,946.38,0,236.595,291,97.0,1.0,0.3373552673151603,Medium Risk,0,Occasional
134,5,2398.91,0,479.782,538,134.5,1.0,0.11598069985903404,Low Risk,3,regular
296,2,386.62,1,193.31,140,140.0,1.0,0.5873419560239578,Medium Risk,0,Occasional
5,3,422.22,0,140.74,424,212.0,1.0,0.24567511631328576,Low Risk,0,Occasional
43,10,4395.59,0,439.559,679,75.44444444444444,1.0,0.04266867981402052,Low Risk,2,VIP Loyal
269,1,1829.04,1,1829.04,0,0.0,1.0,0.6802989704289911,High Risk,1,Churned
50,11,5133.49,0,466.6809090909091,512,51.2,1.2222222222222223,0.09690725327684256,Low Risk,2,VIP Loyal
382,5,796.9,1,159.38,158,39.5,1.25,0.4814952426009706,Medium Risk,0,Occasional
9,20,6218.18,0,310.909,728,38.31578947368421,1.25,0.02332242749541664,Low Risk,2,VIP Loyal
16,3,656.69,0,218.89666666666668,56,28.0,1.5,0.6315120252739709,High Risk,0,Occasional
522,9,628.32,1,69.81333333333333,211,26.375,1.2857142857142858,0.37382312185245903,Medium Risk,0,Occasional
282,4,1232.79,1,308.1975,455,151.66666666666666,1.0,0.1851108942035985,Low Risk,3,regular
65,2,1025.44,0,512.72,20,20.0,1.0,0.6744950368596491,High Risk,3,regular
2,43,12831.8,0,298.4139534883721,668,15.904761904761905,2.0476190476190474,0.017691588118690947,Low Risk,2,VIP Loyal
252,1,37.4,1,37.4,0,0.0,1.0,0.698499983148305,High Risk,1,Churned
232,6,2849.58,1,474.93000000000006,505,101.0,1.2,0.12504925669498626,Low Risk,3,regular
17,3,822.48,0,274.16,25,12.5,1.5,0.662838802990555,High Risk,0,Occasional
505,1,79.9,1,79.9,0,0.0,1.0,0.6980750881338011,High Risk,1,Churned
428,2,435.83,1,217.91500000000002,263,263.0,1.0,0.48835495385900207,Medium Risk,0,Occasional
414,5,1386.1200000000001,1,277.22400000000005,324,81.0,1.25,0.2837131383960185,Low Risk,3,regular
11,66,10636.47,0,161.15863636363636,726,11.523809523809524,2.909090909090909,0.006852791886722179,Low Risk,2,VIP Loyal
8,4,1822.97,0,455.7425,67,22.333333333333332,1.0,0.6029587920280418,High Risk,3,regular
51,20,6869.0,0,343.45,608,32.0,1.4285714285714286,0.04497717878382555,Low Risk,2,VIP Loyal
59,1,73.2,0,73.2,0,0.0,1.0,0.6981420941434341,High Risk,1,Churned
95,8,1884.55,0,235.56875,417,69.5,1.1666666666666667,0.17260213663993804,Low Risk,3,regular
16,6,1418.32,0,236.38666666666668,82,16.4,2.0,0.5726751596224927,Medium Risk,0,Occasional
126,7,2246.75,0,320.9642857142857,476,79.33333333333333,1.1666666666666667,0.13510613057122733,Low Risk,3,regular
94,7,1836.44,0,262.3485714285714,469,78.16666666666667,1.0,0.13917679587232368,Low Risk,3,regular
421,4,2052.69,1,513.1725,198,66.0,1.0,0.44353942307841615,Medium Risk,3,regular
50,8,2247.31,0,280.91375,596,85.14285714285714,1.6,0.07263075965699362,Low Risk,2,VIP Loyal
138,2,612.6,0,306.3,263,263.0,1.0,0.4874397590757181,Medium Risk,0,Occasional
61,1,215.83,0,215.83,0,0.0,1.0,0.6967138461235154,High Risk,1,Churned
100,13,16249.87,0,1249.99,434,36.166666666666664,1.625,0.13670422169061422,Low Risk,2,VIP Loyal
73,1,305.54,0,305.54,0,0.0,1.0,0.6958135688644033,High Risk,1,Churned
72,9,9971.65,0,1107.961111111111,568,71.0,1.0,0.07875363204418095,Low Risk,3,regular
67,4,1077.81,0,269.4525,340,113.33333333333333,1.3333333333333333,0.28710701363260266,Low Risk,0,Occasional
64,6,1158.79,0,193.13166666666666,147,29.4,1.2,0.4839684798108096,Medium Risk,0,Occasional
17,3,644.72,0,214.90666666666667,547,273.5,1.0,0.1575157265540139,Low Risk,0,Occasional
23,26,9026.11,0,347.1580769230769,707,28.28,1.4444444444444444,0.022226462786494827,Low Risk,2,VIP Loyal
32,15,6911.4400000000005,0,460.7626666666667,252,18.0,1.875,0.28769132892847965,Low Risk,2,VIP Loyal
45,5,1087.66,0,217.532,364,91.0,1.25,0.2442771160413339,Low Risk,0,Occasional
16,2,215.48,0,107.74,69,69.0,1.0,0.6425836049890966,High Risk,0,Occasional
40,8,2723.55,0,340.44375,685,97.85714285714286,1.0,0.04568491481353716,Low Risk,3,regular
3,24,15688.02,0,653.6675,725,31.52173913043478,2.1818181818181817,0.022197498283561743,Low Risk,2,VIP Loyal
736,1,351.3,1,351.3,0,0.0,1.0,0.6953537693639738,High Risk,1,Churned
237,2,630.43,1,315.21500000000003,174,174.0,1.0,0.5591629571095549,Medium Risk,0,Occasional
375,1,308.59999999999997,1,308.59999999999997,0,0.0,1.0,0.6957828339701809,High Risk,1,Churned
723,1,323.25,1,323.25,0,0.0,1.0,0.6956356639448023,High Risk,1,Churned
489,1,93.3,1,93.3,0,0.0,1.0,0.6979410507964142,High Risk,1,Churned
469,9,2016.71,1,224.07888888888888,254,31.75,1.5,0.32198847233271055,Medium Risk,0,Occasional
75,2,1030.0410000000002,0,515.0205000000001,362,362.0,1.0,0.40620138821739193,Medium Risk,3,regular
392,7,942.75,1,134.67857142857142,238,39.666666666666664,1.1666666666666667,0.3572923048087427,Medium Risk,0,Occasional
4,12,5643.45,0,470.28749999999997,732,66.54545454545455,1.5,0.0300211039601511,Low Risk,2,VIP Loyal
3,5,2112.12,0,422.424,412,103.0,1.0,0.20019775724325845,Low Risk,3,regular
361,9,2501.9900000000002,1,277.99888888888887,376,47.0,1.5,0.19671586676422284,Low Risk,3,regular
59,6,1114.54,0,185.75666666666666,445,89.0,1.0,0.16380398019122666,Low Risk,0,Occasional
23,3,944.24,0,314.74666666666667,707,353.5,1.0,0.0832549685156781,Low Risk,3,regular
31,7,1830.61,0,261.5157142857143,511,85.16666666666667,1.1666666666666667,0.11483935350308844,Low Risk,3,regular
55,13,2602.32,0,200.17846153846156,629,52.416666666666664,1.3,0.04951441847252001,Low Risk,2,VIP Loyal
25,1,394.38,0,394.38,0,0.0,1.0,0.6949205420235498,High Risk,1,Churned
45,10,3440.45,0,344.04499999999996,608,67.55555555555556,1.0,0.06160686926847385,Low Risk,2,VIP Loyal
89,9,4146.78,0,460.75333333333333,458,57.25,1.2857142857142858,0.1351047541542664,Low Risk,3,regular
2,35,38489.51,0,1099.7002857142859,735,21.61764705882353,2.0588235294117645,0.0170029913220669,Low Risk,2,VIP Loyal
89,3,1090.59,0,363.53,349,174.5,1.0,0.3115495739071213,Medium Risk,3,regular
19,4,1293.71,0,323.4275,650,216.66666666666666,1.0,0.08020416062603938,Low Risk,3,regular
79,1,159.0,0,159.0,0,0.0,1.0,0.6972833796667561,High Risk,1,Churned
171,4,2038.25,0,509.5625,264,88.0,1.0,0.3657201813376529,Medium Risk,3,regular
81,1,242.35,0,242.35,0,0.0,1.0,0.6964478635213703,High Risk,1,Churned
267,1,914.9300000000001,1,914.9300000000001,0,0.0,1.0,0.6896585556372027,High Risk,1,Churned
235,2,304.25,1,152.125,46,46.0,1.0,0.6590992847469509,High Risk,0,Occasional
30,13,4439.97,0,341.53615384615387,531,44.25,1.4444444444444444,0.08272370163176078,Low Risk,2,VIP Loyal
501,1,40.8,1,40.8,0,0.0,1.0,0.6984660040552255,High Risk,1,Churned
37,9,2235.5099999999998,0,248.39000000000001,449,56.125,1.2857142857142858,0.1409004790931885,Low Risk,2,VIP Loyal
318,2,1345.22,1,672.61,402,402.0,1.0,0.3738268763557849,Medium Risk,3,regular
375,2,1102.3500000000001,1,551.175,20,20.0,2.0,0.6787919940623782,High Risk,3,regular
57,5,1616.54,0,323.308,330,82.5,1.25,0.27730009442033854,Low Risk,3,regular
45,15,2867.4100000000003,0,191.16066666666669,625,44.642857142857146,1.3636363636363635,0.04731945326028131,Low Risk,2,VIP Loyal
203,5,672.1700000000001,1,134.43400000000003,210,52.5,1.25,0.4159269892606306,Medium Risk,0,Occasional
225,3,1027.22,1,342.4066666666667,310,155.0,1.0,0.3504666165232364,Medium Risk,3,regular
385,3,890.8100000000001,1,296.93666666666667,14,7.0,3.0,0.680574585779899,High Risk,0,Occasional
87,6,2867.86,0,477.97666666666663,477,95.4,1.0,0.14148611080103768,Low Risk,3,regular
190,2,542.03,1,271.015,30,30.0,1.0,0.6695610789350518,High Risk,0,Occasional
379,4,1078.22,1,269.555,218,72.66666666666667,1.3333333333333333,0.4229386897870945,Medium Risk,0,Occasional
44,7,2712.97,0,387.5671428571428,506,84.33333333333333,1.1666666666666667,0.1174246720944807,Low Risk,3,regular
71,9,1965.71,0,218.41222222222223,666,83.25,1.0,0.04778853624614199,Low Risk,0,Occasional
476,3,333.18,1,111.06,85,42.5,1.0,0.5990901287267444,Medium Risk,0,Occasional
41,9,2053.71,0,228.19,429,53.625,1.0,0.15377029413478532,Low Risk,0,Occasional
78,1,432.2,0,432.2,0,0.0,1.0,0.6945399263288816,High Risk,1,Churned
437,1,136.65,1,136.65,0,0.0,1.0,0.6975071989104302,High Risk,1,Churned
423,1,63.66,1,63.66,0,0.0,1.0,0.6982374881323987,High Risk,1,Churned
57,6,1492.2,0,248.70000000000002,406,81.2,1.2,0.1942499032025495,Low Risk,0,Occasional
24,2,3718.8,0,1859.4,53,53.0,1.0,0.6378042180582509,High Risk,3,regular
10,16,4329.31,0,270.581875,400,26.666666666666668,1.3333333333333333,0.144444246117642,Low Risk,2,VIP Loyal
8,14,7474.4,0,533.8857142857142,625,48.07692307692308,1.1666666666666667,0.04920581539686836,Low Risk,2,VIP Loyal
34,2,409.1,0,204.55,21,21.0,1.0,0.6765841232743567,High Risk,0,Occasional
212,2,2579.38,1,1289.69,160,160.0,1.0,0.5603899577841089,Medium Risk,3,regular
24,3,1413.66,0,471.22,233,116.5,1.0,0.43149634539236786,Medium Risk,3,regular
460,2,827.25,1,413.625,209,209.0,1.0,0.5300329984593816,Medium Risk,3,regular
170,1,114.56,0,114.56,0,0.0,1.0,0.6977283223220736,High Risk,1,Churned
62,1,152.94,0,152.94,0,0.0,1.0,0.6973440754863793,High Risk,1,Churned
53,5,1800.07,0,360.014,186,46.5,1.0,0.44341479285501845,Medium Risk,3,regular
261,3,791.38,1,263.79333333333335,125,62.5,1.0,0.5539454854446582,Medium Risk,0,Occasional
512,1,128.31,1,128.31,0,0.0,1.0,0.697590694023009,High Risk,1,Churned
383,1,295.09000000000003,1,295.09000000000003,0,0.0,1.0,0.6959185163557013,High Risk,1,Churned
67,7,7310.15,0,1044.3071428571427,664,110.66666666666667,1.1666666666666667,0.053868418528337556,Low Risk,3,regular
378,3,985.14,1,328.38,253,126.5,1.0,0.41083688803376955,Medium Risk,3,regular
17,15,4906.8,0,327.12,668,47.714285714285715,1.0714285714285714,0.037587143656582,Low Risk,2,VIP Loyal
267,3,1629.37,1,543.1233333333333,331,165.5,1.0,0.3277430032251759,Medium Risk,3,regular
177,1,46.95,0,46.95,0,0.0,1.0,0.698404536344206,High Risk,1,Churned
45,15,11942.52,0,796.168,593,42.357142857142854,1.25,0.05707838446805437,Low Risk,2,VIP Loyal
410,3,361.94,1,120.64666666666669,194,97.0,1.5,0.4806189817435503,Medium Risk,0,Occasional
51,1,1035.45,0,1035.45,0,0.0,1.0,0.6884331824263075,High Risk,1,Churned
17,6,1059.45,0,176.57500000000002,425,85.0,1.0,0.17869625483880588,Low Risk,0,Occasional
378,1,755.15,1,755.15,0,0.0,1.0,0.6912790047349092,High Risk,1,Churned
423,1,351.01,1,351.01,0,0.0,1.0,0.6953566845325232,High Risk,1,Churned
438,2,837.53,1,418.765,7,7.0,2.0,0.689083308651777,High Risk,1,Churned
9,12,6935.17,0,577.9308333333333,398,36.18181818181818,1.3333333333333333,0.16312619914249293,Low Risk,2,VIP Loyal
74,14,1757.95,0,125.56785714285715,599,46.07692307692308,1.4,0.056010316104109434,Low Risk,2,VIP Loyal
591,1,186.66,1,186.66,0,0.0,1.0,0.6970062548726865,High Risk,1,Churned
71,2,667.65,0,333.825,0,0.0,1.0,0.6901469763911663,High Risk,1,Churned
438,1,717.57,1,717.57,0,0.0,1.0,0.6916594509741147,High Risk,1,Churned
353,1,1141.24,1,1141.24,0,0.0,1.0,0.6873553954550842,High Risk,1,Churned
3,10,3463.02,0,346.302,640,71.11111111111111,1.0,0.05224166791706342,Low Risk,2,VIP Loyal
117,1,411.7,0,411.7,0,0.0,1.0,0.6947462687547408,High Risk,1,Churned
648,2,336.03999999999996,1,168.02,7,7.0,1.0,0.6867558342572063,High Risk,1,Churned
373,1,715.9,1,715.9,0,0.0,1.0,0.6916763514155729,High Risk,1,Churned
197,3,2151.11,1,717.0366666666667,444,222.0,1.0,0.22582246297731165,Low Risk,3,regular
177,3,2629.3900000000003,0,876.4633333333335,430,215.0,1.0,0.23598350270974233,Low Risk,3,regular
734,1,188.69,1,188.69,0,0.0,1.0,0.6969859107092804,High Risk,1,Churned
100,3,1117.84,0,372.6133333333333,399,199.5,1.0,0.26546494811992255,Low Risk,3,regular
21,9,5705.08,0,633.8977777777777,575,71.875,1.0,0.07601928003464987,Low Risk,2,VIP Loyal
725,1,238.05,1,238.05,0,0.0,1.0,0.6964909993522113,High Risk,1,Churned
72,3,3424.02,0,1141.34,610,305.0,1.0,0.11998351042545222,Low Risk,3,regular
340,3,1307.58,1,435.85999999999996,378,189.0,1.0,0.28380082298349046,Low Risk,3,regular
6,8,4403.82,0,550.4775000000001,643,91.85714285714286,1.0,0.056560815305362395,Low Risk,2,VIP Loyal
31,3,1029.77,0,343.25666666666666,362,181.0,1.0,0.2993176958859887,Low Risk,3,regular
646,1,176.9,1,176.9,0,0.0,1.0,0.6971040564235917,High Risk,1,Churned
477,2,328.95,1,164.475,146,146.0,1.0,0.5829125193777633,Medium Risk,0,Occasional
170,5,1006.98,0,201.39600000000002,519,129.75,1.0,0.12704663456354076,Low Risk,3,regular
470,1,129.85,1,129.85,0,0.0,1.0,0.6975752774430808,High Risk,1,Churned
462,1,136.31,1,136.31,0,0.0,1.0,0.6975106030431835,High Risk,1,Churned
465,4,2069.3,1,517.325,101,33.666666666666664,1.0,0.5619623274060552,Medium Risk,3,regular
682,1,117.72,1,117.72,0,0.0,1.0,0.6976966959784855,High Risk,1,Churned
122,5,1253.76,0,250.752,482,120.5,1.0,0.1494170626184367,Low Risk,0,Occasional
22,15,4657.95,0,310.53000000000003,707,58.916666666666664,1.3,0.031236306703243663,Low Risk,2,VIP Loyal
477,1,126.05000000000001,1,126.05000000000001,0,0.0,1.0,0.6976133175484933,High Risk,1,Churned
10,4,1328.55,0,332.1375,54,18.0,2.0,0.6239810618479223,High Risk,3,regular
626,4,1313.67,1,328.4175,95,31.666666666666668,1.3333333333333333,0.5722930024342651,Medium Risk,3,regular
269,1,301.9,1,301.9,0,0.0,1.0,0.6958501270507452,High Risk,1,Churned
23,7,1085.7,0,155.1,419,69.83333333333333,1.1666666666666667,0.17492073326170227,Low Risk,0,Occasional
477,1,193.65,1,193.65,0,0.0,1.0,0.6969361995547705,High Risk,1,Churned
430,3,1392.43,1,464.1433333333334,245,122.5,1.0,0.4183891674978588,Medium Risk,3,regular
737,1,107.33,1,107.33,0,0.0,1.0,0.6978006755412068,High Risk,1,Churned
127,1,233.22,0,233.22,0,0.0,1.0,0.6965394478004051,High Risk,1,Churned
26,7,7928.27,0,1132.6100000000001,605,100.83333333333333,1.0,0.07200957942866061,Low Risk,3,regular
695,1,381.66,1,381.66,0,0.0,1.0,0.6950484946890251,High Risk,1,Churned
139,1,361.21999999999997,0,361.21999999999997,0,0.0,1.0,0.6952540410577261,High Risk,1,Churned
214,7,1192.82,1,170.40285714285713,221,36.833333333333336,1.4,0.37940656798376077,Medium Risk,0,Occasional
429,3,1194.92,1,398.3066666666667,147,73.5,1.0,0.5282343672766018,Medium Risk,3,regular
38,7,5120.0,0,731.4285714285714,686,114.33333333333333,1.0,0.04820181647472183,Low Risk,3,regular
106,2,706.57,0,353.28499999999997,134,134.0,1.0,0.5904436992809466,Medium Risk,3,regular
414,2,460.08,1,230.04,227,227.0,1.0,0.5173829109976781,Medium Risk,0,Occasional
18,2,616.26,0,308.13,31,31.0,1.0,0.6685029959819622,High Risk,3,regular
432,1,171.15,1,171.15,0,0.0,1.0,0.697161666807628,High Risk,1,Churned
3,2,274.15000000000003,0,137.075,46,46.0,1.0,0.6592394117240146,High Risk,0,Occasional
390,3,1491.4,1,497.1333333333334,83,41.5,1.0,0.597961324086569,Medium Risk,3,regular
331,2,402.71,1,201.35500000000002,205,205.0,1.0,0.5354491878463872,Medium Risk,0,Occasional
64,13,5744.91,0,441.91615384615386,428,35.666666666666664,1.3,0.137456860372409,Low Risk,2,VIP Loyal
120,5,2192.51,0,438.50200000000007,465,116.25,1.0,0.16021907111945594,Low Risk,3,regular
35,1,328.15,0,328.15,0,0.0,1.0,0.6955864309047507,High Risk,1,Churned
218,1,404.40000000000003,1,404.40000000000003,0,0.0,1.0,0.6948197279184865,High Risk,1,Churned
172,6,5628.99,0,938.165,509,101.8,1.2,0.12190782452117717,Low Risk,3,regular
72,7,604.5500000000001,0,86.36428571428573,666,111.0,1.4,0.05413493275590353,Low Risk,0,Occasional
1,2,326.75,0,163.375,35,35.0,1.0,0.6669583333406899,High Risk,0,Occasional
196,2,353.66,1,176.83,381,381.0,1.0,0.3947852828324303,Medium Risk,0,Occasional
128,3,428.68,0,142.89333333333335,48,24.0,1.5,0.6404527187919135,High Risk,0,Occasional
47,12,3597.5,0,299.7916666666667,688,62.54545454545455,1.3333333333333333,0.0377072014118803,Low Risk,2,VIP Loyal
6,24,4826.99,0,201.12458333333333,674,29.304347826086957,1.5,0.02782469611936632,Low Risk,2,VIP Loyal
14,16,10731.34,0,670.70875,711,47.4,1.0666666666666667,0.029277551619691315,Low Risk,2,VIP Loyal
563,1,310.83,1,310.83,0,0.0,1.0,0.6957604345640673,High Risk,1,Churned
428,4,1703.07,1,425.76750000000004,311,103.66666666666667,1.0,0.31457310633858815,Medium Risk,3,regular
18,7,634.33,0,90.61857142857141,644,107.33333333333333,1.4,0.060453411317088555,Low Risk,0,Occasional
432,6,2037.7,1,339.6166666666667,210,42.0,2.0,0.4061469877848016,Medium Risk,3,regular
28,11,2010.41,0,182.76454545454547,561,56.1,1.2222222222222223,0.07552615380450627,Low Risk,2,VIP Loyal
8,22,26626.8,0,1210.3090909090909,302,15.1,2.3333333333333335,0.21351020246971888,Low Risk,2,VIP Loyal
492,1,277.48,1,277.48,0,0.0,1.0,0.6960953243179883,High Risk,1,Churned
552,7,2774.0,1,396.2857142857143,184,30.666666666666668,1.1666666666666667,0.42492694686380494,Medium Risk,3,regular
421,4,3517.69,1,879.4224999999999,211,70.33333333333333,1.3333333333333333,0.42694904348727214,Medium Risk,3,regular
37,1,151.05,0,151.05,0,0.0,1.0,0.6973630039615569,High Risk,1,Churned
157,1,214.79999999999998,0,214.79999999999998,0,0.0,1.0,0.696724173863407,High Risk,1,Churned
284,1,109.95,1,109.95,0,0.0,1.0,0.6977744573900431,High Risk,1,Churned
107,3,1526.06,0,508.68666666666667,444,222.0,1.0,0.22711570955892962,Low Risk,3,regular
25,7,3850.79,0,550.1128571428571,584,97.33333333333333,1.4,0.08096746217175516,Low Risk,3,regular
75,4,322.41,0,80.60249999999999,104,34.666666666666664,1.0,0.5615009155753875,Medium Risk,0,Occasional
16,3,687.0699999999999,0,229.0233333333333,391,195.5,1.5,0.2756539486005286,Low Risk,0,Occasional
158,4,842.42,0,210.605,510,170.0,1.0,0.1481534965661182,Low Risk,0,Occasional
44,2,1198.74,0,599.37,438,438.0,1.0,0.347635349160626,Medium Risk,3,regular
385,1,224.51,1,224.51,0,0.0,1.0,0.6966268044661743,High Risk,1,Churned
11,11,3509.41,0,319.0372727272727,626,62.6,1.375,0.05433471995376991,Low Risk,2,VIP Loyal
32,8,1798.22,0,224.7775,398,56.857142857142854,1.3333333333333333,0.18448786287989954,Low Risk,3,regular
291,1,53.5,1,53.5,0,0.0,1.0,0.6983390629051699,High Risk,1,Churned
21,9,2253.89,0,250.4322222222222,406,50.75,1.5,0.17224000826001326,Low Risk,2,VIP Loyal
333,13,3330.0299999999997,1,256.15615384615387,402,33.5,1.3,0.15481887769663233,Low Risk,2,VIP Loyal
18,2,494.44,0,247.22,20,20.0,2.0,0.6815323010936609,High Risk,0,Occasional
4,38,9999.460000000001,0,263.1436842105263,728,20.22222222222222,2.0555555555555554,0.014357939322357727,Low Risk,2,VIP Loyal
63,5,1129.51,0,225.902,528,132.0,1.0,0.12196543040004644,Low Risk,0,Occasional
375,1,416.35,1,416.35,0,0.0,1.0,0.69469947110575,High Risk,1,Churned
198,6,415.87,1,69.31166666666667,354,70.8,1.2,0.24104559124660913,Low Risk,0,Occasional
33,4,868.37,0,217.0925,347,115.66666666666667,1.0,0.27901186721378984,Low Risk,0,Occasional
1,5,2919.65,0,583.9300000000001,393,98.25,1.0,0.21557698378416704,Low Risk,3,regular
7,16,2697.75,0,168.609375,654,43.6,1.0666666666666667,0.038982036658057204,Low Risk,2,VIP Loyal
5,6,3512.53,0,585.4216666666667,83,16.6,1.5,0.5672997489171827,Medium Risk,2,VIP Loyal
10,4,896.66,0,224.165,61,20.333333333333332,1.3333333333333333,0.6132862546415767,High Risk,0,Occasional
32,6,946.94,0,157.82333333333332,405,81.0,1.5,0.19632310542706774,Low Risk,0,Occasional
53,1,109.36000000000001,0,109.36000000000001,0,0.0,1.0,0.6977803615900078,High Risk,1,Churned
12,2,707.04,0,353.52,125,125.0,1.0,0.5974744294841986,Medium Risk,3,regular
18,15,3307.2,0,220.48,710,50.714285714285715,1.3636363636363635,0.030057218441152438,Low Risk,2,VIP Loyal
19,4,1548.1299999999999,0,387.0325,704,234.66666666666666,1.0,0.06259254918555988,Low Risk,3,regular
37,3,1362.4,0,454.1333333333334,345,172.5,1.0,0.3147227756925335,Medium Risk,3,regular
2,3,640.21,0,213.40333333333334,433,216.5,1.0,0.23779501945745354,Low Risk,0,Occasional
18,7,2664.81,0,380.6871428571429,592,98.66666666666667,1.0,0.07738384272391437,Low Risk,3,regular
82,4,1320.56,0,330.14,142,47.333333333333336,1.0,0.5133506591667029,Medium Risk,3,regular
449,1,157.2,1,157.2,0,0.0,1.0,0.6973014088471233,High Risk,1,Churned
33,5,1328.61,0,265.722,573,143.25,1.6666666666666667,0.10056534714829637,Low Risk,3,regular
382,2,309.49,1,154.745,29,29.0,1.0,0.671341651156486,High Risk,0,Occasional
66,5,1771.45,0,354.29,522,130.5,1.0,0.1249621398777182,Low Risk,3,regular
470,2,104.0,1,52.0,0,0.0,2.0,0.6971407300116298,High Risk,1,Churned
9,2,987.01,0,493.505,8,8.0,1.0,0.6831457893400935,High Risk,3,regular
267,2,1308.48,1,654.24,350,350.0,1.0,0.4142126824731426,Medium Risk,3,regular
247,3,362.95,1,120.98333333333333,63,31.5,1.5,0.6249802767992727,High Risk,0,Occasional
4,4,2157.4,0,539.35,74,24.666666666666668,1.3333333333333333,0.5958183738876951,Medium Risk,3,regular
61,1,1780.59,0,1780.59,0,0.0,1.0,0.6807988008291612,High Risk,1,Churned
396,2,258.7,1,129.35,22,22.0,1.0,0.6765570336180701,High Risk,0,Occasional
408,2,353.1,1,176.55,142,142.0,1.0,0.5859388859808166,Medium Risk,0,Occasional
75,7,2974.84,0,424.9771428571429,598,99.66666666666667,1.0,0.07509839027418579,Low Risk,3,regular
90,4,1358.95,0,339.7375,500,166.66666666666666,1.0,0.15395941380042424,Low Risk,3,regular
60,5,1030.61,0,206.122,571,142.75,1.0,0.10033697585302026,Low Risk,0,Occasional
29,3,1102.59,0,367.53000000000003,359,179.5,1.0,0.3019696188047508,Medium Risk,3,regular
323,5,918.55,1,183.70999999999998,315,78.75,1.0,0.2925173146887823,Low Risk,0,Occasional
654,1,186.05,1,186.05,0,0.0,1.0,0.6970123679925919,High Risk,1,Churned
53,4,1382.07,0,345.5175,229,76.33333333333333,1.0,0.40756993582898615,Medium Risk,3,regular
537,3,467.5,1,155.83333333333334,142,71.0,1.5,0.5386031378673342,Medium Risk,0,Occasional
401,4,1103.61,1,275.90250000000003,161,53.666666666666664,1.0,0.4904416444573858,Medium Risk,3,regular
270,3,763.05,1,254.35,292,146.0,1.0,0.3698101523558159,Medium Risk,0,Occasional
2,23,5561.66,0,241.81130434782608,736,33.45454545454545,1.3529411764705883,0.02037630806174636,Low Risk,2,VIP Loyal
57,5,1555.34,0,311.068,232,58.0,1.0,0.386625691109373,Medium Risk,3,regular
61,14,3537.85,0,252.70357142857142,673,51.76923076923077,1.5555555555555556,0.0381248620285666,Low Risk,2,VIP Loyal
476,1,137.8,1,137.8,0,0.0,1.0,0.6974956847712108,High Risk,1,Churned
628,1,127.88,1,127.88,0,0.0,1.0,0.6975949985729593,High Risk,1,Churned
154,2,1705.8,0,852.9000000000001,99,99.0,1.0,0.6126594416430767,High Risk,3,regular
19,3,641.82,0,213.93999999999997,370,185.0,1.0,0.29278529582219187,Low Risk,0,Occasional
95,9,3159.44,0,351.0488888888889,636,79.5,1.125,0.05591440120146458,Low Risk,3,regular
1,23,6849.15,0,297.7891304347826,554,25.181818181818183,1.4375,0.05509783057671787,Low Risk,2,VIP Loyal
265,2,511.4,1,255.70000000000002,104,104.0,1.0,0.614686026015813,High Risk,0,Occasional
312,1,177.5,1,177.5,0,0.0,1.0,0.6970980445481773,High Risk,1,Churned
70,1,443.05,0,443.05,0,0.0,1.0,0.694430684209609,High Risk,1,Churned
302,2,167.25,1,83.625,7,7.0,2.0,0.6920511837915149,High Risk,1,Churned
19,3,552.68,0,184.22666666666666,635,317.5,1.0,0.11195280526137247,Low Risk,0,Occasional
13,14,2821.65,0,201.54642857142858,419,34.916666666666664,1.3,0.13957867634199483,Low Risk,2,VIP Loyal
591,1,231.93,1,231.93,0,0.0,1.0,0.6965523867095557,High Risk,1,Churned
36,12,5709.04,0,475.75333333333333,690,62.72727272727273,1.0909090909090908,0.03724217617446274,Low Risk,2,VIP Loyal
734,1,130.32,1,130.32,0,0.0,1.0,0.6975705722943042,High Risk,1,Churned
19,4,910.1899999999999,0,227.54749999999999,408,136.0,1.0,0.22286376818013848,Low Risk,0,Occasional
54,5,647.23,0,129.446,619,154.75,1.0,0.0803742372948578,Low Risk,0,Occasional
57,2,528.98,0,264.49,318,318.0,1.0,0.44355777517456535,Medium Risk,0,Occasional
22,5,559.71,0,111.94200000000001,672,168.0,1.0,0.06250135678177805,Low Risk,0,Occasional
44,3,719.44,0,239.8133333333333,632,316.0,1.0,0.11310157307393634,Low Risk,0,Occasional
27,9,2972.88,0,330.32,628,78.5,1.5,0.05868940882702803,Low Risk,2,VIP Loyal
493,1,35.7,1,35.7,0,0.0,1.0,0.6985169718787211,High Risk,1,Churned
45,5,1101.94,0,220.388,378,94.5,1.25,0.23128555152421437,Low Risk,0,Occasional
113,8,1487.42,0,185.9275,555,79.28571428571429,1.3333333333333333,0.08855897926128349,Low Risk,0,Occasional
396,1,75.0,1,75.0,0,0.0,1.0,0.6981240933581514,High Risk,1,Churned
376,3,526.27,1,175.42333333333332,93,46.5,1.0,0.5898794707917211,Medium Risk,0,Occasional
17,109,63651.47,0,583.9584403669725,679,6.345794392523365,4.695652173913044,0.0038371009834918496,Low Risk,2,VIP Loyal
25,1,346.12,0,346.12,0,0.0,1.0,0.6954058379450699,High Risk,1,Churned
191,2,443.06,1,221.53,191,191.0,1.0,0.5465059729039055,Medium Risk,0,Occasional
302,1,302.7,1,302.7,0,0.0,1.0,0.6958420924965696,High Risk,1,Churned
2,10,1908.25,0,190.825,273,30.333333333333332,2.0,0.2946638538685321,Low Risk,2,VIP Loyal
263,2,241.06,1,120.53,21,21.0,1.0,0.677345584919138,High Risk,0,Occasional
414,3,660.28,1,220.09333333333333,84,42.0,1.5,0.6017877136072921,High Risk,0,Occasional
106,1,284.55,0,284.55,0,0.0,1.0,0.6960243470468216,High Risk,1,Churned
57,7,1117.94,0,159.7057142857143,624,104.0,1.4,0.06674391112507153,Low Risk,0,Occasional
213,3,642.81,1,214.26999999999998,84,42.0,1.5,0.6018371586398804,High Risk,0,Occasional
64,1,287.4,0,287.4,0,0.0,1.0,0.695995732635096,High Risk,1,Churned
28,2,384.52,0,192.26,380,380.0,1.0,0.3954068700447227,Medium Risk,0,Occasional
29,12,2741.74,0,228.47833333333332,661,60.09090909090909,1.3333333333333333,0.043442027766020075,Low Risk,2,VIP Loyal
512,3,1011.5699999999999,1,337.19,2,1.0,3.0,0.6918705563434737,High Risk,1,Churned
668,3,329.34,1,109.77999999999999,64,32.0,1.5,0.6240202350244836,High Risk,0,Occasional
381,2,301.25,1,150.625,48,48.0,1.0,0.6576556740129325,High Risk,0,Occasional
6,5,798.35,0,159.67000000000002,76,19.0,1.25,0.5855202623764594,Medium Risk,0,Occasional
722,1,310.70000000000005,1,310.70000000000005,0,0.0,1.0,0.6957617403845171,High Risk,1,Churned
8,6,3856.9700000000003,0,642.8283333333333,486,97.2,1.2,0.13601436118318433,Low Risk,3,regular
67,5,1034.43,0,206.88600000000002,559,139.75,1.0,0.1060150078157133,Low Risk,0,Occasional
2,5,899.47,0,179.894,725,181.25,1.0,0.04830168403402131,Low Risk,0,Occasional
521,1,162.24,1,162.24,0,0.0,1.0,0.6972509256108828,High Risk,1,Churned
46,17,3656.58,0,215.0929411764706,578,36.125,1.4166666666666667,0.057118357019928075,Low Risk,2,VIP Loyal
34,4,602.73,0,150.6825,377,125.66666666666667,1.3333333333333333,0.2520756911031347,Low Risk,0,Occasional
1,2,168472.5,0,84236.25,204,204.0,1.0,0.03431118829867618,Low Risk,3,regular
136,3,775.14,0,258.38000000000005,524,262.0,1.0,0.17149370419244978,Low Risk,0,Occasional
198,2,367.87,1,183.935,272,272.0,1.0,0.48142278618767587,Medium Risk,0,Occasional
198,2,707.69,1,353.845,82,82.0,1.0,0.630478999213928,High Risk,3,regular
150,3,1505.73,0,501.91,506,253.0,1.0,0.18199795212187514,Low Risk,3,regular
88,3,1013.15,0,337.7166666666667,647,323.5,1.0,0.1061886410772105,Low Risk,3,regular
631,2,332.17,1,166.085,63,63.0,1.0,0.6464839014415288,High Risk,0,Occasional
531,2,251.71,1,125.855,17,17.0,2.0,0.6847252546164729,High Risk,0,Occasional
45,4,30.950000000000003,0,7.737500000000001,566,188.66666666666666,2.0,0.1195397840272143,Low Risk,0,Occasional
64,11,4384.37,0,398.5790909090909,556,55.6,1.375,0.07789378143300288,Low Risk,2,VIP Loyal
99,13,6862.91,0,527.9161538461539,521,43.416666666666664,1.1818181818181819,0.08694273433955643,Low Risk,2,VIP Loyal
218,1,208.36,1,208.36,0,0.0,1.0,0.6967887428018867,High Risk,1,Churned
3,30,5715.34,0,190.51133333333334,559,19.275862068965516,1.5789473684210527,0.04416645117989286,Low Risk,2,VIP Loyal
730,1,71.78999999999999,1,71.78999999999999,0,0.0,1.0,0.6981561943329974,High Risk,1,Churned
28,3,814.72,0,271.5733333333333,53,26.5,1.5,0.6342087472443934,High Risk,3,regular
178,3,1615.22,0,538.4066666666666,468,234.0,1.0,0.20858003503278413,Low Risk,3,regular
74,3,136.0,0,45.333333333333336,210,105.0,1.0,0.4607394184598569,Medium Risk,0,Occasional
21,4,1422.4,0,355.6,182,60.666666666666664,1.3333333333333333,0.4659104115769427,Medium Risk,3,regular
20,3,1314.68,0,438.2266666666667,122,61.0,1.0,0.5557466172543585,Medium Risk,3,regular
421,2,746.24,1,373.12,23,23.0,1.0,0.6736304044740087,High Risk,3,regular
34,15,3838.59,0,255.906,608,43.42857142857143,1.0714285714285714,0.051582290714448184,Low Risk,2,VIP Loyal
509,7,2869.16,1,409.88,228,38.0,1.1666666666666667,0.3688803151698876,Medium Risk,3,regular
74,3,787.52,0,262.50666666666666,407,203.5,1.5,0.2613111765962083,Low Risk,0,Occasional
24,5,828.91,0,165.782,490,122.5,1.25,0.14519281782754984,Low Risk,0,Occasional
52,11,2458.6,0,223.5090909090909,676,67.6,1.1,0.041552880457548895,Low Risk,2,VIP Loyal
275,4,1189.98,1,297.495,377,125.66666666666667,1.0,0.249933017181667,Low Risk,3,regular
434,2,789.6,1,394.79999999999995,163,163.0,1.0,0.5671200867099719,Medium Risk,0,Occasional
165,4,470.83,0,117.7075,209,69.66666666666667,1.0,0.4331131870914727,Medium Risk,0,Occasional
7,7,1871.5,0,267.35714285714283,137,22.833333333333332,1.4,0.4885285167049539,Medium Risk,2,VIP Loyal
88,4,544.3,0,136.075,185,61.666666666666664,1.0,0.462094740465119,Medium Risk,0,Occasional
432,1,350.35,1,350.35,0,0.0,1.0,0.6953633189956205,High Risk,1,Churned
64,11,4320.02,0,392.7290909090909,421,42.1,1.1,0.14983760002903618,Low Risk,2,VIP Loyal
25,3,331.0,0,110.33333333333333,40,20.0,1.5,0.648946355245113,High Risk,0,Occasional
10,2,300.83,0,150.41500000000002,0,0.0,2.0,0.6962789012785808,High Risk,1,Churned
76,1,769.29,0,769.29,0,0.0,1.0,0.6911357892801161,High Risk,1,Churned
682,1,453.38,1,453.38,0,0.0,1.0,0.6943266573308402,High Risk,1,Churned
16,1,220.62,0,220.62,0,0.0,1.0,0.6966658145103177,High Risk,1,Churned
192,1,139.35,1,139.35,0,0.0,1.0,0.6974801653213076,High Risk,1,Churned
174,2,404.3,0,202.15,17,17.0,2.0,0.684042279956994,High Risk,0,Occasional
77,5,2294.68,0,458.936,656,164.0,1.0,0.066963908883282,Low Risk,3,regular
538,1,134.36,1,134.36,0,0.0,1.0,0.6975301263266949,High Risk,1,Churned
577,2,209.4,1,104.7,81,81.0,1.0,0.6336338104631598,High Risk,0,Occasional
33,3,498.8,0,166.26666666666668,115,57.5,1.0,0.5658626362422567,Medium Risk,0,Occasional
380,2,303.7,1,151.85,55,55.0,1.0,0.6525193030669089,High Risk,0,Occasional
436,1,205.41000000000003,1,205.41000000000003,0,0.0,1.0,0.6968183175950282,High Risk,1,Churned
47,2,1533.16,0,766.5799999999999,366,366.0,1.0,0.4005731149248843,Medium Risk,3,regular
541,1,385.56,1,385.56,0,0.0,1.0,0.6950092671205905,High Risk,1,Churned
80,7,2132.09,0,304.5842857142857,543,90.5,1.0,0.09826470892503054,Low Risk,3,regular
297,1,826.53,1,826.53,0,0.0,1.0,0.690555664955743,High Risk,1,Churned
3,3,684.41,0,228.13666666666666,272,136.0,1.5,0.3937283853991539,Medium Risk,0,Occasional
9,6,2330.77,0,388.46166666666664,500,100.0,1.2,0.12811286204097264,Low Risk,3,regular
50,23,6695.28,0,291.09913043478264,686,31.181818181818183,1.7692307692307692,0.02716244826299301,Low Risk,2,VIP Loyal
161,2,100.97,0,50.485,0,0.0,1.0,0.6926524004403871,High Risk,1,Churned
360,8,2578.34,1,322.2925,186,26.571428571428573,1.3333333333333333,0.41452589781554217,Medium Risk,3,regular
5,9,843.9100000000001,0,93.76777777777778,538,67.25,1.8,0.09277727941326641,Low Risk,0,Occasional
383,1,1237.23,1,1237.23,0,0.0,1.0,0.6863756945010404,High Risk,1,Churned
620,2,266.5,1,133.25,0,0.0,2.0,0.6964293162137797,High Risk,1,Churned
107,11,3614.34,0,328.5763636363636,429,42.9,1.2222222222222223,0.1445473362617463,Low Risk,2,VIP Loyal
25,1,484.38,0,484.38,0,0.0,1.0,0.6940143570280375,High Risk,1,Churned
32,1,777.6,0,777.6,0,0.0,1.0,0.6910516052057948,High Risk,1,Churned
20,2,90.30000000000001,0,45.150000000000006,20,20.0,1.0,0.678734912211103,High Risk,0,Occasional
572,1,152.76,1,152.76,0,0.0,1.0,0.6973458782271699,High Risk,1,Churned
630,1,248.8,1,248.8,0,0.0,1.0,0.6963831532908891,High Risk,1,Churned
297,1,363.7,1,363.7,0,0.0,1.0,0.6952291061161895,High Risk,1,Churned
372,6,2100.0,1,350.0,319,63.8,1.2,0.2752010631149001,Low Risk,3,regular
22,6,1819.02,0,303.17,626,125.2,1.0,0.07037635182860238,Low Risk,3,regular
5,4,874.59,0,218.6475,38,12.666666666666666,1.3333333333333333,0.6397294339692998,High Risk,0,Occasional
52,10,3216.3,0,321.63,488,54.22222222222222,1.1111111111111112,0.11249146723014741,Low Risk,2,VIP Loyal
30,1,101.69999999999999,0,101.69999999999999,0,0.0,1.0,0.6978570101826856,High Risk,1,Churned
277,1,162.7,1,162.7,0,0.0,1.0,0.6972463177766979,High Risk,1,Churned
61,4,959.37,0,239.8425,495,165.0,1.0,0.15757276798408043,Low Risk,0,Occasional
25,4,556.26,0,139.065,623,207.66666666666666,1.0,0.09098723088290687,Low Risk,0,Occasional
186,6,2482.62,1,413.77,460,92.0,1.0,0.15280337718007325,Low Risk,3,regular
415,3,1148.01,1,382.67,232,116.0,1.5,0.4359774450327716,Medium Risk,3,regular
436,2,433.36,1,216.68,14,14.0,2.0,0.6860097821173761,High Risk,0,Occasional
2,28,11916.33,0,425.5832142857143,682,25.25925925925926,1.75,0.024531955199676787,Low Risk,2,VIP Loyal
446,2,308.14,1,154.07,245,245.0,1.0,0.5035956130556346,Medium Risk,0,Occasional
2,48,24582.64,0,512.1383333333333,735,15.638297872340425,2.0,0.011201130398856349,Low Risk,2,VIP Loyal
172,2,717.21,0,358.605,412,412.0,1.0,0.36929933931261644,Medium Risk,0,Occasional
81,2,1272.44,0,636.22,343,343.0,1.0,0.419908670335803,Medium Risk,3,regular
4,1,244.41,0,244.41,0,0.0,1.0,0.6964271972236433,High Risk,1,Churned
190,4,2012.0,1,503.0,340,113.33333333333333,1.0,0.2842604549714246,Low Risk,3,regular
668,1,48.349999999999994,1,48.349999999999994,0,0.0,1.0,0.6983905426998007,High Risk,1,Churned
22,11,2298.33,0,208.9390909090909,419,41.9,1.2222222222222223,0.15127675641853144,Low Risk,2,VIP Loyal
18,5,8756.64,0,1751.328,603,150.75,1.0,0.08367861652954157,Low Risk,3,regular
19,3,1095.56,0,365.18666666666667,48,24.0,1.5,0.6386369934664617,High Risk,3,regular
642,1,635.9,1,635.9,0,0.0,1.0,0.692485351462282,High Risk,1,Churned
5,3,1001.59,0,333.8633333333333,674,337.0,1.0,0.09522902159711792,Low Risk,3,regular
110,1,548.97,0,548.97,0,0.0,1.0,0.6933630916401199,High Risk,1,Churned
641,1,23.35,1,23.35,0,0.0,1.0,0.6986403736719812,High Risk,1,Churned
541,3,399.62,1,133.20666666666668,54,27.0,1.5,0.6343042553085839,High Risk,0,Occasional
3,10,3732.01,0,373.20099999999996,529,58.77777777777778,1.4285714285714286,0.09258526551286266,Low Risk,2,VIP Loyal
414,1,226.70000000000002,1,226.70000000000002,0,0.0,1.0,0.6966048412673358,High Risk,1,Churned
735,1,424.03,1,424.03,0,0.0,1.0,0.6946221706998345,High Risk,1,Churned
54,2,257.32,0,128.66,347,347.0,1.0,0.42187652711479495,Medium Risk,0,Occasional
592,1,292.21,1,292.21,0,0.0,1.0,0.6959474360996686,High Risk,1,Churned
520,4,376.70000000000005,1,94.17500000000001,142,47.333333333333336,2.0,0.5203864053704526,Medium Risk,0,Occasional
165,2,689.82,0,344.90999999999997,210,210.0,1.0,0.5299352128614795,Medium Risk,0,Occasional
291,5,5606.47,1,1121.294,151,37.75,1.25,0.4848149209957871,Medium Risk,3,regular
546,1,111.71,1,111.71,0,0.0,1.0,0.6977568444728965,High Risk,1,Churned
599,1,30.15,1,30.15,0,0.0,1.0,0.6985724312987874,High Risk,1,Churned
10,34,13182.19,0,387.7114705882353,610,18.484848484848484,2.4285714285714284,0.031485404170300046,Low Risk,2,VIP Loyal
109,18,9435.13,0,524.1738888888889,628,36.94117647058823,1.2,0.04300227953924693,Low Risk,2,VIP Loyal
96,7,2237.12,0,319.5885714285714,630,105.0,1.0,0.06415910621494138,Low Risk,3,regular
243,2,475.02000000000004,1,237.51000000000005,130,130.0,1.0,0.5947312391359197,Medium Risk,0,Occasional
163,33,16644.01,0,504.36393939393946,502,15.6875,2.75,0.059275899735134606,Low Risk,2,VIP Loyal
42,8,2841.72,0,355.21500000000003,682,97.42857142857143,1.0,0.04639081961509288,Low Risk,3,regular
35,6,1915.68,0,319.28000000000003,470,94.0,2.0,0.14901883611160968,Low Risk,3,regular
67,17,8012.58,0,471.32823529411763,666,41.625,1.0625,0.03590339839610145,Low Risk,2,VIP Loyal
24,2,281.85,0,140.925,113,113.0,1.0,0.6088895766763985,High Risk,0,Occasional
1,38,13873.51,0,365.09236842105264,735,19.864864864864863,1.7272727272727273,0.013936463074672268,Low Risk,2,VIP Loyal
397,1,185.20000000000002,1,185.20000000000002,0,0.0,1.0,0.6970208861581589,High Risk,1,Churned
27,8,3048.38,0,381.0475,704,100.57142857142857,1.1428571428571428,0.0415383446215252,Low Risk,3,regular
6,2,511.12,0,255.56,54,54.0,1.0,0.6522794350426979,High Risk,0,Occasional
477,1,223.85999999999999,1,223.85999999999999,0,0.0,1.0,0.6966333230510876,High Risk,1,Churned
54,6,4422.76,0,737.1266666666667,684,136.8,1.0,0.05252689974747278,Low Risk,3,regular
569,1,87.8,1,87.8,0,0.0,1.0,0.6979960702051567,High Risk,1,Churned
364,4,773.05,1,193.2625,191,63.666666666666664,1.0,0.4543667860524744,Medium Risk,0,Occasional
15,5,614.66,0,122.93199999999999,277,69.25,1.0,0.33462348644321177,Medium Risk,0,Occasional
194,2,865.6,1,432.8,142,142.0,1.0,0.5833600560422216,Medium Risk,3,regular
428,2,1020.9000000000001,1,510.45000000000005,213,213.0,1.0,0.5258027782230865,Medium Risk,3,regular
3,5,1455.23,0,291.046,720,180.0,1.0,0.04936903848396554,Low Risk,3,regular
15,20,7434.31,0,371.71549999999996,604,31.789473684210527,1.5384615384615385,0.04613631962738705,Low Risk,2,VIP Loyal
27,10,4248.74,0,424.87399999999997,605,67.22222222222223,1.0,0.06259278263047684,Low Risk,2,VIP Loyal
127,3,1009.6,0,336.5333333333333,148,74.0,1.0,0.5276606207637541,Medium Risk,3,regular
85,2,663.61,0,331.805,205,205.0,1.0,0.5341041721249903,Medium Risk,3,regular
71,3,1301.78,0,433.9266666666667,587,293.5,1.0,0.1342109235170537,Low Risk,3,regular
420,2,540.87,1,270.435,101,101.0,1.0,0.6168414926525787,High Risk,0,Occasional
667,1,380.0,1,380.0,0,0.0,1.0,0.6950651906922933,High Risk,1,Churned
626,1,156.6,1,156.6,0,0.0,1.0,0.6973074184388768,High Risk,1,Churned
426,1,295.05,1,295.05,0,0.0,1.0,0.695918918029418,High Risk,1,Churned
183,1,105.84,1,105.84,0,0.0,1.0,0.6978155852886324,High Risk,1,Churned
113,1,313.62,0,313.62,0,0.0,1.0,0.6957324088881027,High Risk,1,Churned
374,2,531.4,1,265.7,299,299.0,1.0,0.45878877011280594,Medium Risk,0,Occasional
80,5,3163.67,0,632.734,581,145.25,1.0,0.09495025737280711,Low Risk,3,regular
594,2,341.59,1,170.79500000000002,101,101.0,1.0,0.6178169881615795,High Risk,0,Occasional
249,3,1462.78,1,487.5933333333333,386,193.0,1.0,0.2761886986718122,Low Risk,3,regular
232,1,225.15,1,225.15,0,0.0,1.0,0.696620386089929,High Risk,1,Churned
386,4,1361.28,1,340.32,188,62.666666666666664,1.0,0.4569455364049007,Medium Risk,3,regular
71,4,612.36,0,153.09,378,126.0,1.0,0.2498094711988497,Low Risk,0,Occasional
401,2,605.9,1,302.95,13,13.0,1.0,0.6813455206649952,High Risk,0,Occasional
69,1,213.5,0,213.5,0,0.0,1.0,0.6967372085913983,High Risk,1,Churned
4,28,7807.91,0,278.8539285714286,716,26.51851851851852,1.75,0.019999326328320504,Low Risk,2,VIP Loyal
51,8,1071.1399999999999,0,133.8925,684,97.71428571428571,1.1428571428571428,0.046102161804270604,Low Risk,0,Occasional
75,1,181.09,0,181.09,0,0.0,1.0,0.6970620720839893,High Risk,1,Churned
61,5,1810.18,0,362.03599999999994,630,157.5,1.0,0.0759284712247032,Low Risk,3,regular
16,4,579.63,0,144.9075,713,237.66666666666666,1.0,0.06045374030299279,Low Risk,0,Occasional
4,1,90.04,0,90.04,0,0.0,1.0,0.6979736629867557,High Risk,1,Churned
286,1,145.04999999999998,1,145.04999999999998,0,0.0,1.0,0.6974230899185226,High Risk,1,Churned
386,1,172.8,1,172.8,0,0.0,1.0,0.6971451357662694,High Risk,1,Churned
4,13,2153.41,0,165.64692307692306,717,59.75,1.4444444444444444,0.031086119977481164,Low Risk,2,VIP Loyal
41,3,684.25,0,228.08333333333334,582,291.0,1.0,0.1377054032492568,Low Risk,0,Occasional
36,2,763.33,0,381.665,352,352.0,1.0,0.4153816437041127,Medium Risk,3,regular
75,2,482.47,0,241.235,16,16.0,2.0,0.6843924128283267,High Risk,0,Occasional
563,2,432.45,1,216.225,5,5.0,2.0,0.6922611227107254,High Risk,1,Churned
724,1,60.48,1,60.48,0,0.0,1.0,0.6982692823244641,High Risk,1,Churned
404,2,357.66,1,178.83,30,30.0,2.0,0.6750803664998242,High Risk,0,Occasional
18,25,5706.87,0,228.2748,571,23.791666666666668,1.4705882352941178,0.04742136835615605,Low Risk,2,VIP Loyal
454,2,1288.72,1,644.36,209,209.0,1.0,0.527650378419927,Medium Risk,3,regular
15,7,5493.46,0,784.78,237,39.5,1.4,0.35795245650612,Medium Risk,2,VIP Loyal
219,1,75.66,1,75.66,0,0.0,1.0,0.6981174929175588,High Risk,1,Churned
186,6,1785.13,1,297.5216666666667,452,90.4,1.2,0.15914808556464485,Low Risk,3,regular
33,9,3245.43,0,360.60333333333335,703,87.875,1.125,0.03953886598707276,Low Risk,2,VIP Loyal
70,1,618.59,0,618.59,0,0.0,1.0,0.6926602434843792,High Risk,1,Churned
183,3,1179.79,1,393.2633333333333,395,197.5,1.0,0.2688386586473169,Low Risk,3,regular
626,1,291.5,1,291.5,0,0.0,1.0,0.6959545653819043,High Risk,1,Churned
15,2,500.42,0,250.21,142,142.0,1.0,0.5851980676799098,Medium Risk,0,Occasional
236,1,151.85,1,151.85,0,0.0,1.0,0.6973549919903582,High Risk,1,Churned
31,5,2647.59,0,529.518,291,72.75,1.25,0.3179549590167957,Medium Risk,3,regular
264,4,1938.33,1,484.5825,391,130.33333333333334,1.0,0.23627993854478094,Low Risk,3,regular
4,6,1758.93,0,293.15500000000003,734,146.8,1.0,0.04121694016649335,Low Risk,3,regular
52,4,813.48,0,203.37,226,75.33333333333333,1.0,0.4121427347320752,Medium Risk,0,Occasional
544,1,225.4,1,225.4,0,0.0,1.0,0.6966178788908884,High Risk,1,Churned
246,4,1015.24,1,253.81,346,115.33333333333333,1.0,0.2797824828212862,Low Risk,0,Occasional
81,2,810.5699999999999,0,405.28499999999997,116,116.0,1.0,0.603954621744754,High Risk,3,regular
275,5,1654.03,1,330.806,269,67.25,1.0,0.34270037617416405,Medium Risk,3,regular
1,17,4413.1,0,259.59411764705885,265,16.5625,2.125,0.2614569429659551,Low Risk,2,VIP Loyal
79,1,322.8,0,322.8,0,0.0,1.0,0.6956401851218967,High Risk,1,Churned
30,7,2318.1,0,331.15714285714284,612,102.0,1.0,0.07015140829614878,Low Risk,3,regular
74,2,417.73,0,208.865,22,22.0,2.0,0.6804697750131913,High Risk,0,Occasional
407,1,106.80000000000001,1,106.80000000000001,0,0.0,1.0,0.6978059790562022,High Risk,1,Churned
482,7,1892.52,1,270.36,170,34.0,1.0,0.4462179699121917,Medium Risk,3,regular
486,2,406.4,1,203.2,95,95.0,1.0,0.6220812620145406,High Risk,0,Occasional
17,6,2883.1,0,480.51666666666665,216,43.2,1.0,0.3929211633706213,Medium Risk,3,regular
223,6,1814.61,1,302.435,465,93.0,1.0,0.14968799630257099,Low Risk,3,regular
407,1,473.0,1,473.0,0,0.0,1.0,0.6941290221861077,High Risk,1,Churned
438,4,3802.04,1,950.51,207,69.0,1.3333333333333333,0.43124580317526473,Medium Risk,3,regular
32,4,1154.47,0,288.6175,193,64.33333333333333,1.0,0.4512395959695924,Medium Risk,3,regular
23,15,2430.53,0,162.03533333333334,455,32.5,1.5,0.11356547583178656,Low Risk,2,VIP Loyal
31,4,1747.98,0,436.995,377,125.66666666666667,1.0,0.24916436994998867,Low Risk,3,regular
398,1,179.4,1,179.4,0,0.0,1.0,0.697079006497558,High Risk,1,Churned
106,2,554.5,0,277.25,596,596.0,1.0,0.2445179405630001,Low Risk,0,Occasional
5,3,1077.45,0,359.15000000000003,410,205.0,1.0,0.25603525937623167,Low Risk,3,regular
246,2,923.11,1,461.555,176,176.0,1.0,0.5560682762843581,Medium Risk,3,regular
178,2,833.78,0,416.89,34,34.0,1.0,0.6653424017095144,High Risk,3,regular
736,1,160.39,1,160.39,0,0.0,1.0,0.6972694567172381,High Risk,1,Churned
449,1,678.8,1,678.8,0,0.0,1.0,0.6920516718854406,High Risk,1,Churned
170,4,541.9,0,135.475,374,124.66666666666667,1.0,0.25360462041813364,Low Risk,0,Occasional
43,3,672.8,0,224.26666666666665,547,273.5,1.0,0.15747172029916418,Low Risk,0,Occasional
520,1,306.58000000000004,1,306.58000000000004,0,0.0,1.0,0.6958031232140529,High Risk,1,Churned
72,7,1916.11,0,273.73,447,74.5,1.4,0.15490509559259347,Low Risk,3,regular
587,1,136.2,1,136.2,0,0.0,1.0,0.6975117043756056,High Risk,1,Churned
59,16,17550.39,0,1096.899375,573,38.2,1.6,0.0628340256584884,Low Risk,2,VIP Loyal
16,2,1212.66,0,606.3299999999999,55,55.0,1.0,0.6482365311454743,High Risk,3,regular
141,8,1711.47,0,213.93375,471,67.28571428571429,1.0,0.13166628168248923,Low Risk,0,Occasional
18,13,6548.37,0,503.72076923076924,659,54.916666666666664,1.0833333333333333,0.04237829449678423,Low Risk,2,VIP Loyal
22,30,16833.170000000002,0,561.1056666666666,713,24.586206896551722,1.4285714285714286,0.019806675905417646,Low Risk,2,VIP Loyal
10,4,933.62,0,233.405,244,81.33333333333333,1.3333333333333333,0.39239360917042393,Medium Risk,3,regular
368,6,814.07,1,135.67833333333334,250,50.0,1.2,0.35365564937337096,Medium Risk,0,Occasional
189,1,39.12,1,39.12,0,0.0,1.0,0.698482793996741,High Risk,1,Churned
16,7,1879.55,0,268.50714285714287,678,113.0,1.1666666666666667,0.050615966808088754,Low Risk,3,regular
540,4,986.63,1,246.65750000000003,181,60.333333333333336,1.0,0.4661681036549199,Medium Risk,0,Occasional
394,1,163.8,1,163.8,0,0.0,1.0,0.6972352988818872,High Risk,1,Churned
729,1,165.0,1,165.0,0,0.0,1.0,0.6972232780105998,High Risk,1,Churned
569,1,109.2,1,109.2,0,0.0,1.0,0.6977819627177111,High Risk,1,Churned
362,1,135.39999999999998,1,135.39999999999998,0,0.0,1.0,0.6975197139976337,High Risk,1,Churned
19,2,225.94,0,112.97,601,601.0,1.0,0.24278689957605123,Low Risk,0,Occasional
68,2,570.13,0,285.065,216,216.0,1.0,0.5257079550305012,Medium Risk,0,Occasional
15,13,862.42,0,66.34,615,51.25,1.0833333333333333,0.05289271106823601,Low Risk,0,Occasional
24,3,1374.8700000000001,0,458.28999999999996,54,27.0,1.5,0.6316282808581425,High Risk,3,regular
17,20,8030.150000000001,0,401.50750000000005,712,37.473684210526315,1.3333333333333333,0.02565154412700071,Low Risk,2,VIP Loyal
28,3,1692.27,0,564.09,136,68.0,1.5,0.541703061025193,Medium Risk,3,regular
2,20,8134.9400000000005,0,406.747,264,13.894736842105264,2.2222222222222223,0.24886578247287283,Low Risk,2,VIP Loyal
679,1,188.83,1,188.83,0,0.0,1.0,0.6969845076350673,High Risk,1,Churned
55,2,319.61,0,159.805,43,43.0,1.0,0.6612087633526739,High Risk,0,Occasional
442,2,608.86,1,304.42999999999995,36,36.0,1.0,0.6649370494264295,High Risk,0,Occasional
34,6,2361.9,0,393.65000000000003,384,76.8,1.0,0.21180372870696165,Low Risk,3,regular
411,2,880.62,1,440.31,240,240.0,1.0,0.5046802623942568,Medium Risk,3,regular
3,12,3109.99,0,259.16583333333335,280,25.454545454545453,1.5,0.27152901570276117,Low Risk,2,VIP Loyal
366,3,793.06,1,264.3533333333333,180,90.0,1.0,0.4924011405419561,Medium Risk,0,Occasional
43,3,821.45,0,273.81666666666666,491,245.5,1.5,0.1951627023061411,Low Risk,0,Occasional
73,7,1921.84,0,274.5485714285714,568,94.66666666666667,1.1666666666666667,0.08739272318207952,Low Risk,3,regular
5,5,1028.0,0,205.6,183,45.75,1.0,0.44809996302215693,Medium Risk,3,regular
534,1,320.25,1,320.25,0,0.0,1.0,0.6956658044118703,High Risk,1,Churned
4,55,147142.77,0,2675.3230909090908,728,13.735849056603774,3.0,0.018093788884468498,Low Risk,2,VIP Loyal
61,2,324.24,0,162.12,0,0.0,2.0,0.6961763076080576,High Risk,1,Churned
47,16,5070.92,0,316.9325,685,45.666666666666664,1.1428571428571428,0.03325396342443362,Low Risk,2,VIP Loyal
391,1,157.63,1,157.63,0,0.0,1.0,0.6972971019315,High Risk,1,Churned
1,4,1260.86,0,315.215,59,19.666666666666668,1.3333333333333333,0.6149774911035343,High Risk,3,regular
76,2,422.59999999999997,0,211.3,6,6.0,2.0,0.6916139279335763,High Risk,1,Churned
72,4,353.03,0,88.2575,379,126.33333333333333,1.0,0.2492476160912182,Low Risk,0,Occasional
418,2,178.83,1,89.41499999999999,143,143.0,1.0,0.5860288502002362,Medium Risk,0,Occasional
256,4,1914.6999999999998,1,478.67499999999995,185,61.666666666666664,1.0,0.4595901893432787,Medium Risk,3,regular
69,5,1199.46,0,239.892,587,146.75,1.0,0.09311863092159083,Low Risk,0,Occasional
723,1,98.30000000000001,1,98.30000000000001,0,0.0,1.0,0.6978910282187932,High Risk,1,Churned
562,2,193.15,1,96.575,0,0.0,2.0,0.6967505541882674,High Risk,1,Churned
135,4,657.9000000000001,0,164.47500000000002,112,37.333333333333336,1.3333333333333333,0.5529513953968003,Medium Risk,0,Occasional
241,1,112.75,1,112.75,0,0.0,1.0,0.6977464365665624,High Risk,1,Churned
227,2,1998.0,1,999.0,26,26.0,1.0,0.6657426506910098,High Risk,3,regular
380,7,994.6,1,142.0857142857143,355,59.166666666666664,1.1666666666666667,0.2296630341792042,Low Risk,0,Occasional
9,25,9167.710000000001,0,366.70840000000004,729,30.375,1.1904761904761905,0.02016653561120972,Low Risk,2,VIP Loyal
9,26,9916.73,0,381.4126923076923,729,29.16,1.368421052631579,0.019720059410817215,Low Risk,2,VIP Loyal
415,4,1110.83,1,277.7075,316,105.33333333333333,1.0,0.3102376811419621,Medium Risk,3,regular
618,2,695.66,1,347.83,53,53.0,1.0,0.6521470490864909,High Risk,3,regular
1,42,43515.051,0,1036.072642857143,729,17.78048780487805,2.210526315789474,0.014969944721379917,Low Risk,2,VIP Loyal
37,3,531.35,0,177.11666666666665,76,38.0,1.0,0.6082003014343127,High Risk,0,Occasional
400,4,551.11,1,137.7775,239,79.66666666666667,1.0,0.397238043158262,Medium Risk,0,Occasional
46,1,656.63,0,656.63,0,0.0,1.0,0.6922758326012647,High Risk,1,Churned
85,14,9087.460000000001,0,649.1042857142857,645,49.61538461538461,1.2727272727272727,0.04451115760711252,Low Risk,2,VIP Loyal
19,22,6349.09,0,288.595,716,34.095238095238095,1.5714285714285714,0.023610012122142688,Low Risk,2,VIP Loyal
3,9,2868.48,0,318.72,734,91.75,1.125,0.03361942843792851,Low Risk,2,VIP Loyal
9,13,4266.99,0,328.22999999999996,391,35.54545454545455,1.7142857142857142,0.16541927401264106,Low Risk,2,VIP Loyal
19,32,14560.69,0,455.0215625,705,22.741935483870968,1.6842105263157894,0.019501553669878418,Low Risk,2,VIP Loyal
219,4,1529.8,1,382.45,451,150.33333333333334,1.3333333333333333,0.18883887210656886,Low Risk,3,regular
78,2,625.52,0,312.76,484,484.0,1.0,0.3172095420643171,Medium Risk,3,regular
267,3,2149.6800000000003,1,716.5600000000001,363,181.5,1.0,0.2956150125856918,Low Risk,3,regular
24,14,6986.2300000000005,0,499.0164285714286,708,54.46153846153846,1.5555555555555556,0.031839704495240456,Low Risk,2,VIP Loyal
369,5,3647.53,1,729.5060000000001,363,90.75,1.0,0.24203595491897828,Low Risk,3,regular
15,14,3973.3,0,283.8071428571429,711,54.69230769230769,1.0,0.030776908226285437,Low Risk,2,VIP Loyal
26,3,795.48,0,265.16,695,347.5,1.0,0.08760195565570068,Low Risk,3,regular
262,1,292.47,1,292.47,0,0.0,1.0,0.695944825353049,High Risk,1,Churned
17,22,8989.08,0,408.5945454545454,718,34.19047619047619,1.1578947368421053,0.023367478711980402,Low Risk,2,VIP Loyal
91,4,1301.63,0,325.4075,643,214.33333333333334,1.0,0.08277098351170992,Low Risk,3,regular
405,1,147.35,1,147.35,0,0.0,1.0,0.6974000577666258,High Risk,1,Churned
302,14,1882.11,1,134.4364285714286,424,32.61538461538461,2.0,0.13699759270206086,Low Risk,0,Occasional
26,7,2088.41,0,298.3442857142857,384,64.0,1.1666666666666667,0.20320010514363565,Low Risk,3,regular
364,4,1437.42,1,359.355,324,108.0,1.0,0.3013929713785344,Medium Risk,3,regular
46,4,1054.67,0,263.6675,218,72.66666666666667,1.0,0.4212544908027548,Medium Risk,3,regular
38,21,7239.92,0,344.7580952380952,203,10.15,2.625,0.3133272225980142,Medium Risk,2,VIP Loyal
52,3,743.11,0,247.70333333333335,267,133.5,1.0,0.3963919116809413,Medium Risk,3,regular
648,1,174.05,1,174.05,0,0.0,1.0,0.6971326119103193,High Risk,1,Churned
32,4,4387.64,0,1096.91,699,233.0,1.0,0.06280723648981751,Low Risk,3,regular
530,1,259.68,1,259.68,0,0.0,1.0,0.6962739810410477,High Risk,1,Churned
52,3,650.51,0,216.83666666666667,61,30.5,1.5,0.6262885132916005,High Risk,0,Occasional
79,14,6270.56,0,447.8971428571429,653,50.23076923076923,1.4,0.04251928620417653,Low Risk,2,VIP Loyal
506,5,2956.56,1,591.312,230,57.5,1.6666666666666667,0.39086170510159457,Medium Risk,3,regular
53,2,835.1999999999999,0,417.59999999999997,524,524.0,1.0,0.2889308507878385,Low Risk,3,regular
298,1,3.75,1,3.75,0,0.0,1.0,0.6988361588346201,High Risk,1,Churned
177,2,786.43,0,393.21500000000003,359,359.0,1.0,0.40976854219381265,Medium Risk,3,regular
395,1,236.81,1,236.81,0,0.0,1.0,0.696503437879529,High Risk,1,Churned
625,1,173.06,1,173.06,0,0.0,1.0,0.6971425308283573,High Risk,1,Churned
47,14,2852.6099999999997,0,203.75785714285712,676,52.0,1.5555555555555556,0.037464851169452286,Low Risk,2,VIP Loyal
29,14,4253.26,0,303.80428571428575,566,43.53846153846154,1.1666666666666667,0.06654955689546795,Low Risk,2,VIP Loyal
11,7,1304.76,0,186.39428571428567,161,26.833333333333332,1.4,0.4569157357701343,Medium Risk,0,Occasional
87,17,7194.3,0,423.1941176470588,225,14.0625,2.125,0.30852402986047806,Medium Risk,2,VIP Loyal
5,42,18066.4,0,430.152380952381,730,17.804878048780488,1.9090909090909092,0.01313479655792708,Low Risk,2,VIP Loyal
38,2,836.06,0,418.03,30,30.0,1.0,0.6682116804931331,High Risk,3,regular
18,14,3637.33,0,259.8092857142857,711,54.69230769230769,1.1666666666666667,0.030860617160772204,Low Risk,2,VIP Loyal
591,2,4387.08,1,2193.54,132,132.0,1.0,0.5734680857969306,Medium Risk,3,regular
45,5,623.93,0,124.78599999999999,187,46.75,1.0,0.44351125249847806,Medium Risk,0,Occasional
31,1,1764.72,0,1764.72,0,0.0,1.0,0.6809624320957207,High Risk,1,Churned
373,1,415.0,1,415.0,0,0.0,1.0,0.6947130579342553,High Risk,1,Churned
58,1,223.92000000000002,0,223.92000000000002,0,0.0,1.0,0.6966327213388697,High Risk,1,Churned
372,29,67502.47,1,2327.671379310345,269,9.607142857142858,3.2222222222222223,0.24704406867650727,Low Risk,2,VIP Loyal
114,7,2900.58,0,414.36857142857144,615,102.5,1.0,0.06905557336118703,Low Risk,3,regular
215,7,1312.3700000000001,1,187.48142857142858,425,70.83333333333333,1.0,0.16980601778776686,Low Risk,0,Occasional
319,2,270.48,1,135.24,90,90.0,1.0,0.6265418192843747,High Risk,0,Occasional
65,1,369.34000000000003,0,369.34000000000003,0,0.0,1.0,0.6951723949672568,High Risk,1,Churned
8,3,789.79,0,263.2633333333333,23,11.5,1.5,0.6649291981521563,High Risk,3,regular
430,1,228.0,1,228.0,0,0.0,1.0,0.6965918033275289,High Risk,1,Churned
97,1,316.62,0,316.62,0,0.0,1.0,0.6957022721320042,High Risk,1,Churned
20,3,1501.38,0,500.46000000000004,124,62.0,1.0,0.5529829349406477,Medium Risk,3,regular
199,2,964.6999999999999,1,482.35,539,539.0,1.0,0.27850886334039243,Low Risk,3,regular
4,13,2799.25,0,215.32692307692307,139,11.583333333333334,2.1666666666666665,0.4440668884340747,Medium Risk,2,VIP Loyal
294,2,454.75,1,227.375,88,88.0,1.0,0.6271645442854474,High Risk,0,Occasional
273,2,1145.6,1,572.8,0,0.0,2.0,0.6925644052635598,High Risk,1,Churned
31,15,8073.8,0,538.2533333333333,559,39.92857142857143,1.25,0.0675542399477226,Low Risk,2,VIP Loyal
48,9,1708.12,0,189.7911111111111,684,85.5,1.0,0.04353243017466745,Low Risk,0,Occasional
260,4,1141.75,1,285.4375,465,155.0,1.3333333333333333,0.17895725341386864,Low Risk,0,Occasional
58,9,1932.13,0,214.68111111111114,416,52.0,1.125,0.16354167891469085,Low Risk,3,regular
33,10,3967.6,0,396.76000000000005,697,77.44444444444444,1.0,0.03881667542760692,Low Risk,2,VIP Loyal
423,3,3723.5499999999997,1,1241.1833333333334,298,149.0,1.0,0.35550147496019546,Medium Risk,3,regular
57,3,421.24,0,140.41333333333333,675,337.5,1.0,0.0954328531678211,Low Risk,0,Occasional
68,8,1594.45,0,199.30625,593,84.71428571428571,1.0,0.07289065882769272,Low Risk,0,Occasional
10,16,3056.89,0,191.055625,431,28.733333333333334,1.2307692307692308,0.12376470905390773,Low Risk,2,VIP Loyal
60,2,619.85,0,309.92499999999995,355,355.0,1.0,0.41374395386494994,Medium Risk,3,regular
80,5,1307.76,0,261.552,552,138.0,1.0,0.10933283175225797,Low Risk,0,Occasional
74,2,245.94,0,122.97,199,199.0,1.0,0.5410884699642826,Medium Risk,0,Occasional
2,53,33268.24,0,627.7026415094339,734,14.115384615384615,2.2083333333333335,0.010306822513011708,Low Risk,2,VIP Loyal
100,3,605.55,0,201.85,306,153.0,1.0,0.35570736493941807,Medium Risk,0,Occasional
372,2,934.25,1,467.125,297,297.0,1.0,0.45832522006535775,Medium Risk,3,regular
10,38,10438.41,0,274.695,720,19.45945945945946,2.0,0.015006907225776593,Low Risk,2,VIP Loyal
437,1,391.95,1,391.95,0,0.0,1.0,0.6949449881382403,High Risk,1,Churned
20,5,896.53,0,179.30599999999998,601,150.25,1.0,0.08735656363319255,Low Risk,0,Occasional
410,1,533.78,1,533.78,0,0.0,1.0,0.6935163229777398,High Risk,1,Churned
394,1,51.839999999999996,1,51.839999999999996,0,0.0,1.0,0.698355656937487,High Risk,1,Churned
398,4,1035.43,1,258.8575,300,100.0,1.0,0.32740881513378695,Medium Risk,0,Occasional
123,5,1950.3,0,390.06,547,136.75,1.0,0.11155042043685547,Low Risk,3,regular
8,1,80.8,0,80.8,0,0.0,1.0,0.698066086683488,High Risk,1,Churned
4,6,1545.6200000000001,0,257.60333333333335,34,6.8,3.0,0.6376602512274878,High Risk,2,VIP Loyal
29,15,4038.69,0,269.246,707,50.5,1.1538461538461537,0.030468768434401286,Low Risk,2,VIP Loyal
282,5,623.46,1,124.69200000000001,422,105.5,1.25,0.19404417278665687,Low Risk,0,Occasional
57,1,243.84,0,243.84,0,0.0,1.0,0.6964329156475826,High Risk,1,Churned
1,15,2090.91,0,139.39399999999998,623,44.5,1.3636363636363635,0.047737130175032526,Low Risk,2,VIP Loyal
365,3,2492.39,1,830.7966666666667,318,159.0,1.0,0.3384472706439568,Medium Risk,3,regular
89,1,305.62,0,305.62,0,0.0,1.0,0.6958127653600052,High Risk,1,Churned
393,5,1827.77,1,365.554,344,86.0,1.0,0.26195748410069936,Low Risk,3,regular
554,3,848.71,1,282.90333333333336,174,87.0,1.0,0.49897268510310605,Medium Risk,0,Occasional
432,2,495.98,1,247.99,21,21.0,1.0,0.676190064928036,High Risk,0,Occasional
11,1,1201.49,0,1201.49,0,0.0,1.0,0.6867406618527877,High Risk,1,Churned
163,4,1619.73,0,404.9325,110,36.666666666666664,1.3333333333333333,0.55362884005124,Medium Risk,3,regular
679,2,582.61,1,291.305,51,51.0,1.0,0.6541458970356765,High Risk,0,Occasional
65,1,332.3,0,332.3,0,0.0,1.0,0.6955447300315435,High Risk,1,Churned
23,3,536.99,0,178.99666666666667,247,123.5,1.5,0.42124819297086213,Medium Risk,0,Occasional
174,5,1097.24,0,219.448,557,139.25,1.25,0.10746873269906894,Low Risk,3,regular
103,4,801.49,0,200.3725,135,45.0,1.0,0.522881094810854,Medium Risk,0,Occasional
143,6,2123.88,0,353.98,480,96.0,1.0,0.13984623691711565,Low Risk,3,regular
99,2,288.42,0,144.21,175,175.0,1.0,0.560110934742104,Medium Risk,0,Occasional
23,9,1727.43,0,191.93666666666667,582,72.75,1.0,0.0733736780599489,Low Risk,2,VIP Loyal
192,2,842.0400000000001,1,421.02,228,228.0,1.0,0.514597006630966,Medium Risk,3,regular
5,2,547.07,0,273.53499999999997,12,12.0,1.0,0.6823129212030582,High Risk,3,regular
361,4,2392.0,1,598.0,21,7.0,2.0,0.6593990618192677,High Risk,3,regular
8,10,1692.98,0,169.298,196,21.77777777777778,1.4285714285714286,0.38594014895220197,Medium Risk,2,VIP Loyal
14,36,12499.710000000001,0,347.21416666666664,593,16.942857142857143,1.894736842105263,0.032284285295185976,Low Risk,2,VIP Loyal
454,2,410.97,1,205.485,82,82.0,1.0,0.6319102856176889,High Risk,0,Occasional
103,4,417.06,0,104.265,254,84.66666666666667,1.0,0.37998346069691935,Medium Risk,0,Occasional
3,13,2804.9,0,215.76153846153846,429,35.75,1.4444444444444444,0.13650573438692157,Low Risk,2,VIP Loyal
11,11,3349.57,0,304.50636363636363,194,19.4,1.8333333333333333,0.38346874413643056,Medium Risk,2,VIP Loyal
465,2,182.59,1,91.295,0,0.0,2.0,0.6967967861339189,High Risk,1,Churned
96,1,497.61,0,497.61,0,0.0,1.0,0.6938810210185504,High Risk,1,Churned
382,1,113.35,1,113.35,0,0.0,1.0,0.6977404319128088,High Risk,1,Churned
686,1,181.39,1,181.39,0,0.0,1.0,0.6970590659191297,High Risk,1,Churned
227,7,2260.09,1,322.87,510,85.0,1.1666666666666667,0.11531041436258052,Low Risk,3,regular
16,3,686.24,0,228.74666666666667,378,189.0,1.0,0.28529480488280834,Low Risk,0,Occasional
39,5,1826.89,0,365.378,495,123.75,1.0,0.14083452508751473,Low Risk,3,regular
51,1,341.7,0,341.7,0,0.0,1.0,0.6954502631657072,High Risk,1,Churned
393,5,392.13,1,78.426,195,48.75,1.25,0.43500470681534087,Medium Risk,0,Occasional
93,2,128.5,0,64.25,19,19.0,1.0,0.679268635718027,High Risk,0,Occasional
157,2,513.32,0,256.66,231,231.0,1.0,0.513870258248962,Medium Risk,0,Occasional
39,4,1207.5,0,301.875,687,229.0,1.0,0.06782860005248997,Low Risk,3,regular
565,1,91.8,1,91.8,0,0.0,1.0,0.6979560566535532,High Risk,1,Churned
184,5,417.61,1,83.522,274,68.5,1.25,0.33944525845996737,Medium Risk,0,Occasional
1,6,2409.04,0,401.50666666666666,621,124.2,1.2,0.07228014440700213,Low Risk,2,VIP Loyal
228,2,898.96,1,449.48,446,446.0,1.0,0.3431788250409921,Medium Risk,3,regular
128,6,1538.41,0,256.4016666666667,441,88.2,1.0,0.16652524841936425,Low Risk,0,Occasional
40,4,782.37,0,195.5925,534,178.0,1.0,0.13394672964623885,Low Risk,0,Occasional
31,11,3170.98,0,288.2709090909091,214,21.4,2.2,0.3595999698063001,Medium Risk,2,VIP Loyal
197,4,1159.61,1,289.90250000000003,465,155.0,1.0,0.1779004732729052,Low Risk,0,Occasional
9,44,22310.49,0,507.05659090909086,657,15.279069767441861,2.2,0.01919975755857009,Low Risk,2,VIP Loyal
603,2,139.85,1,69.925,71,71.0,1.0,0.641454347324218,High Risk,0,Occasional
37,12,4006.06,0,333.8383333333333,660,60.0,1.0909090909090908,0.04353907504905346,Low Risk,2,VIP Loyal
101,3,1264.19,0,421.3966666666667,201,100.5,1.0,0.46747786288047904,Medium Risk,3,regular
43,35,19571.43,0,559.1837142857142,686,20.176470588235293,2.0588235294117645,0.020546832961583193,Low Risk,2,VIP Loyal
563,2,614.34,1,307.17,20,20.0,2.0,0.6809928074593773,High Risk,0,Occasional
618,1,253.88,1,253.88,0,0.0,1.0,0.696332182237449,High Risk,1,Churned
50,3,842.41,0,280.80333333333334,589,294.5,1.0,0.13379821515455562,Low Risk,3,regular
43,2,614.89,0,307.44500000000005,574,574.0,1.0,0.25768569676529607,Low Risk,0,Occasional
53,4,1411.62,0,352.905,379,126.33333333333333,1.3333333333333333,0.2491149920575734,Low Risk,3,regular
187,1,124.57,1,124.57,0,0.0,1.0,0.6976281324349811,High Risk,1,Churned
334,1,332.41,1,332.41,0,0.0,1.0,0.6955436246634968,High Risk,1,Churned
4,3,342.45,0,114.15000000000002,47,23.5,1.5,0.6417204039792214,High Risk,0,Occasional
10,2,144.91000000000003,0,72.455,165,165.0,1.0,0.5688078874741131,Medium Risk,0,Occasional
417,2,1408.96,1,704.48,223,223.0,1.0,0.5157095102496126,Medium Risk,3,regular
24,2,328.4,0,164.2,19,19.0,1.0,0.6783655324941048,High Risk,0,Occasional
15,3,358.49,0,119.49666666666667,427,213.5,1.0,0.24332545859761187,Low Risk,0,Occasional
443,1,352.8,1,352.8,0,0.0,1.0,0.6953386906557567,High Risk,1,Churned
369,10,4668.28,1,466.828,355,39.44444444444444,1.1111111111111112,0.20785494127231724,Low Risk,3,regular
145,7,1932.41,0,276.0585714285714,500,83.33333333333333,1.1666666666666667,0.12091131584660322,Low Risk,3,regular
453,3,1610.62,1,536.8733333333333,209,104.5,1.0,0.45752962995264185,Medium Risk,3,regular
60,5,946.59,0,189.318,448,112.0,1.25,0.17386488786475668,Low Risk,0,Occasional
547,4,662.33,1,165.5825,154,51.333333333333336,1.3333333333333333,0.5016100901508378,Medium Risk,0,Occasional
31,3,998.52,0,332.84,378,189.0,1.0,0.2845433522430709,Low Risk,3,regular
434,2,409.25,1,204.625,164,164.0,1.0,0.5682590948318391,Medium Risk,0,Occasional
402,1,130.95,1,130.95,0,0.0,1.0,0.69756426532771,High Risk,1,Churned
141,3,207.73999999999998,0,69.24666666666666,20,10.0,3.0,0.6764566955224702,High Risk,0,Occasional
690,1,76.74000000000001,1,76.74000000000001,0,0.0,1.0,0.6981066920199075,High Risk,1,Churned
394,3,393.39,1,131.13,199,99.5,1.0,0.47227704609436516,Medium Risk,0,Occasional
23,4,825.42,0,206.35500000000002,152,50.666666666666664,1.3333333333333333,0.5037640466803095,Medium Risk,0,Occasional
469,1,450.15999999999997,1,450.15999999999997,0,0.0,1.0,0.6943590860352811,High Risk,1,Churned
22,6,2812.34,0,468.72333333333336,248,49.6,1.5,0.35618718700650537,Medium Risk,3,regular
77,6,1213.13,0,202.18833333333336,385,77.0,1.2,0.21219412912717564,Low Risk,0,Occasional
5,12,14617.39,0,1218.1158333333333,663,60.27272727272727,1.0909090909090908,0.04353733495208366,Low Risk,2,VIP Loyal
379,1,217.74,1,217.74,0,0.0,1.0,0.6966946941579298,High Risk,1,Churned
67,11,4234.53,0,384.95727272727277,636,63.6,1.2222222222222223,0.05146336401088658,Low Risk,2,VIP Loyal
404,1,136.01,1,136.01,0,0.0,1.0,0.6975136066717134,High Risk,1,Churned
12,6,853.72,0,142.28666666666666,195,39.0,1.5,0.4234860768088064,Medium Risk,0,Occasional
84,1,13.3,0,13.3,0,0.0,1.0,0.6987407725545388,High Risk,1,Churned
31,8,1840.86,0,230.10750000000002,462,66.0,1.3333333333333333,0.13813629722326867,Low Risk,2,VIP Loyal
67,1,432.0,0,432.0,0,0.0,1.0,0.6945419398031321,High Risk,1,Churned
67,3,705.12,0,235.04,250,125.0,1.0,0.41490451652052535,Medium Risk,0,Occasional
187,19,2396.59,1,126.1363157894737,548,30.444444444444443,2.375,0.06399347093783314,Low Risk,2,VIP Loyal
38,4,1073.92,0,268.48,532,177.33333333333334,1.3333333333333333,0.1356669236495649,Low Risk,0,Occasional
15,4,710.74,0,177.685,370,123.33333333333333,1.0,0.2571013013985113,Low Risk,0,Occasional
456,1,134.0,1,134.0,0,0.0,1.0,0.6975337305471495,High Risk,1,Churned
35,3,660.72,0,220.24,703,351.5,1.0,0.08489612676466092,Low Risk,0,Occasional
401,3,437.15,1,145.71666666666667,300,150.0,1.0,0.36236595187298987,Medium Risk,0,Occasional
195,6,2530.9,1,421.81666666666666,371,74.2,1.0,0.22331708392379582,Low Risk,3,regular
477,3,285.41,1,95.13666666666666,105,52.5,1.5,0.5800641600220287,Medium Risk,0,Occasional
2,11,2056.82,0,186.98363636363638,733,73.3,1.1,0.03071448396536287,Low Risk,2,VIP Loyal
1,7,762.1,0,108.87142857142858,729,121.5,1.4,0.03930386483138943,Low Risk,0,Occasional
367,2,401.77,1,200.885,9,9.0,1.0,0.6850662465085376,High Risk,1,Churned
502,3,1324.06,1,441.3533333333334,33,16.5,1.5,0.6534228191911307,High Risk,3,regular
65,5,1121.42,0,224.28400000000002,601,150.25,1.0,0.0872726476630825,Low Risk,0,Occasional
555,1,103.95,1,103.95,0,0.0,1.0,0.6978344970527711,High Risk,1,Churned
299,2,289.78,1,144.89,14,14.0,1.0,0.6820637696934132,High Risk,0,Occasional
26,5,1016.37,0,203.274,550,137.5,1.0,0.11046726403202932,Low Risk,0,Occasional
8,8,1721.02,0,215.1275,389,55.57142857142857,1.1428571428571428,0.1912719609147991,Low Risk,2,VIP Loyal
17,3,887.11,0,295.7033333333333,46,23.0,1.5,0.6412738018318266,High Risk,3,regular
729,1,204.26,1,204.26,0,0.0,1.0,0.6968298463102159,High Risk,1,Churned
116,1,1706.88,0,1706.88,0,0.0,1.0,0.6815584270096855,High Risk,1,Churned
29,3,1062.28,0,354.0933333333333,386,193.0,1.0,0.2771353148213209,Low Risk,3,regular
4,21,5132.37,0,244.39857142857142,406,20.3,1.6153846153846154,0.12417106860268731,Low Risk,2,VIP Loyal
5,17,5034.15,0,296.1264705882353,723,45.1875,1.2142857142857142,0.0262360886086912,Low Risk,2,VIP Loyal
82,7,1448.8,0,206.97142857142856,493,82.16666666666667,1.1666666666666667,0.12501552010011002,Low Risk,0,Occasional
29,9,1707.9,0,189.76666666666668,497,62.125,1.0,0.11159766214257699,Low Risk,0,Occasional
722,1,252.59,1,252.59,0,0.0,1.0,0.6963451261313317,High Risk,1,Churned
72,1,379.14,0,379.14,0,0.0,1.0,0.6950738402271649,High Risk,1,Churned
4,8,1510.06,0,188.7575,86,12.285714285714286,2.0,0.55181752588878,Medium Risk,2,VIP Loyal
636,2,255.25,1,127.62500000000001,25,25.0,1.0,0.6744418892494898,High Risk,0,Occasional
29,15,4480.31,0,298.68733333333336,701,58.416666666666664,1.3,0.03224315677925525,Low Risk,2,VIP Loyal
290,3,423.90999999999997,1,141.3033333333333,361,180.5,1.5,0.30400762813304066,Medium Risk,0,Occasional
36,1,208.46,0,208.46,0,0.0,1.0,0.6967877402379706,High Risk,1,Churned
9,11,1543.18,0,140.2890909090909,560,56.0,1.0,0.07554261644197298,Low Risk,0,Occasional
24,4,1123.4,0,280.85,391,130.33333333333334,1.0,0.2373633226192966,Low Risk,3,regular
277,2,1857.83,1,928.915,355,355.0,1.0,0.4075357128080198,Medium Risk,3,regular
50,16,3213.29,0,200.830625,687,45.8,1.3333333333333333,0.03286833244890533,Low Risk,2,VIP Loyal
156,24,5125.91,0,213.57958333333332,320,13.91304347826087,2.6666666666666665,0.17745711038444398,Low Risk,2,VIP Loyal
411,1,355.45,1,355.45,0,0.0,1.0,0.6953120505798164,High Risk,1,Churned
61,3,446.67,0,148.89,539,269.5,1.0,0.16266071227401924,Low Risk,0,Occasional
573,1,611.08,1,611.08,0,0.0,1.0,0.6927361037460862,High Risk,1,Churned
12,32,13378.36,0,418.07375,665,21.451612903225808,1.7777777777777777,0.024262221984693688,Low Risk,2,VIP Loyal
21,3,846.75,0,282.25,62,31.0,1.0,0.6222012380585424,High Risk,3,regular
540,1,125.65,1,125.65,0,0.0,1.0,0.6976173216124208,High Risk,1,Churned
371,5,1421.35,1,284.27,155,38.75,1.25,0.484597906253703,Medium Risk,0,Occasional
116,3,543.05,0,181.01666666666665,245,122.5,1.0,0.4208323050780227,Medium Risk,0,Occasional
80,29,4113.23,0,141.8355172413793,594,21.214285714285715,2.230769230769231,0.03781085632479647,Low Risk,2,VIP Loyal
4,7,1295.39,0,185.0557142857143,151,25.166666666666668,1.4,0.4701597926138549,Medium Risk,2,VIP Loyal
26,3,380.55,0,126.85000000000001,42,21.0,1.5,0.6467637201501895,High Risk,0,Occasional
5,23,5233.62,0,227.5486956521739,391,17.772727272727273,1.6428571428571428,0.12717041627092665,Low Risk,2,VIP Loyal
53,3,440.71,0,146.90333333333334,517,258.5,1.0,0.17658016547139102,Low Risk,0,Occasional
1,9,3181.25,0,353.47222222222223,728,91.0,1.125,0.03469468465807277,Low Risk,2,VIP Loyal
55,6,2110.9900000000002,0,351.83166666666665,566,113.2,1.2,0.09423050112188203,Low Risk,3,regular
382,3,535.1,1,178.36666666666667,39,19.5,1.5,0.649420148004305,High Risk,0,Occasional
26,2,551.17,0,275.58500000000004,359,359.0,1.0,0.4109480990738592,Medium Risk,0,Occasional
499,1,202.1,1,202.1,0,0.0,1.0,0.6968514995753753,High Risk,1,Churned
9,9,7043.18,0,782.5755555555556,651,81.375,1.125,0.051781220181431456,Low Risk,2,VIP Loyal
489,3,449.0,1,149.66666666666666,160,80.0,1.0,0.5158659586603446,Medium Risk,0,Occasional
52,8,6427.66,0,803.4575,679,97.0,1.0,0.04700250347608347,Low Risk,3,regular
612,1,33.0,1,33.0,0,0.0,1.0,0.6985439528615912,High Risk,1,Churned
13,9,1920.59,0,213.3988888888889,215,26.875,1.8,0.37132054247277496,Medium Risk,2,VIP Loyal
212,5,1299.49,1,259.898,412,103.0,1.0,0.20080771023929853,Low Risk,0,Occasional
610,1,101.36,1,101.36,0,0.0,1.0,0.6978604120840378,High Risk,1,Churned
22,33,8548.16,0,259.0351515151515,709,22.870967741935484,1.6842105263157894,0.01810727178491825,Low Risk,2,VIP Loyal
383,5,1222.04,1,244.408,264,66.0,1.25,0.3501520362162032,Medium Risk,0,Occasional
236,5,955.21,1,191.042,410,136.66666666666666,1.0,0.21687909732730828,Low Risk,0,Occasional
139,7,868.77,0,124.11,517,86.16666666666667,1.0,0.11143592834607871,Low Risk,0,Occasional
4,6,1286.27,0,214.37833333333333,312,62.4,1.0,0.2821970856027257,Low Risk,3,regular
57,10,3784.37,0,378.437,627,69.66666666666667,1.0,0.055883646957361845,Low Risk,3,regular
135,3,1277.75,0,425.9166666666667,169,84.5,1.5,0.5059733874847525,Medium Risk,3,regular
109,5,798.78,0,159.756,618,154.5,1.6666666666666667,0.08175696013610326,Low Risk,0,Occasional
30,1,20.8,0,20.8,0,0.0,1.0,0.6986658498166558,High Risk,1,Churned
1,20,6081.88,0,304.094,689,36.26315789473684,1.3333333333333333,0.028898611280803205,Low Risk,2,VIP Loyal
185,6,1309.41,1,218.23499999999999,492,98.4,1.2,0.1332116909401918,Low Risk,0,Occasional
18,1,308.74,0,308.74,0,0.0,1.0,0.6957814277567423,High Risk,1,Churned
239,2,416.64,1,208.32,42,42.0,1.0,0.6614841758723315,High Risk,0,Occasional
435,1,809.44,1,809.44,0,0.0,1.0,0.690728934158143,High Risk,1,Churned
87,1,117.35000000000001,0,117.35000000000001,0,0.0,1.0,0.6977003991599502,High Risk,1,Churned
39,8,2043.43,0,255.42875,608,86.85714285714286,1.3333333333333333,0.06804598044822965,Low Risk,3,regular
116,3,794.56,0,264.8533333333333,415,207.5,1.0,0.252411476046073,Low Risk,0,Occasional
410,1,251.04,1,251.04,0,0.0,1.0,0.6963606784605088,High Risk,1,Churned
187,1,110.55000000000001,1,110.55000000000001,0,0.0,1.0,0.6977684530518354,High Risk,1,Churned
733,2,207.85,1,103.925,0,0.0,2.0,0.6966861905905866,High Risk,1,Churned
227,1,201.19,1,201.19,0,0.0,1.0,0.6968606217541891,High Risk,1,Churned
8,7,2154.97,0,307.8528571428571,231,38.5,1.1666666666666667,0.36543871421374585,Medium Risk,3,regular
189,1,319.02,1,319.02,0,0.0,1.0,0.6956781615180418,High Risk,1,Churned
4,2,439.43,0,219.715,103,103.0,1.0,0.6158060867749064,High Risk,0,Occasional
39,3,650.41,0,216.8033333333333,152,76.0,1.0,0.5242394942571265,Medium Risk,3,regular
626,1,71.4,1,71.4,0,0.0,1.0,0.6981600943194203,High Risk,1,Churned
38,1,357.21,0,357.21,0,0.0,1.0,0.6952943568250626,High Risk,1,Churned
383,2,786.25,1,393.125,73,73.0,1.0,0.6368705634383082,High Risk,0,Occasional
386,1,127.0,1,127.0,0,0.0,1.0,0.6976038077762787,High Risk,1,Churned
523,2,365.5,1,182.75,41,41.0,1.0,0.6624463730276094,High Risk,0,Occasional
423,3,926.12,1,308.70666666666665,82,41.0,1.0,0.6006430449280976,High Risk,3,regular
267,1,251.51999999999998,1,251.51999999999998,0,0.0,1.0,0.696355862303361,High Risk,1,Churned
395,4,496.0,1,124.0,236,78.66666666666667,1.3333333333333333,0.4025671230927064,Medium Risk,0,Occasional
78,3,768.88,0,256.29333333333335,588,294.0,1.5,0.13566061479694644,Low Risk,0,Occasional
4,9,2859.74,0,317.74888888888887,446,55.75,1.125,0.14247145026861952,Low Risk,2,VIP Loyal
255,3,1473.3300000000002,1,491.10999999999996,173,86.5,1.0,0.4982511096307431,Medium Risk,3,regular
61,1,384.06,0,384.06,0,0.0,1.0,0.6950243549820245,High Risk,1,Churned
13,11,3710.22,0,337.29272727272723,433,43.3,1.2222222222222223,0.1418657408959543,Low Risk,2,VIP Loyal
88,9,10754.8,0,1194.9777777777776,553,69.125,1.125,0.0850788217177549,Low Risk,3,regular
17,23,10923.16,0,474.92,711,32.31818181818182,1.5333333333333334,0.023927567084095526,Low Risk,2,VIP Loyal
30,11,4888.75,0,444.4318181818182,643,64.3,2.2,0.050643317529352805,Low Risk,2,VIP Loyal
3,11,2535.9,0,230.53636363636363,734,73.4,1.5714285714285714,0.030865760586250648,Low Risk,2,VIP Loyal
5,2,382.67,0,191.335,374,374.0,1.0,0.40007315564243395,Medium Risk,0,Occasional
7,6,1133.25,0,188.875,143,28.6,1.2,0.48922453291853724,Medium Risk,3,regular
219,2,344.0,1,172.0,203,203.0,1.0,0.5373632719921961,Medium Risk,0,Occasional
421,1,1041.21,1,1041.21,0,0.0,1.0,0.6883745519988974,High Risk,1,Churned
11,13,5476.5,0,421.2692307692308,655,54.583333333333336,1.3,0.043392048168113026,Low Risk,2,VIP Loyal
464,2,1950.9499999999998,1,975.475,112,112.0,1.0,0.6013998336730011,High Risk,3,regular
30,9,2123.61,0,235.95666666666668,387,48.375,1.2857142857142858,0.18675374733175476,Low Risk,2,VIP Loyal
288,3,702.0,1,234.0,37,18.5,1.5,0.6510146224188303,High Risk,0,Occasional
150,5,402.0,0,80.4,294,73.5,1.25,0.31690754264339455,Medium Risk,0,Occasional
23,2,484.82,0,242.41000000000003,50,50.0,1.0,0.6553364490693875,High Risk,0,Occasional
396,2,406.3,1,203.15,11,11.0,1.0,0.6836460792409033,High Risk,1,Churned
1,19,6640.8,0,349.5157894736842,623,34.611111111111114,1.1176470588235294,0.0424450735909711,Low Risk,2,VIP Loyal
86,7,2571.55,0,367.36428571428576,555,92.5,1.1666666666666667,0.09298428498180568,Low Risk,3,regular
402,4,830.16,1,207.54,176,58.666666666666664,1.3333333333333333,0.4743308723309821,Medium Risk,0,Occasional
46,4,2425.16,0,606.29,377,125.66666666666667,1.0,0.2482336755987945,Low Risk,3,regular
471,2,742.36,1,371.18,118,118.0,1.0,0.6027419468188326,High Risk,3,regular
5,8,1636.32,0,204.54000000000002,639,91.28571428571429,1.3333333333333333,0.058209231323131175,Low Risk,2,VIP Loyal
51,7,1120.1,0,160.0142857142857,386,64.33333333333333,1.4,0.20253395173961822,Low Risk,0,Occasional
429,1,81.36,1,81.36,0,0.0,1.0,0.6980604857042125,High Risk,1,Churned
551,1,242.06,1,242.06,0,0.0,1.0,0.6964507727908136,High Risk,1,Churned
18,1,195.36,0,195.36,0,0.0,1.0,0.6969190601649906,High Risk,1,Churned
30,3,671.7,0,223.89999999999998,621,310.5,1.0,0.11821120036030212,Low Risk,3,regular
725,1,384.16,1,384.16,0,0.0,1.0,0.6950233491376274,High Risk,1,Churned
8,3,586.33,0,195.44333333333336,58,29.0,1.0,0.6271340948263227,High Risk,0,Occasional
29,3,1842.56,0,614.1866666666666,156,78.0,1.0,0.5162417554802011,Medium Risk,3,regular
577,1,552.4,1,552.4,0,0.0,1.0,0.6933284851023239,High Risk,1,Churned
3,29,14110.61,0,486.5727586206897,733,27.14814814814815,1.8666666666666667,0.018236361969400067,Low Risk,2,VIP Loyal
41,6,2287.7,0,381.2833333333333,694,138.8,1.0,0.05027356768574445,Low Risk,3,regular
11,11,4012.2,0,364.74545454545455,726,72.6,1.2222222222222223,0.03202961384956651,Low Risk,2,VIP Loyal
542,2,935.62,1,467.81,104,104.0,1.0,0.6126019473692078,High Risk,3,regular
442,6,1182.22,1,197.03666666666666,146,29.2,1.5,0.4868518353570801,Medium Risk,0,Occasional
31,2,260.0,0,130.0,401,401.0,1.0,0.37986848133576867,Medium Risk,0,Occasional
417,3,800.18,1,266.7266666666667,280,140.0,1.0,0.38235170586509426,Medium Risk,0,Occasional
45,3,95.85,0,31.95,112,56.0,1.0,0.5703360700416545,Medium Risk,0,Occasional
61,5,1510.6399999999999,0,302.12800000000004,580,145.0,1.25,0.09652275658370849,Low Risk,3,regular
185,3,208.98,1,69.66,231,115.5,1.0,0.43719879035773235,Medium Risk,0,Occasional
79,9,1327.1100000000001,0,147.45666666666665,651,81.375,1.125,0.05176159678621854,Low Risk,0,Occasional
581,3,1593.83,1,531.2766666666666,140,70.0,1.0,0.534888966779716,Medium Risk,3,regular
111,7,2137.3,0,305.3285714285715,553,92.16666666666667,1.0,0.09364568550904602,Low Risk,3,regular
64,1,146.87,0,146.87,0,0.0,1.0,0.6974048645585378,High Risk,1,Churned
12,6,2773.85,0,462.30833333333334,569,113.8,1.0,0.09237842430355976,Low Risk,3,regular
548,8,3004.6,1,375.575,181,25.857142857142858,1.6,0.42238517573285905,Medium Risk,3,regular
86,4,1332.79,0,333.1975,311,103.66666666666667,1.0,0.3151606598453626,Medium Risk,3,regular
16,5,1283.92,0,256.784,497,124.25,1.0,0.13990657693609176,Low Risk,3,regular
246,4,613.59,1,153.3975,491,163.66666666666666,1.0,0.1605387321999378,Low Risk,0,Occasional
383,1,176.9,1,176.9,0,0.0,1.0,0.6971040564235917,High Risk,1,Churned
88,1,1267.32,0,1267.32,0,0.0,1.0,0.6860682444782249,High Risk,1,Churned
30,2,743.17,0,371.585,384,384.0,1.0,0.39054227346540993,Medium Risk,3,regular
604,1,1954.99,1,1954.99,0,0.0,1.0,0.6789976801347476,High Risk,1,Churned
138,2,463.25,0,231.625,412,412.0,1.0,0.37052588733298375,Medium Risk,0,Occasional
27,6,1686.28,0,281.0466666666667,573,114.6,1.2,0.09124737353434202,Low Risk,3,regular
3,5,1044.3799999999999,0,208.87600000000003,244,61.0,1.0,0.3727303202584487,Medium Risk,3,regular
32,8,2616.55,0,327.06875,698,99.71428571428571,1.1428571428571428,0.0428556651714795,Low Risk,3,regular
25,12,11962.3,0,996.8583333333335,707,70.7,1.375,0.035084902163164094,Low Risk,2,VIP Loyal
113,5,827.6800000000001,0,165.536,316,79.0,1.0,0.29154749302230615,Low Risk,0,Occasional
157,5,1906.07,0,381.21400000000006,463,115.75,1.25,0.1625035817035855,Low Risk,3,regular
85,6,2289.23,0,381.53833333333336,646,129.2,1.2,0.06399194016349409,Low Risk,3,regular
118,7,2071.68,0,295.95428571428573,572,95.33333333333333,1.0,0.08541292511580738,Low Risk,3,regular
3,19,9947.48,0,523.5515789473684,643,35.72222222222222,1.5833333333333333,0.03887444173184892,Low Risk,2,VIP Loyal
96,11,4691.79,0,426.5263636363636,585,58.5,1.1,0.06685383324687562,Low Risk,2,VIP Loyal
194,4,714.39,1,178.59750000000003,433,144.33333333333334,1.0,0.20256959046497353,Low Risk,0,Occasional
28,1,413.75,0,413.75,0,0.0,1.0,0.6947256380288003,High Risk,1,Churned
131,1,498.48,0,498.48,0,0.0,1.0,0.6938722517532119,High Risk,1,Churned
28,5,1356.33,0,271.26599999999996,216,54.0,1.25,0.40771548413245706,Medium Risk,3,regular
446,1,239.55,1,239.55,0,0.0,1.0,0.6964759523621694,High Risk,1,Churned
738,1,128.60000000000002,1,128.60000000000002,0,0.0,1.0,0.6975877909348392,High Risk,1,Churned
596,1,294.74,1,294.74,0,0.0,1.0,0.6959220309905916,High Risk,1,Churned
82,3,1179.89,0,393.2966666666667,158,79.0,1.0,0.515953245552638,Medium Risk,3,regular
30,9,5602.53,0,622.5033333333333,652,81.5,1.0,0.051380865841176106,Low Risk,3,regular
266,1,234.24,1,234.24,0,0.0,1.0,0.6965292168146149,High Risk,1,Churned
74,11,5232.2300000000005,0,475.65727272727275,158,15.8,1.8333333333333333,0.4316819855747121,Medium Risk,2,VIP Loyal
314,6,1208.22,1,201.37,125,25.0,1.5,0.5143431729729134,Medium Risk,0,Occasional
21,13,3638.53,0,279.8869230769231,717,59.75,1.3,0.031078633093000317,Low Risk,2,VIP Loyal
59,3,859.35,0,286.45000000000005,268,134.0,1.0,0.39498974973139966,Medium Risk,0,Occasional
638,2,194.7,1,97.35,0,0.0,2.0,0.6967437679142118,High Risk,1,Churned
726,1,228.34,1,228.34,0,0.0,1.0,0.6965883933526392,High Risk,1,Churned
725,3,454.54,1,151.51333333333332,6,3.0,3.0,0.6894381793150977,High Risk,1,Churned
12,47,9161.08,0,194.91659574468085,608,13.217391304347826,2.35,0.02191675545097455,Low Risk,2,VIP Loyal
28,14,5794.28,0,413.8771428571428,708,54.46153846153846,1.5555555555555556,0.031759280710548794,Low Risk,2,VIP Loyal
114,2,445.32,0,222.66,296,296.0,1.0,0.4616467042577354,Medium Risk,0,Occasional
28,13,3801.2000000000003,0,292.40000000000003,656,54.666666666666664,1.0833333333333333,0.042842786019511574,Low Risk,2,VIP Loyal
625,1,282.05,1,282.05,0,0.0,1.0,0.6960494461588884,High Risk,1,Churned
18,4,1446.09,0,361.5225,91,30.333333333333332,1.0,0.5751250190507184,Medium Risk,3,regular
563,1,203.05,1,203.05,0,0.0,1.0,0.6968419762562056,High Risk,1,Churned
18,10,2241.73,0,224.173,708,78.66666666666667,1.0,0.03659501323225193,Low Risk,2,VIP Loyal
36,6,1242.75,0,207.125,699,139.8,1.0,0.049178457561101535,Low Risk,0,Occasional
578,1,306.0,1,306.0,0,0.0,1.0,0.6958089486978013,High Risk,1,Churned
36,2,378.2,0,189.1,0,0.0,2.0,0.6959397550448261,High Risk,1,Churned
78,1,118.80000000000001,0,118.80000000000001,0,0.0,1.0,0.6976858865450102,High Risk,1,Churned
22,7,957.53,0,136.79,503,83.83333333333333,1.75,0.12069869010176791,Low Risk,0,Occasional
25,6,964.39,0,160.73166666666665,629,125.8,1.0,0.0695147044228367,Low Risk,0,Occasional
33,6,4732.03,0,788.6716666666667,691,138.2,1.2,0.05089218347047853,Low Risk,3,regular
109,9,4049.79,0,449.9766666666667,559,69.875,1.125,0.0825417804223488,Low Risk,3,regular
35,3,5202.97,0,1734.323333333333,361,180.5,1.5,0.29219843488712643,Low Risk,3,regular
123,28,7891.41,0,281.8360714285714,610,22.59259259259259,1.8666666666666667,0.035907453476902,Low Risk,2,VIP Loyal
7,6,2050.08,0,341.68,56,11.2,2.0,0.6052090012417362,High Risk,2,VIP Loyal
738,1,221.53,1,221.53,0,0.0,1.0,0.6966566890211133,High Risk,1,Churned
28,4,1991.01,0,497.7525,225,75.0,1.0,0.4112336258842363,Medium Risk,3,regular
386,1,128.45,1,128.45,0,0.0,1.0,0.6975892925341395,High Risk,1,Churned
4,13,3149.48,0,242.2676923076923,503,41.916666666666664,1.4444444444444444,0.09505466344801479,Low Risk,2,VIP Loyal
3,19,7811.1,0,411.1105263157895,720,42.35294117647059,1.125,0.025336444913032358,Low Risk,2,VIP Loyal
50,11,5594.96,0,508.63272727272727,625,62.5,1.1,0.05444019316973193,Low Risk,2,VIP Loyal
593,1,235.88,1,235.88,0,0.0,1.0,0.6965127665862535,High Risk,1,Churned
322,2,402.20000000000005,1,201.1,101,101.0,1.0,0.617520396230685,High Risk,0,Occasional
23,7,2572.25,0,367.4642857142857,701,116.83333333333333,1.0,0.04484414813870359,Low Risk,3,regular
15,11,3759.18,0,341.74363636363637,540,54.0,1.2222222222222223,0.08413754887410618,Low Risk,2,VIP Loyal
2,9,1340.45,0,148.9388888888889,428,53.5,1.5,0.15586325987271246,Low Risk,2,VIP Loyal
382,3,591.0699999999999,1,197.02333333333334,159,79.5,1.0,0.516568468198276,Medium Risk,0,Occasional
533,1,582.17,1,582.17,0,0.0,1.0,0.6930280331097266,High Risk,1,Churned
18,2,971.74,0,485.87,0,0.0,1.0,0.6887978945310542,High Risk,1,Churned
10,7,2507.05,0,358.15000000000003,539,89.83333333333333,1.1666666666666667,0.10043247960820016,Low Risk,3,regular
262,1,25.5,1,25.5,0,0.0,1.0,0.6986188928336499,High Risk,1,Churned
722,1,424.3,1,424.3,0,0.0,1.0,0.6946194529078781,High Risk,1,Churned
424,1,474.03,1,474.03,0,0.0,1.0,0.694118644870214,High Risk,1,Churned
159,2,665.78,0,332.89,147,147.0,1.0,0.5804257161015243,Medium Risk,3,regular
389,1,491.23,1,491.23,0,0.0,1.0,0.6939453246746712,High Risk,1,Churned
33,10,16075.42,0,1607.542,643,71.44444444444444,1.1111111111111112,0.05196225276387577,Low Risk,2,VIP Loyal
664,1,174.95,1,174.95,0,0.0,1.0,0.6971235945526761,High Risk,1,Churned
29,8,1295.46,0,161.9325,468,66.85714285714286,1.6,0.13503756181461976,Low Risk,0,Occasional
165,3,510.7,0,170.23333333333332,444,222.0,1.0,0.22922764654250774,Low Risk,0,Occasional
47,2,476.58,0,238.29000000000002,378,378.0,1.0,0.39650061024935784,Medium Risk,3,regular
503,1,205.17,1,205.17,0,0.0,1.0,0.6968207236082122,High Risk,1,Churned
574,6,2322.59,1,387.09833333333336,123,24.6,1.5,0.5161541754087607,Medium Risk,3,regular
6,8,808.62,0,101.0775,329,47.0,1.0,0.24580207663702006,Low Risk,0,Occasional
8,7,2761.4900000000002,0,394.4985714285714,726,121.0,1.0,0.039463799079403,Low Risk,3,regular
648,1,389.78,1,389.78,0,0.0,1.0,0.6949668176903208,High Risk,1,Churned
288,1,116.19999999999999,1,116.19999999999999,0,0.0,1.0,0.6977119088841562,High Risk,1,Churned
318,1,157.02,1,157.02,0,0.0,1.0,0.6973032117317389,High Risk,1,Churned
3,2,606.91,0,303.455,56,56.0,1.0,0.6503568988759255,High Risk,3,regular
233,1,307.46,1,307.46,0,0.0,1.0,0.6957942844291537,High Risk,1,Churned
403,1,314.74,1,314.74,0,0.0,1.0,0.6957211580289404,High Risk,1,Churned
119,4,570.5,0,142.625,380,126.66666666666667,1.0,0.2480319062274155,Low Risk,0,Occasional
162,3,977.17,0,325.7233333333333,410,205.0,1.0,0.25626092885474794,Low Risk,3,regular
185,1,298.89,1,298.89,0,0.0,1.0,0.6958803559903984,High Risk,1,Churned
50,1,259.35,0,259.35,0,0.0,1.0,0.6962772926571563,High Risk,1,Churned
152,9,2070.44,0,230.04888888888888,313,39.125,1.5,0.2563639521060716,Low Risk,3,regular
429,5,1155.0300000000002,1,231.00600000000003,306,76.5,1.0,0.3019035005324311,Medium Risk,0,Occasional
335,1,157.09,1,157.09,0,0.0,1.0,0.6973025106106661,High Risk,1,Churned
520,1,31.85,1,31.85,0,0.0,1.0,0.6985554443448752,High Risk,1,Churned
5,5,2463.17,0,492.634,70,17.5,1.25,0.591067269279755,Medium Risk,3,regular
452,2,1272.8,1,636.4,36,36.0,1.0,0.6618649509787665,High Risk,3,regular
16,12,14622.33,0,1218.5275,612,55.63636363636363,1.2,0.05699688914253699,Low Risk,2,VIP Loyal
107,3,637.1,0,212.36666666666667,335,167.5,1.0,0.3263686921238404,Medium Risk,0,Occasional
16,10,1954.16,0,195.416,563,62.55555555555556,1.4285714285714286,0.07803024123568296,Low Risk,2,VIP Loyal
662,1,231.68,1,231.68,0,0.0,1.0,0.6965548942140721,High Risk,1,Churned
416,6,1133.63,1,188.9383333333333,261,52.2,1.2,0.3403824140908269,Medium Risk,0,Occasional
276,7,4417.27,1,631.0385714285715,397,66.16666666666667,1.1666666666666667,0.19163459551864984,Low Risk,3,regular
16,25,19584.46,0,783.3783999999999,681,28.375,1.5625,0.027530827732950295,Low Risk,2,VIP Loyal
247,1,465.32,1,465.32,0,0.0,1.0,0.6942063924685836,High Risk,1,Churned
418,4,754.33,1,188.5825,266,88.66666666666667,2.0,0.3705727359330595,Medium Risk,0,Occasional
239,4,1283.75,1,320.9375,445,148.33333333333334,1.0,0.1925705230868983,Low Risk,0,Occasional
417,2,924.11,1,462.055,98,98.0,1.0,0.6172620147652277,High Risk,3,regular
1,2,984.57,0,492.28499999999997,83,83.0,1.0,0.6283849908528676,High Risk,3,regular
513,4,3120.91,1,780.2275,145,48.333333333333336,2.0,0.511668409756717,Medium Risk,3,regular
106,13,5860.24,0,450.78769230769234,570,47.5,1.3,0.06773156565341398,Low Risk,2,VIP Loyal
23,9,3199.95,0,355.54999999999995,675,84.375,1.0,0.04561738731599394,Low Risk,2,VIP Loyal
52,1,124.88,0,124.88,0,0.0,1.0,0.6976250293509128,High Risk,1,Churned
451,1,143.10000000000002,1,143.10000000000002,0,0.0,1.0,0.6974426164002718,High Risk,1,Churned
377,6,1375.65,1,229.275,357,71.4,1.2,0.2376759890766404,Low Risk,0,Occasional
735,1,231.90000000000003,1,231.90000000000003,0,0.0,1.0,0.696552687610715,High Risk,1,Churned
195,4,2016.5,1,504.125,230,76.66666666666667,1.3333333333333333,0.40696720624960203,Medium Risk,3,regular
24,1,213.78,0,213.78,0,0.0,1.0,0.6967344011382567,High Risk,1,Churned
75,1,329.34,0,329.34,0,0.0,1.0,0.6955744736334349,High Risk,1,Churned
18,7,892.46,0,127.49428571428572,719,119.83333333333333,1.1666666666666667,0.041160115625431384,Low Risk,0,Occasional
492,1,591.87,1,591.87,0,0.0,1.0,0.6929301010132275,High Risk,1,Churned
8,19,5151.9,0,271.15263157894736,727,40.388888888888886,2.111111111111111,0.02454215692121622,Low Risk,2,VIP Loyal
32,5,1980.0,0,396.0,609,152.25,1.0,0.08375785833013694,Low Risk,3,regular
22,5,2099.59,0,419.918,623,155.75,1.0,0.07838183464047994,Low Risk,3,regular
31,17,10209.16,0,600.5388235294117,704,44.0,1.2142857142857142,0.02950965805252005,Low Risk,2,VIP Loyal
444,1,856.01,1,856.01,0,0.0,1.0,0.690256652251502,High Risk,1,Churned
29,10,1715.46,0,171.546,276,34.5,1.5,0.29103009331327784,Low Risk,2,VIP Loyal
22,4,699.78,0,174.945,653,217.66666666666666,1.0,0.0794435794687596,Low Risk,0,Occasional
33,7,2467.35,0,352.4785714285714,240,40.0,1.4,0.35541697677906964,Medium Risk,3,regular
284,6,1794.32,1,299.05333333333334,444,88.8,1.0,0.1642523476699476,Low Risk,3,regular
39,2,206.34,0,103.17,165,165.0,1.0,0.5684956575470055,Medium Risk,0,Occasional
380,3,867.11,1,289.0366666666667,65,32.5,1.0,0.6189723207725787,High Risk,0,Occasional
499,1,400.2,1,400.2,0,0.0,1.0,0.6948619876020145,High Risk,1,Churned
58,3,1156.73,0,385.57666666666665,520,260.0,1.0,0.1734141782390541,Low Risk,3,regular
374,2,178.68,1,89.34,14,14.0,2.0,0.6871454040303887,High Risk,0,Occasional
289,2,384.59,1,192.29500000000002,372,372.0,1.0,0.4016200354084529,Medium Risk,0,Occasional
79,3,956.5699999999999,0,318.8566666666666,647,323.5,1.0,0.10625208383888345,Low Risk,3,regular
5,8,3766.6,0,470.82500000000005,125,17.857142857142858,1.6,0.49700464888129475,Medium Risk,2,VIP Loyal
218,1,59.9,1,59.9,0,0.0,1.0,0.6982750810600237,High Risk,1,Churned
44,4,1443.69,0,360.9225,252,84.0,1.0,0.38051705949418463,Medium Risk,3,regular
202,3,902.3199999999999,1,300.7733333333333,475,237.5,1.0,0.20480603136135273,Low Risk,3,regular
505,1,119.5,1,119.5,0,0.0,1.0,0.6976788803137319,High Risk,1,Churned
731,1,436.71,1,436.71,0,0.0,1.0,0.6944945205104425,High Risk,1,Churned
178,6,1507.26,0,251.21,384,76.8,1.0,0.21221782235818867,Low Risk,0,Occasional
56,11,2256.98,0,205.18,630,63.0,1.1,0.052851460855054204,Low Risk,2,VIP Loyal
57,3,465.37,0,155.12333333333333,538,269.0,1.0,0.16324314762795894,Low Risk,0,Occasional
423,2,321.3,1,160.65,295,295.0,1.0,0.4630910180743387,Medium Risk,0,Occasional
8,6,3347.31,0,557.8850000000001,97,19.4,1.5,0.5493247266679309,Medium Risk,2,VIP Loyal
569,2,198.41000000000003,1,99.20500000000001,161,161.0,1.0,0.5717125185837245,Medium Risk,0,Occasional
592,3,229.46,1,76.48666666666666,6,3.0,3.0,0.6900070876574755,High Risk,1,Churned
47,2,144.0,0,72.0,13,13.0,2.0,0.6879958476621059,High Risk,0,Occasional
227,2,467.71,1,233.855,299,299.0,1.0,0.45911648336085753,Medium Risk,0,Occasional
11,13,4592.93,0,353.3023076923077,719,59.916666666666664,1.3,0.030801140912762058,Low Risk,2,VIP Loyal
106,5,957.63,0,191.526,631,157.75,1.25,0.07622254840412981,Low Risk,0,Occasional
59,7,1743.04,0,249.00571428571428,585,97.5,1.4,0.08082658220440943,Low Risk,3,regular
28,15,4836.05,0,322.40333333333336,710,50.714285714285715,1.3636363636363635,0.030166436644452614,Low Risk,2,VIP Loyal
536,1,77.83,1,77.83,0,0.0,1.0,0.6980957908915671,High Risk,1,Churned
36,9,2310.04,0,256.6711111111111,702,87.75,1.5,0.0400480407204442,Low Risk,2,VIP Loyal
274,3,812.5,1,270.8333333333333,256,128.0,1.0,0.4080721693855762,Medium Risk,0,Occasional
655,1,562.98,1,562.98,0,0.0,1.0,0.6932217258525862,High Risk,1,Churned
428,1,352.9,1,352.9,0,0.0,1.0,0.6953376853936328,High Risk,1,Churned
30,1,1013.01,0,1013.01,0,0.0,1.0,0.6886615391947889,High Risk,1,Churned
24,3,1213.88,0,404.6266666666667,347,173.5,1.5,0.3154540770143327,Medium Risk,3,regular
582,1,145.12,1,145.12,0,0.0,1.0,0.6974223889546304,High Risk,1,Churned
387,4,356.71,1,89.1775,264,88.0,2.0,0.3735492888657111,Medium Risk,0,Occasional
54,4,1242.04,0,310.51,613,204.33333333333334,1.0,0.09469542642611826,Low Risk,3,regular
421,1,160.65,1,160.65,0,0.0,1.0,0.6972668523842963,High Risk,1,Churned
36,10,5575.88,0,557.588,352,39.111111111111114,3.3333333333333335,0.21862006931487982,Low Risk,2,VIP Loyal
175,9,5504.6900000000005,0,611.6322222222223,372,46.5,1.2857142857142858,0.19947606511291624,Low Risk,3,regular
54,3,999.35,0,333.1166666666666,510,255.0,1.0,0.18022076779650106,Low Risk,3,regular
53,1,204.24,0,204.24,0,0.0,1.0,0.6968300468074196,High Risk,1,Churned
652,1,303.21999999999997,1,303.21999999999997,0,0.0,1.0,0.6958368699722897,High Risk,1,Churned
396,1,115.35,1,115.35,0,0.0,1.0,0.6977204159119852,High Risk,1,Churned
649,3,611.6,1,203.86666666666667,87,43.5,1.5,0.5986928402679907,Medium Risk,0,Occasional
393,1,253.37,1,253.37,0,0.0,1.0,0.696337299628033,High Risk,1,Churned
27,13,4046.65,0,311.28076923076924,699,58.25,1.4444444444444444,0.034349181728497734,Low Risk,2,VIP Loyal
253,3,794.41,1,264.80333333333334,233,116.5,1.0,0.4332913808074509,Medium Risk,3,regular
40,13,5182.3,0,398.63846153846157,684,57.0,1.625,0.03742628333574328,Low Risk,2,VIP Loyal
60,6,1069.1200000000001,0,178.1866666666667,298,59.6,1.2,0.29831515566512107,Low Risk,0,Occasional
464,1,186.15,1,186.15,0,0.0,1.0,0.6970113658465659,High Risk,1,Churned
554,1,65.05,1,65.05,0,0.0,1.0,0.6982235900736066,High Risk,1,Churned
234,2,218.0,1,109.0,385,385.0,1.0,0.39236272173658676,Medium Risk,0,Occasional
4,18,4192.68,0,232.92666666666668,678,39.88235294117647,1.5,0.03255145008749407,Low Risk,2,VIP Loyal
32,2,259.13,0,129.565,384,384.0,1.0,0.39293220750270047,Medium Risk,0,Occasional
24,21,4481.75,0,213.41666666666666,664,33.2,1.6153846153846154,0.03214461233696954,Low Risk,2,VIP Loyal
7,5,978.52,0,195.704,599,149.75,1.6666666666666667,0.08928934015306458,Low Risk,0,Occasional
65,6,1605.01,0,267.50166666666667,632,126.4,1.2,0.06865706996463367,Low Risk,3,regular
310,3,873.53,1,291.1766666666667,64,32.0,1.0,0.6200130633983874,High Risk,0,Occasional
501,1,100.86,1,100.86,0,0.0,1.0,0.6978654148406875,High Risk,1,Churned
582,1,131.15,1,131.15,0,0.0,1.0,0.6975622631005128,High Risk,1,Churned
309,3,900.12,1,300.04,356,178.0,1.0,0.3053240129529119,Medium Risk,3,regular
19,12,2022.03,0,168.5025,674,61.27272727272727,1.0,0.040240997052371434,Low Risk,2,VIP Loyal
16,13,3177.24,0,244.4030769230769,621,51.75,1.3,0.05169316482443286,Low Risk,2,VIP Loyal
96,2,318.76,0,159.38,46,46.0,1.0,0.6590317252277387,High Risk,0,Occasional
264,18,9924.95,1,551.3861111111112,467,27.470588235294116,2.0,0.10125482431185538,Low Risk,2,VIP Loyal
12,25,7197.04,0,287.8816,719,29.958333333333332,1.25,0.02117876268230589,Low Risk,2,VIP Loyal
3,2,421.52,0,210.76,11,11.0,1.0,0.6835778667412202,High Risk,0,Occasional
35,3,560.86,0,186.95333333333335,689,344.5,1.0,0.09000644993041639,Low Risk,0,Occasional
183,1,149.89000000000001,1,149.89000000000001,0,0.0,1.0,0.6973746211065435,High Risk,1,Churned
25,8,1904.8799999999999,0,238.10999999999999,527,75.28571428571429,1.3333333333333333,0.10148078573127785,Low Risk,2,VIP Loyal
13,12,1929.26,0,160.77166666666668,629,57.18181818181818,1.0909090909090908,0.05108301319913177,Low Risk,2,VIP Loyal
11,4,1002.08,0,250.52,370,123.33333333333333,2.0,0.26076435865516984,Low Risk,0,Occasional
3,32,7783.1,0,243.221875,736,23.741935483870968,1.7777777777777777,0.015977279171841864,Low Risk,2,VIP Loyal
313,4,1189.45,1,297.3625,213,71.0,1.0,0.42700584323084584,Medium Risk,0,Occasional
596,1,130.6,1,130.6,0,0.0,1.0,0.697567769207238,High Risk,1,Churned
385,12,2744.14,1,228.67833333333337,276,25.09090909090909,1.5,0.27580017527681766,Low Risk,2,VIP Loyal
108,5,2889.28,0,577.856,576,144.0,1.0,0.09728426209468678,Low Risk,3,regular
1,69,20889.86,0,302.75159420289856,736,10.823529411764707,2.875,0.0062808181582536095,Low Risk,2,VIP Loyal
53,5,1826.04,0,365.20799999999997,680,170.0,1.6666666666666667,0.06061223470467236,Low Risk,3,regular
205,2,371.63,1,185.815,484,484.0,1.0,0.31835009575409057,Medium Risk,0,Occasional
547,2,38.92,1,19.46,191,191.0,1.0,0.5485806298326307,Medium Risk,0,Occasional
15,1,282.19,0,282.19,0,0.0,1.0,0.6960480406394707,High Risk,1,Churned
120,2,546.16,0,273.08,361,361.0,1.0,0.40940535364990294,Medium Risk,0,Occasional
429,1,68.03,1,68.03,0,0.0,1.0,0.6981937930105586,High Risk,1,Churned
4,2,384.52,0,192.26,257,257.0,1.0,0.49347947063899716,Medium Risk,0,Occasional
363,3,812.4300000000001,1,270.81,362,181.0,1.0,0.29985633472105305,Low Risk,0,Occasional
117,2,353.86,0,176.92999999999998,69,69.0,1.0,0.6419247734985134,High Risk,0,Occasional
18,1,178.26,0,178.26,0,0.0,1.0,0.6970904294091219,High Risk,1,Churned
5,3,470.73,0,156.91,396,198.0,1.0,0.26960272760396725,Low Risk,0,Occasional
41,4,799.13,0,199.7825,405,135.0,1.0,0.2255668945556717,Low Risk,0,Occasional
107,5,498.93,0,99.786,492,123.0,1.25,0.1441179157332723,Low Risk,0,Occasional
436,2,192.73,1,96.36500000000001,0,0.0,2.0,0.6967523930348556,High Risk,1,Churned
397,2,417.3,1,208.65000000000003,268,268.0,1.0,0.48440352668380227,Medium Risk,0,Occasional
148,6,1889.34,0,314.89000000000004,507,101.4,1.2,0.12420945581942928,Low Risk,3,regular
411,1,120.95,1,120.95,0,0.0,1.0,0.6976643671133873,High Risk,1,Churned
510,1,230.44,1,230.44,0,0.0,1.0,0.6965673312636268,High Risk,1,Churned
52,11,2757.62,0,250.69272727272727,672,67.2,1.2222222222222223,0.04255615578026955,Low Risk,2,VIP Loyal
208,1,63.440000000000005,1,63.440000000000005,0,0.0,1.0,0.6982396877918432,High Risk,1,Churned
424,1,279.59,1,279.59,0,0.0,1.0,0.6960741425455538,High Risk,1,Churned
139,2,562.9,0,281.45000000000005,41,41.0,1.0,0.6615311049126209,High Risk,0,Occasional
2,5,517.73,0,103.546,638,159.5,1.25,0.07387955534436985,Low Risk,0,Occasional
127,2,317.62,0,158.81,0,0.0,2.0,0.6962053215535828,High Risk,1,Churned
108,11,1733.8899999999999,0,157.62636363636364,623,62.3,1.2222222222222223,0.05491249894695792,Low Risk,0,Occasional
386,1,537.46,1,537.46,0,0.0,1.0,0.6934792043640198,High Risk,1,Churned
469,2,604.4,1,302.2,262,262.0,1.0,0.4882918105455899,Medium Risk,0,Occasional
736,1,210.39,1,210.39,0,0.0,1.0,0.6967683903875943,High Risk,1,Churned
42,4,2148.63,0,537.1575,220,73.33333333333333,1.3333333333333333,0.41862743455624496,Medium Risk,3,regular
424,1,141.12,1,141.12,0,0.0,1.0,0.6974624425593944,High Risk,1,Churned
35,2,577.38,0,288.69,360,360.0,1.0,0.4100325599579878,Medium Risk,0,Occasional
383,1,114.52,1,114.52,0,0.0,1.0,0.6977287226435174,High Risk,1,Churned
402,1,508.39,1,508.39,0,0.0,1.0,0.6937723528597668,High Risk,1,Churned
228,2,1065.3500000000001,1,532.675,95,95.0,1.0,0.6188658590278678,High Risk,3,regular
241,2,271.24,1,135.62,323,323.0,1.0,0.4408788537213928,Medium Risk,0,Occasional
58,1,187.82999999999998,0,187.82999999999998,0,0.0,1.0,0.6969945295131657,High Risk,1,Churned
438,1,118.85999999999999,1,118.85999999999999,0,0.0,1.0,0.6976852860145061,High Risk,1,Churned
374,6,797.8499999999999,1,132.975,299,59.8,1.0,0.29649699647182476,Low Risk,0,Occasional
130,5,2339.66,0,467.93199999999996,418,104.5,1.0,0.1951602700340344,Low Risk,3,regular
379,1,188.46,1,188.46,0,0.0,1.0,0.696988215751801,High Risk,1,Churned
60,8,2793.16,0,349.145,384,54.857142857142854,1.1428571428571428,0.1953576276532916,Low Risk,3,regular
628,2,428.34,1,214.17000000000002,34,34.0,1.0,0.6672104439447036,High Risk,0,Occasional
22,3,395.48,0,131.82666666666668,378,189.0,1.5,0.28816836225207576,Low Risk,0,Occasional
26,21,4111.96,0,195.80761904761906,710,35.5,1.5,0.024918008640069125,Low Risk,2,VIP Loyal
9,11,2499.98,0,227.2709090909091,385,38.5,1.5714285714285714,0.17795495573434844,Low Risk,2,VIP Loyal
32,9,2079.39,0,231.04333333333332,609,76.125,1.2857142857142858,0.06437580914082296,Low Risk,2,VIP Loyal
4,8,1501.44,0,187.68,722,103.14285714285714,1.1428571428571428,0.0378846100894838,Low Risk,2,VIP Loyal
308,1,550.8000000000001,1,550.8000000000001,0,0.0,1.0,0.6933446283647563,High Risk,1,Churned
472,2,271.75,1,135.875,107,107.0,1.0,0.6135592034705111,High Risk,0,Occasional
8,17,3774.23,0,222.0135294117647,727,45.4375,1.1333333333333333,0.02553836751322547,Low Risk,2,VIP Loyal
669,2,467.78999999999996,1,233.89499999999998,0,0.0,2.0,0.695546776975573,High Risk,1,Churned
29,3,556.95,0,185.65,35,17.5,1.5,0.6534405480378889,High Risk,0,Occasional
730,1,338.13,1,338.13,0,0.0,1.0,0.6954861424157838,High Risk,1,Churned
17,1,131.78,0,131.78,0,0.0,1.0,0.6975559560357657,High Risk,1,Churned
101,5,957.5600000000001,0,191.512,540,135.0,1.25,0.11616790362480178,Low Risk,0,Occasional
12,6,1016.08,0,169.34666666666666,469,93.8,1.0,0.14732973429474785,Low Risk,0,Occasional
391,2,393.64,1,196.82,90,90.0,1.0,0.6259444795939219,High Risk,0,Occasional
21,2,330.43,0,165.215,603,603.0,1.0,0.24120098362614503,Low Risk,0,Occasional
15,5,1135.63,0,227.12600000000003,290,72.5,1.25,0.32060560170589375,Medium Risk,0,Occasional
361,1,250.04,1,250.04,0,0.0,1.0,0.6963707119828634,High Risk,1,Churned
534,1,111.5,1,111.5,0,0.0,1.0,0.697758946044716,High Risk,1,Churned
649,1,2135.46,1,2135.46,0,0.0,1.0,0.677128245496015,High Risk,1,Churned
11,21,9782.35,0,465.8261904761905,393,20.68421052631579,1.8181818181818181,0.1349955514571484,Low Risk,2,VIP Loyal
395,11,3999.8900000000003,1,363.6263636363637,293,29.3,1.2222222222222223,0.26294127788090105,Low Risk,3,regular
393,2,4511.76,1,2255.88,59,59.0,1.0,0.6294769103349878,High Risk,3,regular
95,3,330.59000000000003,0,110.19666666666667,577,288.5,1.0,0.14089835715680835,Low Risk,0,Occasional
387,2,1025.1,1,512.55,147,147.0,1.0,0.5786113929343213,Medium Risk,3,regular
78,6,3566.56,0,594.4266666666666,596,119.2,1.0,0.0810064774754636,Low Risk,3,regular
139,3,644.3,0,214.76666666666665,20,10.0,3.0,0.6753271815083879,High Risk,0,Occasional
31,1,2328.84,0,2328.84,0,0.0,1.0,0.6751187770631307,High Risk,3,regular
25,17,4904.43,0,288.4958823529412,711,44.4375,1.2142857142857142,0.02799374521931259,Low Risk,2,VIP Loyal
2,43,9650.6,0,224.4325581395349,436,10.380952380952381,2.8666666666666667,0.06318914452629705,Low Risk,2,VIP Loyal
420,1,124.45,1,124.45,0,0.0,1.0,0.6976293336239702,High Risk,1,Churned
46,3,2600.34,0,866.7800000000001,43,21.5,1.5,0.6397168248152673,High Risk,3,regular
725,1,164.28,1,164.28,0,0.0,1.0,0.6972304905657738,High Risk,1,Churned
669,1,29.1,1,29.1,0,0.0,1.0,0.6985829229690388,High Risk,1,Churned
100,6,2895.77,0,482.62833333333333,586,117.2,1.0,0.0851464834417117,Low Risk,3,regular
8,6,1741.18,0,290.19666666666666,569,113.8,1.2,0.09298738824705612,Low Risk,3,regular
376,5,922.59,1,184.518,360,90.0,1.6666666666666667,0.24987364453057262,Low Risk,0,Occasional
15,12,1565.59,0,130.46583333333334,683,62.09090909090909,1.0909090909090908,0.03841246645978103,Low Risk,2,VIP Loyal
18,12,2301.87,0,191.8225,703,63.90909090909091,1.3333333333333333,0.034750389518774655,Low Risk,2,VIP Loyal
280,3,609.5699999999999,1,203.18999999999997,361,180.5,1.0,0.3013041803022409,Medium Risk,0,Occasional
408,2,321.95,1,160.975,121,121.0,1.0,0.6025002258738257,High Risk,0,Occasional
410,2,152.35,1,76.175,152,152.0,1.0,0.5790704690842807,Medium Risk,0,Occasional
673,1,104.7,1,104.7,0,0.0,1.0,0.6978269924647748,High Risk,1,Churned
14,5,1004.4300000000001,0,200.88600000000002,721,180.25,1.6666666666666667,0.04989495456685212,Low Risk,0,Occasional
23,4,423.8,0,105.94999999999999,624,208.0,1.0,0.09066241679245163,Low Risk,0,Occasional
124,1,175.2,0,175.2,0,0.0,1.0,0.6971210897041632,High Risk,1,Churned
528,5,838.27,1,167.654,128,32.0,1.0,0.5184751139840761,Medium Risk,0,Occasional
86,1,494.25,0,494.25,0,0.0,1.0,0.6939148872080123,High Risk,1,Churned
302,3,635.15,1,211.71666666666667,104,52.0,1.5,0.580151908257026,Medium Risk,0,Occasional
384,2,508.0,1,254.0,300,300.0,1.0,0.4581046733962228,Medium Risk,0,Occasional
472,1,81.12,1,81.12,0,0.0,1.0,0.6980628861311216,High Risk,1,Churned
151,4,2027.8700000000001,0,506.96750000000003,158,52.666666666666664,1.0,0.49242233879073155,Medium Risk,3,regular
17,17,12142.57,0,714.2688235294117,621,38.8125,1.0625,0.046212652787325066,Low Risk,2,VIP Loyal
94,3,362.36,0,120.78666666666668,415,207.5,1.0,0.2533759392979166,Low Risk,0,Occasional
30,18,22404.82,0,1244.7122222222222,633,42.2,1.1428571428571428,0.04394461298655649,Low Risk,2,VIP Loyal
157,5,1889.83,0,377.966,383,95.75,1.6666666666666667,0.22767432533666274,Low Risk,3,regular
380,4,1227.54,1,306.885,290,96.66666666666667,1.3333333333333333,0.3395758332640663,Medium Risk,0,Occasional
355,6,1259.94,1,209.99,380,76.0,1.0,0.21586539221150167,Low Risk,0,Occasional
46,2,468.11,0,234.055,682,682.0,1.0,0.19703290590258254,Low Risk,0,Occasional
15,10,1604.68,0,160.46800000000002,722,80.22222222222223,1.4285714285714286,0.03427784615199251,Low Risk,2,VIP Loyal
4,26,5323.0,0,204.73076923076923,597,23.88,1.625,0.040147108639463844,Low Risk,2,VIP Loyal
86,1,228.96,0,228.96,0,0.0,1.0,0.6965821751074469,High Risk,1,Churned
15,9,2476.41,0,275.15666666666664,624,78.0,1.5,0.05989870553468097,Low Risk,2,VIP Loyal
179,5,852.25,0,170.45,452,113.0,1.25,0.17100755641407567,Low Risk,0,Occasional
8,7,1906.041,0,272.29157142857144,668,111.33333333333333,1.4,0.0534848942722039,Low Risk,2,VIP Loyal
36,12,1988.23,0,165.68583333333333,693,63.0,1.2,0.036531236888732097,Low Risk,0,Occasional
696,1,36.25,1,36.25,0,0.0,1.0,0.6985114755843042,High Risk,1,Churned
129,4,3242.0,0,810.5,495,165.0,1.0,0.1553567948419284,Low Risk,3,regular
51,4,3143.46,0,785.865,377,125.66666666666667,2.0,0.2512219915980746,Low Risk,3,regular
386,1,285.11,1,285.11,0,0.0,1.0,0.6960187246856809,High Risk,1,Churned
312,5,946.47,1,189.294,376,94.0,1.0,0.23229202071117622,Low Risk,0,Occasional
24,2,388.14,0,194.07,0,0.0,2.0,0.6958961682624303,High Risk,1,Churned
303,5,866.05,1,173.20999999999998,350,87.5,1.0,0.25692479146829506,Low Risk,0,Occasional
11,2,284.46,0,142.23,636,636.0,1.0,0.22233964565146394,Low Risk,0,Occasional
17,6,1231.3799999999999,0,205.23,417,83.4,1.5,0.18646326585272982,Low Risk,0,Occasional
49,5,880.64,0,176.128,627,156.75,1.25,0.07770194329463138,Low Risk,0,Occasional
239,7,1024.04,1,146.29142857142855,463,77.16666666666667,1.0,0.14321087581192374,Low Risk,0,Occasional
395,3,940.86,1,313.62,6,3.0,3.0,0.6882070092231297,High Risk,1,Churned
1,28,12070.42,0,431.0864285714286,731,27.074074074074073,1.6470588235294117,0.01868275195273074,Low Risk,2,VIP Loyal
13,15,8224.98,0,548.332,664,47.42857142857143,1.1538461538461537,0.03876641805358779,Low Risk,2,VIP Loyal
432,2,1096.24,1,548.12,23,23.0,1.0,0.6720339212576936,High Risk,3,regular
238,1,168.4,1,168.4,0,0.0,1.0,0.6971892174090307,High Risk,1,Churned
23,14,2826.14,0,201.86714285714285,700,53.84615384615385,1.5555555555555556,0.032945293155502556,Low Risk,2,VIP Loyal
456,1,979.1999999999999,1,979.1999999999999,0,0.0,1.0,0.6890054275440881,High Risk,1,Churned
73,4,446.18,0,111.545,96,32.0,2.0,0.5761140019495898,Medium Risk,0,Occasional
17,6,662.55,0,110.425,714,142.8,1.5,0.04616838114338901,Low Risk,0,Occasional
41,28,4377.56,0,156.3414285714286,695,25.74074074074074,1.75,0.022154880418878302,Low Risk,2,VIP Loyal
40,7,1167.5,0,166.78571428571428,609,101.5,1.0,0.07132451482215128,Low Risk,0,Occasional
219,3,727.11,1,242.37,176,88.0,1.0,0.49708628408316125,Medium Risk,0,Occasional
199,4,660.55,1,165.1375,232,77.33333333333333,1.0,0.4052982819676005,Medium Risk,0,Occasional
71,4,453.64,0,113.41,452,150.66666666666666,1.0,0.18821626412043008,Low Risk,0,Occasional
24,78,18319.41,0,234.86423076923077,713,9.25974025974026,3.9,0.0056437187364871575,Low Risk,2,VIP Loyal
374,1,10.95,1,10.95,0,0.0,1.0,0.69876424616525,High Risk,1,Churned
11,1,404.66,0,404.66,0,0.0,1.0,0.694817111734965,High Risk,1,Churned
434,3,645.0,1,215.0,100,50.0,1.0,0.5819121921947151,Medium Risk,0,Occasional
9,38,40002.37,0,1052.693947368421,539,14.567567567567568,2.0,0.04648475136524062,Low Risk,2,VIP Loyal
65,8,902.28,0,112.785,504,72.0,1.6,0.11398133400123442,Low Risk,0,Occasional
4,2,309.99,0,154.995,449,449.0,1.0,0.34373881866828226,Medium Risk,0,Occasional
19,3,507.55,0,169.18333333333334,447,223.5,1.0,0.2268624379045568,Low Risk,0,Occasional
15,1,261.11,0,261.11,0,0.0,1.0,0.6962596304693428,High Risk,1,Churned
8,7,2812.77,0,401.8242857142858,377,62.833333333333336,1.4,0.20992731833137493,Low Risk,2,VIP Loyal
20,2,784.11,0,392.055,13,13.0,2.0,0.6851415561164212,High Risk,3,regular
78,11,2691.57,0,244.68818181818185,651,65.1,1.2222222222222223,0.04750738913315834,Low Risk,2,VIP Loyal
1,61,57224.68,0,938.1095081967213,734,12.233333333333333,3.05,0.009542378165409534,Low Risk,2,VIP Loyal
421,1,149.3,1,149.3,0,0.0,1.0,0.6973805297299924,High Risk,1,Churned
164,2,508.8,0,254.4,0,0.0,2.0,0.6953667952345944,High Risk,1,Churned
307,3,626.56,1,208.85333333333332,143,71.5,1.0,0.5343792695259802,Medium Risk,0,Occasional
411,2,381.15,1,190.57500000000002,77,77.0,1.0,0.6358137226311512,High Risk,0,Occasional
219,1,203.86999999999998,1,203.86999999999998,0,0.0,1.0,0.6968337559921739,High Risk,1,Churned
508,1,97.5,1,97.5,0,0.0,1.0,0.6978990321469121,High Risk,1,Churned
39,14,8807.1,0,629.0785714285714,402,36.54545454545455,2.4,0.15701092473576084,Low Risk,2,VIP Loyal
22,3,1233.18,0,411.05999999999995,394,197.0,1.5,0.2716937949062886,Low Risk,3,regular
115,3,653.38,0,217.79333333333332,140,70.0,1.0,0.5376512243502765,Medium Risk,0,Occasional
126,8,4677.05,0,584.63125,595,85.0,1.1428571428571428,0.07223057899824725,Low Risk,3,regular
541,1,114.85,1,114.85,0,0.0,1.0,0.6977254199826189,High Risk,1,Churned
5,23,5096.18,0,221.57304347826087,718,32.63636363636363,1.4375,0.022501536715465124,Low Risk,2,VIP Loyal
36,2,400.57,0,200.285,414,414.0,1.0,0.36931812032130196,Medium Risk,0,Occasional
4,23,47781.12,0,2077.4399999999996,697,31.681818181818183,1.4375,0.029429183810168208,Low Risk,2,VIP Loyal
1,3,1031.41,0,343.80333333333334,149,74.5,1.0,0.5264769609632283,Medium Risk,3,regular
333,13,4905.05,1,377.3115384615385,400,36.36363636363637,1.5,0.15823583691147008,Low Risk,2,VIP Loyal
412,1,552.9,1,552.9,0,0.0,1.0,0.6933234402356212,High Risk,1,Churned
163,3,316.09000000000003,0,105.36333333333334,350,175.0,1.5,0.31483481446873995,Medium Risk,0,Occasional
185,10,7793.51,1,779.351,543,60.333333333333336,1.4285714285714286,0.08656910457439371,Low Risk,3,regular
16,5,1214.72,0,242.94400000000002,199,49.75,1.25,0.42903793881352115,Medium Risk,0,Occasional
12,5,1425.38,0,285.076,724,181.0,1.0,0.048423821336109396,Low Risk,3,regular
3,16,4417.52,0,276.095,734,48.93333333333333,1.2307692307692308,0.025510890774266666,Low Risk,2,VIP Loyal
405,2,560.14,1,280.07,165,165.0,1.0,0.5666963476993552,Medium Risk,0,Occasional
44,6,2249.52,0,374.92,692,138.4,1.0,0.050781780860985656,Low Risk,3,regular
80,1,507.84,0,507.84,0,0.0,1.0,0.6937778976752297,High Risk,1,Churned
30,22,17298.45,0,786.2931818181819,695,34.75,1.6153846153846154,0.027656578212509136,Low Risk,2,VIP Loyal
549,1,164.18,1,164.18,0,0.0,1.0,0.6972314923018601,High Risk,1,Churned
42,3,670.0600000000001,0,223.35333333333335,344,172.0,1.0,0.31746132212510514,Medium Risk,0,Occasional
11,18,6500.52,0,361.14000000000004,672,39.529411764705884,1.2857142857142858,0.033705515109550936,Low Risk,2,VIP Loyal
50,6,1084.43,0,180.73833333333334,351,87.75,1.25,0.2519553945833462,Low Risk,0,Occasional
386,3,1059.41,1,353.1366666666667,349,174.5,1.0,0.31162856661362964,Medium Risk,3,regular
16,11,3594.76,0,326.79636363636365,518,51.8,1.0,0.09351032067512544,Low Risk,2,VIP Loyal
46,3,1118.95,0,372.98333333333335,347,173.5,1.0,0.31340724794711233,Medium Risk,3,regular
19,2,759.17,0,379.58500000000004,41,41.0,1.0,0.6606198762517246,High Risk,3,regular
8,13,8077.77,0,621.3669230769231,652,54.333333333333336,1.8571428571428572,0.044798332093801206,Low Risk,2,VIP Loyal
72,1,100.8,0,100.8,0,0.0,1.0,0.6978660151683291,High Risk,1,Churned
1,45,31819.760000000002,0,707.1057777777778,737,17.547619047619047,2.15,0.012505171328560232,Low Risk,2,VIP Loyal
128,5,1357.46,0,271.492,301,75.25,1.0,0.30712042362982045,Medium Risk,3,regular
33,4,735.17,0,183.7925,446,148.66666666666666,1.0,0.1924348591177229,Low Risk,0,Occasional
313,1,403.3,1,403.3,0,0.0,1.0,0.6948307962480672,High Risk,1,Churned
18,9,1751.39,0,194.59888888888887,717,89.625,1.5,0.03703060124840178,Low Risk,2,VIP Loyal
88,2,569.96,0,284.98,297,297.0,1.0,0.46019984252366203,Medium Risk,0,Occasional
2,7,2373.82,0,339.1171428571429,82,13.666666666666666,1.75,0.5630576729272018,Medium Risk,2,VIP Loyal
411,1,331.35,1,331.35,0,0.0,1.0,0.695554276298047,High Risk,1,Churned
2,5,534.06,0,106.81199999999998,730,182.5,1.0,0.04721614608751663,Low Risk,0,Occasional
530,1,373.17,1,373.17,0,0.0,1.0,0.695133880294909,High Risk,1,Churned
254,5,1422.77,1,284.554,387,96.75,1.25,0.22293991340577118,Low Risk,0,Occasional
656,1,325.74,1,325.74,0,0.0,1.0,0.695610646082083,High Risk,1,Churned
157,4,323.58,0,80.895,392,130.66666666666666,1.3333333333333333,0.23882415656970338,Low Risk,0,Occasional
732,1,293.35,1,293.35,0,0.0,1.0,0.6959359888862104,High Risk,1,Churned
37,15,4620.3,0,308.02000000000004,625,44.642857142857146,1.25,0.04740404568838583,Low Risk,2,VIP Loyal
220,1,534.24,1,534.24,0,0.0,1.0,0.6935116832882094,High Risk,1,Churned
148,3,2940.04,0,980.0133333333333,25,12.5,1.5,0.6572268793927265,High Risk,3,regular
177,2,120.9,0,60.45,133,133.0,1.0,0.5941567381360964,Medium Risk,0,Occasional
40,2,541.53,0,270.765,31,31.0,1.0,0.6688460671086716,High Risk,0,Occasional
497,46,14556.97,1,316.45586956521737,147,3.340909090909091,9.0,0.27254944659669345,Low Risk,2,VIP Loyal
2,13,4951.15,0,380.8576923076923,728,60.666666666666664,1.0833333333333333,0.02923728182424436,Low Risk,2,VIP Loyal
8,51,246973.09,0,4842.609607843137,429,8.58,3.642857142857143,0.15668664892339565,Low Risk,2,VIP Loyal
1,7,1721.4,0,245.91428571428574,104,20.8,1.2,0.5335722663083046,Medium Risk,2,VIP Loyal
18,2,486.71999999999997,0,243.35999999999996,46,46.0,1.0,0.6582492226480923,High Risk,0,Occasional
192,10,1547.94,1,154.794,500,55.55555555555556,1.0,0.10578172171408164,Low Risk,0,Occasional
204,1,131.7,1,131.7,0,0.0,1.0,0.697556756937006,High Risk,1,Churned
365,2,1225.42,1,612.71,90,90.0,1.0,0.6219002764912971,High Risk,3,regular
127,14,5984.8099999999995,0,427.4864285714285,605,46.53846153846154,1.1666666666666667,0.05449728623920352,Low Risk,2,VIP Loyal
15,2,529.58,0,264.79,366,366.0,1.0,0.40557660264409806,Medium Risk,0,Occasional
43,2,657.3,0,328.65,16,16.0,2.0,0.6836093836897356,High Risk,3,regular
94,16,2228.27,0,139.266875,592,39.46666666666667,1.1428571428571428,0.05422384306750199,Low Risk,2,VIP Loyal
23,3,757.46,0,252.48666666666668,6,3.0,3.0,0.6886716191643102,High Risk,0,Occasional
60,2,675.69,0,337.84499999999997,223,223.0,1.0,0.5195033816490221,Medium Risk,0,Occasional
16,7,2557.91,0,365.4157142857143,572,95.33333333333333,1.0,0.08535113465636783,Low Risk,3,regular
158,3,1000.94,0,333.6466666666667,461,230.5,1.0,0.21503910402816195,Low Risk,3,regular
426,7,2542.79,1,363.2557142857143,310,51.666666666666664,1.1666666666666667,0.274258871936986,Low Risk,3,regular
10,2,763.28,0,381.64,68,68.0,1.0,0.6407186293795726,High Risk,3,regular
395,1,102.6,1,102.6,0,0.0,1.0,0.6978480050448559,High Risk,1,Churned
10,3,194.8,0,64.93333333333334,364,182.0,1.5,0.3017343090666059,Medium Risk,0,Occasional
16,17,5051.25,0,297.13235294117646,706,44.125,1.3076923076923077,0.0288309618646917,Low Risk,2,VIP Loyal
45,11,2804.87,0,254.9881818181818,463,46.3,1.1,0.12257583611336986,Low Risk,2,VIP Loyal
475,1,321.65000000000003,1,321.65000000000003,0,0.0,1.0,0.695651739069513,High Risk,1,Churned
191,4,935.1,1,233.77499999999998,437,145.66666666666666,1.3333333333333333,0.20028912563266715,Low Risk,0,Occasional
409,2,607.0,1,303.5,47,47.0,1.0,0.6569584493542464,High Risk,0,Occasional
600,1,1047.0,1,1047.0,0,0.0,1.0,0.688315610119535,High Risk,1,Churned
79,1,194.37,0,194.37,0,0.0,1.0,0.6969289830363636,High Risk,1,Churned
396,2,489.86,1,244.93,341,341.0,1.0,0.42544710212361464,Medium Risk,0,Occasional
613,2,1144.3,1,572.15,34,34.0,1.0,0.6639081814072444,High Risk,3,regular
408,2,1272.8,1,636.4000000000001,225,225.0,1.0,0.5147955693261932,Medium Risk,3,regular
633,1,389.26000000000005,1,389.26000000000005,0,0.0,1.0,0.6949720486048773,High Risk,1,Churned
78,2,902.03,0,451.015,366,366.0,1.0,0.40371735235636536,Medium Risk,3,regular
4,4,1255.59,0,313.8975,90,30.0,1.3333333333333333,0.5783928127935711,Medium Risk,3,regular
487,2,778.19,1,389.095,91,91.0,1.0,0.6233164091822818,High Risk,0,Occasional
65,4,591.73,0,147.9325,349,116.33333333333333,1.0,0.27744932995832616,Low Risk,0,Occasional
576,2,209.57,1,104.785,47,47.0,1.0,0.6588119870812784,High Risk,0,Occasional
261,1,396.87,1,396.87,0,0.0,1.0,0.694895491161101,High Risk,1,Churned
728,1,160.55,1,160.55,0,0.0,1.0,0.6972678540523126,High Risk,1,Churned
641,1,336.5,1,336.5,0,0.0,1.0,0.6955025234680801,High Risk,1,Churned
59,2,376.64,0,188.32,153,153.0,1.0,0.5771466184873846,Medium Risk,0,Occasional
1,9,2750.5,0,305.6111111111111,568,71.0,1.5,0.07949036595024433,Low Risk,2,VIP Loyal
1,17,5981.07,0,351.8276470588235,589,36.8125,1.2142857142857142,0.05401882913068514,Low Risk,2,VIP Loyal
248,3,1122.42,1,374.14000000000004,270,135.0,1.0,0.39210450308863376,Medium Risk,3,regular
385,1,100.91000000000001,1,100.91000000000001,0,0.0,1.0,0.6978649145671364,High Risk,1,Churned
502,1,54.699999999999996,1,54.699999999999996,0,0.0,1.0,0.6983270668962533,High Risk,1,Churned
8,3,806.72,0,268.9066666666667,383,191.5,1.0,0.2804511449731428,Low Risk,0,Occasional
359,4,1412.89,1,353.2225,335,111.66666666666667,1.0,0.2901863073006414,Low Risk,3,regular
390,2,287.25,1,143.625,220,220.0,1.0,0.5239374510560959,Medium Risk,0,Occasional
76,1,272.22,0,272.22,0,0.0,1.0,0.6961481245463925,High Risk,1,Churned
290,2,1341.39,1,670.6949999999999,271,271.0,1.0,0.4771969545338041,Medium Risk,3,regular
17,3,1138.0,0,379.3333333333333,12,6.0,3.0,0.6818910641944417,High Risk,0,Occasional
221,2,288.6,1,144.3,0,0.0,2.0,0.6963324911436113,High Risk,1,Churned
9,4,689.1,0,172.275,19,6.333333333333333,4.0,0.6738004480159715,High Risk,0,Occasional
3,2,558.96,0,279.48,35,35.0,1.0,0.6658886727363694,High Risk,3,regular
206,18,9565.12,1,531.3955555555556,463,27.235294117647058,1.8,0.10281583915873832,Low Risk,2,VIP Loyal
162,5,2435.48,0,487.096,443,110.75,1.25,0.17655418752281488,Low Risk,3,regular
76,1,302.2,0,302.2,0,0.0,1.0,0.6958471141069299,High Risk,1,Churned
262,2,605.58,1,302.78999999999996,47,47.0,1.0,0.6569650805306451,High Risk,0,Occasional
281,8,4579.23,1,572.40375,451,64.42857142857143,1.0,0.14423541486388466,Low Risk,3,regular
58,8,6115.14,0,764.3925,5,0.7142857142857143,8.0,0.6831844152550276,High Risk,2,VIP Loyal
25,2,514.56,0,257.28,395,395.0,1.0,0.38321140098681883,Medium Risk,0,Occasional
3,60,175603.55,0,2926.725833333333,734,12.440677966101696,2.4,0.017580431906864993,Low Risk,2,VIP Loyal
29,18,5467.820000000001,0,303.7677777777778,700,41.1764705882353,1.5,0.028999663962305192,Low Risk,2,VIP Loyal
72,3,1158.8,0,386.2666666666667,407,203.5,1.0,0.25842584174134314,Low Risk,3,regular
128,2,542.83,0,271.415,541,541.0,1.0,0.2789634497788366,Low Risk,0,Occasional
31,9,1617.46,0,179.71777777777777,519,64.875,1.0,0.10029346184402142,Low Risk,0,Occasional
15,6,957.55,0,159.59166666666667,363,72.6,1.2,0.23224124160443677,Low Risk,0,Occasional
309,1,153.94,1,153.94,0,0.0,1.0,0.6973340601490958,High Risk,1,Churned
426,2,329.42,1,164.71,195,195.0,1.0,0.543876036109105,Medium Risk,0,Occasional
17,15,5109.47,0,340.6313333333334,721,51.5,1.0,0.028232593433332544,Low Risk,2,VIP Loyal
54,1,546.81,0,546.81,0,0.0,1.0,0.6933848835607388,High Risk,1,Churned
30,5,1278.06,0,255.612,404,101.0,1.0,0.2074733760212257,Low Risk,3,regular
2,5,1070.71,0,214.142,216,54.0,1.25,0.4080384794648158,Medium Risk,3,regular
11,4,652.74,0,163.185,7,2.3333333333333335,4.0,0.6866677366081338,High Risk,2,VIP Loyal
361,3,539.14,1,179.71333333333334,76,38.0,1.5,0.6107053247876467,High Risk,0,Occasional
360,3,1161.9,1,387.3,69,34.5,1.0,0.6139017333712609,High Risk,0,Occasional
5,12,4166.04,0,347.17,717,65.18181818181819,1.2,0.032254003825427764,Low Risk,2,VIP Loyal
54,4,939.37,0,234.8425,164,54.666666666666664,1.0,0.4870644964235932,Medium Risk,0,Occasional
1,8,3628.5,0,453.5625,70,10.0,2.0,0.572666995785893,Medium Risk,2,VIP Loyal
610,2,1240.25,1,620.125,87,87.0,1.0,0.6241112399203781,High Risk,3,regular
1,12,3141.51,0,261.79249999999996,732,66.54545454545455,1.2,0.029723757487683255,Low Risk,2,VIP Loyal
190,3,1266.82,1,422.2733333333333,428,214.0,1.0,0.2405343012997374,Low Risk,3,regular
386,1,65.34,1,65.34,0,0.0,1.0,0.6982206904327845,High Risk,1,Churned
435,1,34.8,1,34.8,0,0.0,1.0,0.6985259656921882,High Risk,1,Churned
54,5,1668.83,0,333.76599999999996,598,149.5,1.0,0.08829649677354255,Low Risk,3,regular
280,1,164.4,1,164.4,0,0.0,1.0,0.6972292884799951,High Risk,1,Churned
177,3,364.83,0,121.61000000000001,505,252.5,1.0,0.18468792436388007,Low Risk,0,Occasional
30,2,897.62,0,448.81000000000006,273,273.0,1.0,0.4778743212554713,Medium Risk,3,regular
26,1,98.42,0,98.42,0,0.0,1.0,0.697889827619203,High Risk,1,Churned
618,4,1226.57,1,306.64250000000004,108,36.0,1.0,0.5550197188774061,Medium Risk,3,regular
25,6,1590.6000000000001,0,265.1,575,115.0,1.0,0.09005606871647204,Low Risk,3,regular
510,1,124.46,1,124.46,0,0.0,1.0,0.697629233524991,High Risk,1,Churned
270,3,341.7,1,113.90000000000002,371,185.5,1.5,0.29479162385605717,Low Risk,0,Occasional
550,1,120.05,1,120.05,0,0.0,1.0,0.6976733753531787,High Risk,1,Churned
390,3,960.69,1,320.23,0,0.0,3.0,0.6939097209668877,High Risk,1,Churned
43,6,1448.54,0,241.42333333333332,534,106.8,2.0,0.11141090505382711,Low Risk,0,Occasional
376,2,727.85,1,363.925,289,289.0,1.0,0.46583147133204544,Medium Risk,0,Occasional
234,4,731.26,1,182.815,162,54.0,2.0,0.49520660076105055,Medium Risk,0,Occasional
24,2,148.86,0,74.42999999999999,27,27.0,1.0,0.6735022981495806,High Risk,0,Occasional
197,9,2547.64,1,283.0711111111111,472,59.0,1.2857142857142858,0.12645476313311518,Low Risk,3,regular
359,1,306.84,1,306.84,0,0.0,1.0,0.6958005117699216,High Risk,1,Churned
60,12,3085.29,0,257.1075,567,51.54545454545455,1.5,0.07112714352478418,Low Risk,2,VIP Loyal
130,4,3757.6,0,939.4,481,160.33333333333334,1.3333333333333333,0.1650401488001032,Low Risk,3,regular
1,5,1952.45,0,390.49,146,36.5,1.0,0.4941562062243368,Medium Risk,3,regular
20,5,1057.74,0,211.548,566,141.5,1.25,0.10314824852116189,Low Risk,0,Occasional
206,2,300.67,1,150.335,173,173.0,1.0,0.5616445468347029,Medium Risk,0,Occasional
14,4,575.46,0,143.865,718,239.33333333333334,1.0,0.05907657937488601,Low Risk,0,Occasional
393,1,259.17,1,259.17,0,0.0,1.0,0.6962790989846354,High Risk,1,Churned
513,1,167.62,1,167.62,0,0.0,1.0,0.6971970315033239,High Risk,1,Churned
95,9,1895.8,0,210.64444444444445,565,70.625,1.125,0.08009721897616745,Low Risk,3,regular
19,4,722.34,0,180.58499999999998,713,237.66666666666666,1.0,0.06039414518395812,Low Risk,0,Occasional
14,7,1122.38,0,160.34,159,26.5,1.1666666666666667,0.45840297461701385,Medium Risk,0,Occasional
578,2,392.38,1,196.19,33,33.0,1.0,0.668094783628966,High Risk,0,Occasional
24,3,454.01,0,151.33666666666667,55,27.5,1.0,0.6306432235802418,High Risk,0,Occasional
587,1,131.83,1,131.83,0,0.0,1.0,0.6975554554718806,High Risk,1,Churned
8,2,901.21,0,450.605,17,17.0,1.0,0.6771886360328166,High Risk,3,regular
7,9,5356.03,0,595.1144444444444,434,54.25,1.0,0.1503006666641445,Low Risk,2,VIP Loyal
633,1,382.79,1,382.79,0,0.0,1.0,0.6950371290439055,High Risk,1,Churned
332,1,344.14,1,344.14,0,0.0,1.0,0.6954257392860745,High Risk,1,Churned
382,1,100.0,1,100.0,0,0.0,1.0,0.6978740194722471,High Risk,1,Churned
50,5,1703.75,0,340.75,492,123.0,1.0,0.14277255491637159,Low Risk,3,regular
71,10,723.01,0,72.30100000000002,653,72.55555555555556,1.25,0.048996990905003576,Low Risk,0,Occasional
29,3,380.6,0,126.86666666666667,64,32.0,1.5,0.6238781804392672,High Risk,0,Occasional
243,1,185.65,1,185.65,0,0.0,1.0,0.6970163765579585,High Risk,1,Churned
667,1,171.7,1,171.7,0,0.0,1.0,0.6971561565172162,High Risk,1,Churned
8,41,9056.81,0,220.89780487804876,728,18.2,1.64,0.013019848942941468,Low Risk,2,VIP Loyal
645,2,348.75,1,174.375,23,23.0,1.0,0.6754386362393628,High Risk,0,Occasional
218,7,1047.33,1,149.6185714285714,311,51.833333333333336,1.75,0.2761527544669684,Low Risk,0,Occasional
5,4,753.28,0,188.32,573,191.0,1.0,0.11327699773058109,Low Risk,0,Occasional
253,5,545.27,1,109.054,169,42.25,1.0,0.46643502671908715,Medium Risk,0,Occasional
1,43,18757.75,0,436.2267441860465,735,18.375,2.05,0.012529919237506045,Low Risk,2,VIP Loyal
236,5,1450.7,1,290.14,387,96.75,1.0,0.22199909253399075,Low Risk,0,Occasional
560,1,135.95,1,135.95,0,0.0,1.0,0.6975142073953924,High Risk,1,Churned
7,6,5309.42,0,884.9033333333333,676,135.2,1.0,0.054520585412537306,Low Risk,3,regular
109,7,2093.3,0,299.04285714285714,368,61.333333333333336,1.1666666666666667,0.21734186840617137,Low Risk,3,regular
619,1,167.4,1,167.4,0,0.0,1.0,0.6971992354580137,High Risk,1,Churned
628,1,181.66,1,181.66,0,0.0,1.0,0.697056360356335,High Risk,1,Churned
100,7,2939.55,0,419.9357142857143,537,89.5,1.0,0.10101279491723832,Low Risk,3,regular
60,18,14049.87,0,780.5483333333333,582,34.23529411764706,1.6363636363636365,0.056151801533523144,Low Risk,2,VIP Loyal
2,3,1479.22,0,493.0733333333333,37,18.5,1.0,0.6465037226650573,High Risk,3,regular
73,8,2776.67,0,347.08375,617,88.14285714285714,1.0,0.06457767719935668,Low Risk,3,regular
739,1,148.3,1,148.3,0,0.0,1.0,0.6973905441968656,High Risk,1,Churned
4,11,8095.8,0,735.9818181818182,731,73.1,1.2222222222222223,0.03133139521462433,Low Risk,2,VIP Loyal
85,4,2497.88,0,624.47,519,173.0,1.0,0.1411822684880071,Low Risk,3,regular
12,2,388.79,0,194.39499999999998,24,24.0,2.0,0.6791897276254704,High Risk,0,Occasional
23,13,4920.67,0,378.51307692307694,701,58.416666666666664,1.0833333333333333,0.033787292153492604,Low Risk,2,VIP Loyal
214,5,3484.09,1,696.818,369,92.25,1.0,0.23658718236331672,Low Risk,3,regular
381,1,409.98,1,409.98,0,0.0,1.0,0.6947635778339409,High Risk,1,Churned
478,1,52.05,1,52.05,0,0.0,1.0,0.6983535577210849,High Risk,1,Churned
18,1,161.67000000000002,0,161.67000000000002,0,0.0,1.0,0.6972566352634127,High Risk,1,Churned
239,2,421.48,1,210.73999999999998,141,141.0,1.0,0.5863811921934512,Medium Risk,0,Occasional
2,14,7451.13,0,532.2235714285714,616,47.38461538461539,1.2727272727272727,0.05170349455327264,Low Risk,2,VIP Loyal
78,4,1793.48,0,448.37,651,217.0,1.0,0.07957318867810571,Low Risk,3,regular
217,6,945.9300000000001,1,157.655,464,92.8,1.0,0.15067848572711712,Low Risk,0,Occasional
590,1,160.75,1,160.75,0,0.0,1.0,0.6972658507144046,High Risk,1,Churned
737,1,87.30000000000001,1,87.30000000000001,0,0.0,1.0,0.6980010716876517,High Risk,1,Churned
376,1,333.81,1,333.81,0,0.0,1.0,0.6955295561457879,High Risk,1,Churned
33,4,498.53,0,124.6325,573,191.0,1.3333333333333333,0.11417924765559552,Low Risk,0,Occasional
41,11,1894.34,0,172.21272727272728,568,56.8,1.375,0.07309603792975801,Low Risk,2,VIP Loyal
540,5,1529.49,1,305.898,193,48.25,1.25,0.43621112085222236,Medium Risk,3,regular
7,28,8371.98,0,298.9992857142857,731,27.074074074074073,1.3333333333333333,0.01828673525261212,Low Risk,2,VIP Loyal
53,18,5394.86,0,299.71444444444444,669,39.35294117647059,1.2,0.03408544253825066,Low Risk,2,VIP Loyal
23,14,4559.150000000001,0,325.65357142857147,282,21.692307692307693,1.5555555555555556,0.2580678805012049,Low Risk,2,VIP Loyal
57,1,390.07,0,390.07,0,0.0,1.0,0.6949639004276487,High Risk,1,Churned
130,6,733.2,0,122.19999999999999,355,71.0,1.2,0.23992015240728345,Low Risk,0,Occasional
174,4,1060.8,0,265.2,277,92.33333333333333,1.0,0.35269039445957145,Medium Risk,0,Occasional
559,1,395.33,1,395.33,0,0.0,1.0,0.6949109846017206,High Risk,1,Churned
6,11,4073.2400000000002,0,370.2945454545454,679,67.9,1.2222222222222223,0.041076699153845236,Low Risk,2,VIP Loyal
312,1,218.52,1,218.52,0,0.0,1.0,0.6966868727400017,High Risk,1,Churned
60,1,81.44,0,81.44,0,0.0,1.0,0.6980596855595032,High Risk,1,Churned
21,6,3175.12,0,529.1866666666666,410,82.0,1.5,0.19121964460275806,Low Risk,3,regular
598,2,1130.21,1,565.105,0,0.0,2.0,0.6926323015272058,High Risk,1,Churned
33,7,2383.67,0,340.5242857142857,692,115.33333333333333,1.0,0.0469559198863787,Low Risk,3,regular
15,4,1568.63,0,392.1575,704,234.66666666666666,1.0,0.06258370227627313,Low Risk,3,regular
18,8,6067.8,0,758.475,706,100.85714285714286,1.0,0.040912551167793514,Low Risk,3,regular
603,1,254.0,1,254.0,0,0.0,1.0,0.6963309781384793,High Risk,1,Churned
479,1,296.36,1,296.36,0,0.0,1.0,0.695905763059883,High Risk,1,Churned
81,1,75.75,0,75.75,0,0.0,1.0,0.6981165928511316,High Risk,1,Churned
6,10,2455.52,0,245.552,415,46.111111111111114,1.0,0.15848355307003711,Low Risk,2,VIP Loyal
170,2,503.59999999999997,0,251.8,62,62.0,1.0,0.6464125987960007,High Risk,0,Occasional
2,7,998.49,0,142.64142857142858,728,121.33333333333333,1.1666666666666667,0.03930332536942134,Low Risk,0,Occasional
31,7,2057.39,0,293.91285714285715,357,59.5,1.75,0.22966425137815022,Low Risk,2,VIP Loyal
36,9,2361.9700000000003,0,262.44111111111107,301,37.625,1.125,0.2674208007728196,Low Risk,2,VIP Loyal
424,3,1265.58,1,421.85999999999996,166,83.0,1.0,0.5067233106111932,Medium Risk,3,regular
19,1,285.56,0,285.56,0,0.0,1.0,0.6960142066744619,High Risk,1,Churned
31,2,547.0600000000001,0,273.53,83,83.0,1.0,0.6304995434237991,High Risk,0,Occasional
647,2,842.4,1,421.2,74,74.0,1.0,0.635851497921655,High Risk,3,regular
276,6,615.17,1,102.52833333333332,207,41.4,2.0,0.41094337102917655,Medium Risk,0,Occasional
87,6,3168.94,0,528.1566666666666,539,107.8,1.2,0.10672944193702065,Low Risk,3,regular
120,5,1824.49,0,364.898,614,153.5,1.0,0.08187017757573065,Low Risk,3,regular
373,2,541.25,1,270.625,132,132.0,1.0,0.5928370677103009,Medium Risk,0,Occasional
1,20,6028.6,0,301.43,660,34.73684210526316,1.25,0.033767844778018856,Low Risk,2,VIP Loyal
219,12,4149.79,1,345.81583333333333,504,45.81818181818182,1.0,0.0969951350225216,Low Risk,2,VIP Loyal
65,3,331.65999999999997,0,110.55333333333333,604,302.0,1.5,0.1280288505321273,Low Risk,0,Occasional
61,5,2216.37,0,443.274,324,81.0,1.25,0.28292377630259496,Low Risk,3,regular
138,3,1578.89,0,526.2966666666666,334,167.0,1.5,0.3272452069412523,Medium Risk,3,regular
21,1,166.08,0,166.08,0,0.0,1.0,0.6972124589955847,High Risk,1,Churned
12,16,5703.52,0,356.47,514,34.266666666666666,2.6666666666666665,0.08452349202061395,Low Risk,2,VIP Loyal
25,12,4867.72,0,405.6433333333334,255,23.181818181818183,1.7142857142857142,0.30116851622086094,Medium Risk,2,VIP Loyal
37,4,1207.56,0,301.89000000000004,83,27.666666666666668,1.3333333333333333,0.5868327682020733,Medium Risk,3,regular
277,1,117.55,1,117.55,0,0.0,1.0,0.697698397443432,High Risk,1,Churned
11,9,3652.48,0,405.8311111111111,406,50.75,1.125,0.17112162344079773,Low Risk,2,VIP Loyal
73,5,1674.69,0,334.938,55,13.75,2.5,0.6166508326484611,High Risk,3,regular
430,1,126.0,1,126.0,0,0.0,1.0,0.697613818058127,High Risk,1,Churned
26,2,595.42,0,297.71,185,185.0,1.0,0.5505387791710965,Medium Risk,3,regular
17,14,3834.79,0,273.9135714285714,368,28.307692307692307,1.75,0.17788737458976162,Low Risk,2,VIP Loyal
141,2,359.47,0,179.735,595,595.0,1.0,0.24586556350787855,Low Risk,0,Occasional
662,2,412.92,1,206.46,60,60.0,1.0,0.6483209541970018,High Risk,0,Occasional
26,17,5175.83,0,304.4605882352941,619,38.6875,1.3076923076923077,0.04605485759788634,Low Risk,2,VIP Loyal
19,4,1166.23,0,291.5575,601,200.33333333333334,1.0,0.09991639456256597,Low Risk,3,regular
493,1,563.1,1,563.1,0,0.0,1.0,0.6932205148538043,High Risk,1,Churned
4,5,2047.8,0,409.56,523,130.75,1.25,0.12484168480818737,Low Risk,3,regular
66,9,3950.7,0,438.96666666666664,588,73.5,1.125,0.07137553181836678,Low Risk,3,regular
1,2,347.75,0,173.875,36,36.0,1.0,0.6661414240783983,High Risk,0,Occasional
43,10,6142.35,0,614.235,574,63.77777777777778,1.1111111111111112,0.07354442315108793,Low Risk,2,VIP Loyal
228,1,205.7,1,205.7,0,0.0,1.0,0.6968154103147063,High Risk,1,Churned
16,5,2403.34,0,480.668,360,90.0,1.0,0.24594173106506587,Low Risk,3,regular
50,7,5778.63,0,825.5185714285715,631,105.16666666666667,1.1666666666666667,0.0637073263564647,Low Risk,3,regular
2,13,4233.58,0,325.65999999999997,628,52.333333333333336,1.1818181818181819,0.04980321670070005,Low Risk,2,VIP Loyal
74,2,851.7,0,425.85,294,294.0,1.0,0.4611645508341773,Medium Risk,3,regular
1,70,38259.6,0,546.5657142857143,728,10.55072463768116,2.8,0.006990193248895657,Low Risk,2,VIP Loyal
4,10,2765.84,0,276.584,615,68.33333333333333,1.25,0.05970481293753053,Low Risk,2,VIP Loyal
2,54,36692.91,0,679.4983333333334,721,13.60377358490566,2.25,0.010988820322483953,Low Risk,2,VIP Loyal
264,2,599.76,1,299.88,339,339.0,1.0,0.4264748887016107,Medium Risk,0,Occasional
53,7,3577.61,0,511.08714285714285,683,113.83333333333333,1.1666666666666667,0.04922230940734418,Low Risk,3,regular
24,3,497.45,0,165.8166666666667,487,243.5,1.0,0.19692384859472367,Low Risk,0,Occasional
597,5,731.2,1,146.24,96,24.0,1.6666666666666667,0.5627455374453549,Medium Risk,0,Occasional
10,11,4456.78,0,405.16181818181815,631,63.1,1.0,0.05259749236714879,Low Risk,2,VIP Loyal
386,3,819.01,1,273.00333333333333,168,84.0,1.0,0.5057965660555047,Medium Risk,3,regular
44,1,239.41,0,239.41,0,0.0,1.0,0.6964773567657147,High Risk,1,Churned
17,12,5943.17,0,495.26416666666665,649,59.0,1.0909090909090908,0.04626887645534495,Low Risk,2,VIP Loyal
7,9,8296.81,0,921.8677777777777,526,65.75,1.2857142857142858,0.09748936024808388,Low Risk,2,VIP Loyal
421,1,432.68,1,432.68,0,0.0,1.0,0.6945350939603461,High Risk,1,Churned
394,1,304.2,1,304.2,0,0.0,1.0,0.6958270273854854,High Risk,1,Churned
388,2,317.08,1,158.54000000000002,85,85.0,1.0,0.6300998907757239,High Risk,0,Occasional
30,20,7448.1,0,372.40500000000003,644,33.89473684210526,1.5384615384615385,0.037209437457601316,Low Risk,2,VIP Loyal
358,4,780.0500000000001,1,195.0125,188,62.666666666666664,1.3333333333333333,0.4597640651411561,Medium Risk,0,Occasional
127,12,2975.8,0,247.98333333333332,413,37.54545454545455,1.2,0.1509908560651823,Low Risk,2,VIP Loyal
137,1,200.47,0,200.47,0,0.0,1.0,0.6968678391923616,High Risk,1,Churned
142,3,1695.97,0,565.3233333333334,421,210.5,1.0,0.24538406550055522,Low Risk,3,regular
132,5,1746.04,0,349.20799999999997,549,137.25,1.0,0.11063439495890745,Low Risk,3,regular
38,27,7679.59,0,284.42925925925925,690,26.53846153846154,1.6875,0.023715616943798208,Low Risk,2,VIP Loyal
236,1,338.95,1,338.95,0,0.0,1.0,0.6954779014537142,High Risk,1,Churned
261,1,154.95,1,154.95,0,0.0,1.0,0.6973239444680448,High Risk,1,Churned
477,2,442.0,1,221.0,84,84.0,1.0,0.6302517906670242,High Risk,0,Occasional
17,14,6679.97,0,477.1407142857143,722,55.53846153846154,1.0769230769230769,0.02922113123949683,Low Risk,2,VIP Loyal
253,1,417.95,1,417.95,0,0.0,1.0,0.694683367758997,High Risk,1,Churned
30,6,3144.04,0,524.0066666666667,370,74.0,1.2,0.22465715306046116,Low Risk,3,regular
35,4,1094.84,0,273.71,382,127.33333333333333,1.0,0.24549061128882627,Low Risk,3,regular
169,2,885.19,0,442.595,71,71.0,1.0,0.6378945486075807,High Risk,3,regular
3,11,2083.9,0,189.44545454545457,573,57.3,1.1,0.0708862739238623,Low Risk,2,VIP Loyal
4,31,20749.98,0,669.3541935483871,685,24.464285714285715,2.0714285714285716,0.023267276552335008,Low Risk,2,VIP Loyal
185,8,609.3000000000001,1,76.16250000000001,547,78.14285714285714,1.0,0.09155697219948444,Low Risk,0,Occasional
188,4,887.9300000000001,1,221.98250000000002,235,78.33333333333333,1.0,0.4013525278630161,Medium Risk,0,Occasional
170,5,671.01,0,134.202,433,108.25,1.6666666666666667,0.18669985110831028,Low Risk,0,Occasional
424,1,293.5,1,293.5,0,0.0,1.0,0.695934482655847,High Risk,1,Churned
11,2,385.1,0,192.55,279,279.0,1.0,0.475673670575564,Medium Risk,0,Occasional
45,1,522.91,0,522.91,0,0.0,1.0,0.6936259494502606,High Risk,1,Churned
382,4,1198.09,1,299.52250000000004,166,55.333333333333336,1.0,0.48413725101787203,Medium Risk,3,regular
321,5,1410.18,1,282.036,192,48.0,1.25,0.4376072688658845,Medium Risk,0,Occasional
201,2,489.59999999999997,1,244.79999999999998,392,392.0,1.0,0.38563415958891517,Medium Risk,0,Occasional
23,24,15956.97,0,664.87375,714,31.043478260869566,1.6,0.02332330002677509,Low Risk,2,VIP Loyal
421,1,376.92,1,376.92,0,0.0,1.0,0.6950961674596541,High Risk,1,Churned
232,2,439.18,1,219.58999999999997,412,412.0,1.0,0.3706422249518994,Medium Risk,0,Occasional
38,15,5396.04,0,359.736,217,15.5,1.875,0.32835682490746476,Medium Risk,2,VIP Loyal
26,10,2768.91,0,276.89099999999996,552,61.333333333333336,1.0,0.08181982471762443,Low Risk,2,VIP Loyal
659,1,307.21000000000004,1,307.21000000000004,0,0.0,1.0,0.6957967954622891,High Risk,1,Churned
96,5,4430.36,0,886.0720000000001,279,69.75,1.0,0.32839654065115476,Medium Risk,3,regular
127,7,3378.4000000000005,0,482.6285714285715,248,41.333333333333336,1.4,0.34538389001433223,Medium Risk,3,regular
71,3,1033.0,0,344.3333333333333,67,33.5,1.5,0.618895721022029,High Risk,0,Occasional
16,11,3439.08,0,312.64363636363635,250,25.0,1.2222222222222223,0.31104305689419404,Medium Risk,2,VIP Loyal
395,7,1092.06,1,156.00857142857146,286,47.666666666666664,1.1666666666666667,0.30091040630798854,Medium Risk,0,Occasional
15,1,1060.25,0,1060.25,0,0.0,1.0,0.6881807029043239,High Risk,1,Churned
4,5,4238.76,0,847.7520000000001,449,112.25,1.0,0.17018459763727506,Low Risk,3,regular
596,1,438.65000000000003,1,438.65000000000003,0,0.0,1.0,0.6944749877982623,High Risk,1,Churned
3,20,7773.8,0,388.69,586,30.842105263157894,1.25,0.050549392199281395,Low Risk,2,VIP Loyal
79,6,1708.99,0,284.83166666666665,589,117.8,1.2,0.08452262592858105,Low Risk,3,regular
373,8,2470.39,1,308.79875000000004,115,16.428571428571427,1.6,0.5106816919181585,Medium Risk,3,regular
39,2,692.19,0,346.095,222,222.0,1.0,0.5202268367455224,Medium Risk,3,regular
54,6,1442.32,0,240.38666666666668,588,117.6,1.0,0.08465954680816731,Low Risk,0,Occasional
2,26,17244.93,0,663.2665384615385,495,19.8,1.5294117647058822,0.07217972996613091,Low Risk,2,VIP Loyal
9,3,377.44,0,125.81333333333333,104,52.0,1.0,0.5783062757453186,Medium Risk,0,Occasional
9,2,168.24,0,84.12,49,49.0,1.0,0.6575466635173742,High Risk,0,Occasional
19,13,4183.56,0,321.8123076923076,611,50.916666666666664,1.4444444444444444,0.05473075577522882,Low Risk,2,VIP Loyal
12,18,7730.59,0,429.4772222222222,720,42.35294117647059,1.2,0.02602258792884609,Low Risk,2,VIP Loyal
389,6,426.9,1,71.14999999999999,308,61.6,1.2,0.28784265286815913,Low Risk,0,Occasional
407,2,101.1,1,50.550000000000004,153,153.0,1.0,0.5785394154062675,Medium Risk,0,Occasional
113,11,2098.48,0,190.7709090909091,625,62.5,1.0,0.05412477342616199,Low Risk,0,Occasional
448,1,229.2,1,229.2,0,0.0,1.0,0.696579768025481,High Risk,1,Churned
4,7,2649.14,0,378.4485714285714,377,62.833333333333336,1.1666666666666667,0.20915082307844257,Low Risk,3,regular
478,2,600.34,1,300.17,78,78.0,1.0,0.6340098140427274,High Risk,0,Occasional
240,4,904.1800000000001,1,226.04500000000002,370,123.33333333333333,1.3333333333333333,0.25818284794696883,Low Risk,0,Occasional
113,1,71.4,0,71.4,0,0.0,1.0,0.6981600943194203,High Risk,1,Churned
527,1,358.15,1,358.15,0,0.0,1.0,0.6952849065150368,High Risk,1,Churned
178,3,1026.18,0,342.06,368,184.0,1.0,0.29370597631651624,Low Risk,3,regular
5,9,1797.57,0,199.73,158,19.75,1.2857142857142858,0.4432374233641895,Medium Risk,2,VIP Loyal
421,1,157.85999999999999,1,157.85999999999999,0,0.0,1.0,0.6972947982182105,High Risk,1,Churned
359,1,80.64,1,80.64,0,0.0,1.0,0.6980676869524518,High Risk,1,Churned
464,4,390.56,1,97.63999999999999,238,79.33333333333333,1.3333333333333333,0.4003948367800212,Medium Risk,0,Occasional
1,13,4577.53,0,352.11769230769227,727,60.583333333333336,1.1818181818181819,0.0294341944797512,Low Risk,2,VIP Loyal
376,3,733.7,1,244.5666666666667,18,9.0,3.0,0.6770626271642629,High Risk,0,Occasional
1,56,9422.45,0,168.25803571428574,693,12.6,2.3333333333333335,0.010655443805181129,Low Risk,2,VIP Loyal
19,12,5012.53,0,417.7108333333333,549,49.90909090909091,1.5,0.07818622922389322,Low Risk,2,VIP Loyal
17,5,1276.91,0,255.38199999999998,566,141.5,1.25,0.10305335135145303,Low Risk,3,regular
22,6,918.93,0,153.155,627,125.4,1.2,0.07048213102193852,Low Risk,0,Occasional
33,1,712.78,0,712.78,0,0.0,1.0,0.6917079245173836,High Risk,1,Churned
456,1,129.75,1,129.75,0,0.0,1.0,0.6975762785332154,High Risk,1,Churned
263,4,86.15,1,21.5375,395,131.66666666666666,2.0,0.2390383938297615,Low Risk,0,Occasional
51,5,1623.64,0,324.728,685,171.25,1.0,0.05844092771397397,Low Risk,3,regular
159,4,530.8,0,132.7,289,96.33333333333333,1.0,0.3402388753554724,Medium Risk,0,Occasional
381,2,299.61,1,149.805,0,0.0,2.0,0.6962842473589852,High Risk,1,Churned
15,2,413.05,0,206.52499999999998,394,394.0,1.0,0.38447523331617217,Medium Risk,0,Occasional
8,7,3509.51,0,501.35857142857145,729,121.5,1.1666666666666667,0.03894951680914145,Low Risk,3,regular
13,17,7103.08,0,417.82823529411763,676,42.25,1.3076923076923077,0.03410495658510783,Low Risk,2,VIP Loyal
199,5,1143.27,1,228.654,83,20.75,2.5,0.5828754605071313,Medium Risk,0,Occasional
57,4,387.41,0,96.85249999999999,532,177.33333333333334,1.0,0.13542929601034548,Low Risk,0,Occasional
11,3,384.77,0,128.25666666666666,381,190.5,1.5,0.28543840930266245,Low Risk,0,Occasional
514,2,585.27,1,292.635,175,175.0,1.0,0.5585948163201557,Medium Risk,0,Occasional
97,9,3328.05,0,369.78333333333336,572,71.5,1.0,0.07715936843885307,Low Risk,3,regular
255,1,56.4,1,56.4,0,0.0,1.0,0.6983100720864654,High Risk,1,Churned
387,2,338.56,1,169.28,336,336.0,1.0,0.43018046482878347,Medium Risk,0,Occasional
25,3,665.86,0,221.95333333333335,75,37.5,1.0,0.6088916778285755,High Risk,0,Occasional
662,1,197.70000000000002,1,197.70000000000002,0,0.0,1.0,0.6968956053755664,High Risk,1,Churned
21,3,658.57,0,219.5233333333333,122,61.0,1.0,0.5576590025575766,Medium Risk,0,Occasional
667,3,352.91,1,117.63666666666666,17,8.5,1.5,0.6720440118759927,High Risk,0,Occasional
159,2,188.02,0,94.00999999999999,93,93.0,1.0,0.6246651723506575,High Risk,0,Occasional
383,2,679.02,1,339.51,0,0.0,2.0,0.6946191074058109,High Risk,1,Churned
72,3,379.91,0,126.63666666666666,440,220.0,1.0,0.23269266478738163,Low Risk,0,Occasional
550,1,112.86,1,112.86,0,0.0,1.0,0.6977453357184359,High Risk,1,Churned
53,3,403.38,0,134.46,512,256.0,1.0,0.17993388188775739,Low Risk,0,Occasional
85,2,278.74,0,139.37,231,231.0,1.0,0.5150844468039126,Medium Risk,0,Occasional
153,4,2601.4700000000003,0,650.3675,218,72.66666666666667,1.0,0.4184831620142684,Medium Risk,3,regular
74,2,1117.9,0,558.95,55,55.0,1.0,0.6486841438146678,High Risk,3,regular
281,2,397.15,1,198.575,379,379.0,1.0,0.3961191534713289,Medium Risk,0,Occasional
27,20,2783.61,0,139.1805,517,27.210526315789473,1.6666666666666667,0.07218166523151921,Low Risk,2,VIP Loyal
30,1,106.1,0,106.1,0,0.0,1.0,0.6978129836177774,High Risk,1,Churned
467,2,370.05,1,185.025,11,11.0,2.0,0.6883813541580859,High Risk,1,Churned
25,1,323.04,0,323.04,0,0.0,1.0,0.6956377738321474,High Risk,1,Churned
687,2,147.3,1,73.65,1,1.0,2.0,0.6962664370011751,High Risk,1,Churned
180,2,350.39,0,175.195,85,85.0,1.0,0.6299390015012881,High Risk,0,Occasional
40,7,1361.99,0,194.57,381,63.5,1.4,0.20680354322679004,Low Risk,0,Occasional
22,8,1985.87,0,248.23375000000001,701,100.14285714285714,1.1428571428571428,0.042215108394424224,Low Risk,3,regular
582,1,183.09,1,183.09,0,0.0,1.0,0.6970420306663386,High Risk,1,Churned
22,20,6341.89,0,317.0945,703,37.0,1.3333333333333333,0.02679682736487649,Low Risk,2,VIP Loyal
37,9,1199.01,0,133.22333333333333,296,37.0,1.125,0.27275598133369394,Low Risk,0,Occasional
451,3,798.3299999999999,1,266.10999999999996,240,120.0,1.0,0.4255775569541122,Medium Risk,3,regular
82,10,5053.12,0,505.312,644,71.55555555555556,1.25,0.051479978047734104,Low Risk,2,VIP Loyal
392,1,184.66,1,184.66,0,0.0,1.0,0.6970262976283119,High Risk,1,Churned
376,3,385.23,1,128.41,362,181.0,1.0,0.3009166875941648,Medium Risk,0,Occasional
74,2,927.03,0,463.515,536,536.0,1.0,0.2806239474537739,Low Risk,3,regular
11,1,546.04,0,546.04,0,0.0,1.0,0.6933926517680171,High Risk,1,Churned
395,3,437.87,1,145.95666666666668,309,154.5,1.0,0.35307791850658077,Medium Risk,0,Occasional
549,4,262.64,1,65.66,32,10.666666666666666,2.0,0.6507400179574288,High Risk,0,Occasional
16,20,11337.39,0,566.8695,720,37.89473684210526,1.4285714285714286,0.024868117854380346,Low Risk,2,VIP Loyal
669,2,374.81,1,187.405,15,15.0,1.0,0.6809780329930303,High Risk,0,Occasional
4,47,9609.8,0,204.46382978723403,441,9.58695652173913,3.357142857142857,0.0559880221134387,Low Risk,2,VIP Loyal
13,7,1165.8899999999999,0,166.55571428571426,517,86.16666666666667,1.4,0.1122314997029798,Low Risk,0,Occasional
14,5,1770.8799999999999,0,354.17600000000004,57,14.25,1.6666666666666667,0.6099208748661032,High Risk,3,regular
375,2,1617.32,1,808.6600000000001,47,47.0,1.0,0.6522250112128984,High Risk,3,regular
393,1,591.96,1,591.96,0,0.0,1.0,0.6929291922834523,High Risk,1,Churned
37,6,112.32,0,18.720000000000002,687,137.4,1.0,0.052366744865410694,Low Risk,0,Occasional
4,6,807.85,0,134.64166666666668,417,83.4,1.5,0.1866496715255961,Low Risk,0,Occasional
738,1,130.18,1,130.18,0,0.0,1.0,0.6975719738323186,High Risk,1,Churned
72,12,6612.5199999999995,0,551.0433333333334,654,59.45454545454545,1.2,0.04521202222848605,Low Risk,2,VIP Loyal
374,1,183.56,1,183.56,0,0.0,1.0,0.6970373208244148,High Risk,1,Churned
406,1,334.62,1,334.62,0,0.0,1.0,0.6955214163364888,High Risk,1,Churned
420,5,2188.5,1,437.7,140,35.0,2.5,0.5095152584255391,Medium Risk,3,regular
421,2,494.25,1,247.125,0,0.0,2.0,0.6954306580720631,High Risk,1,Churned
51,1,298.4,0,298.4,0,0.0,1.0,0.6958852768204887,High Risk,1,Churned
599,4,731.96,1,182.99,126,42.0,2.0,0.5392946416597156,Medium Risk,0,Occasional
374,1,134.59,1,134.59,0,0.0,1.0,0.6975278236175586,High Risk,1,Churned
5,6,2388.05,0,398.00833333333327,616,123.2,1.5,0.07449946416736436,Low Risk,3,regular
23,4,1820.09,0,455.0225,162,54.0,1.3333333333333333,0.48966687057176783,Medium Risk,3,regular
299,5,4756.74,1,951.348,356,89.0,1.25,0.24868815238855627,Low Risk,3,regular
2,3,398.7,0,132.9,287,143.5,1.0,0.37606756955547216,Medium Risk,0,Occasional
33,1,35.400000000000006,0,35.400000000000006,0,0.0,1.0,0.6985199698334885,High Risk,1,Churned
50,1,155.37,0,155.37,0,0.0,1.0,0.6973197378908855,High Risk,1,Churned
723,1,342.36,1,342.36,0,0.0,1.0,0.6954436297667885,High Risk,1,Churned
415,2,730.47,1,365.235,30,30.0,1.0,0.6686965865129304,High Risk,3,regular
3,3,350.64,0,116.88,20,10.0,1.5,0.6690736571178234,High Risk,0,Occasional
47,1,110.21000000000001,0,110.21000000000001,0,0.0,1.0,0.6977718555184553,High Risk,1,Churned
42,8,1593.38,0,199.1725,120,17.142857142857142,2.0,0.506223389193613,Medium Risk,0,Occasional
27,13,6722.900000000001,0,517.1461538461539,604,50.333333333333336,1.4444444444444444,0.057028082728152206,Low Risk,2,VIP Loyal
42,1,338.8,0,338.8,0,0.0,1.0,0.6954794089561448,High Risk,1,Churned
444,1,185.72,1,185.72,0,0.0,1.0,0.6970156750611834,High Risk,1,Churned
2,211,70884.07,0,335.94345971563985,735,3.5,8.44,0.00019622101990868178,Low Risk,2,VIP Loyal
602,1,430.69,1,430.69,0,0.0,1.0,0.6945551278756291,High Risk,1,Churned
303,2,326.23,1,163.115,108,108.0,1.0,0.6125227340786776,High Risk,0,Occasional
107,1,51.559999999999995,0,51.559999999999995,0,0.0,1.0,0.6983584558797806,High Risk,1,Churned
555,4,598.19,1,149.5475,21,7.0,2.0,0.6623561698631178,High Risk,0,Occasional
85,1,2033.1,0,2033.1,0,0.0,1.0,0.6781892619860364,High Risk,1,Churned
516,2,129.69,1,64.845,129,129.0,1.0,0.5972344645724504,Medium Risk,0,Occasional
81,30,3650.9,0,121.69666666666667,652,22.482758620689655,1.5789473684210527,0.026357349376405766,Low Risk,2,VIP Loyal
218,8,1063.76,1,132.97,416,59.42857142857143,1.1428571428571428,0.16984864573611733,Low Risk,0,Occasional
372,155,56600.08,1,365.1618064516129,362,2.4133333333333336,18.875,0.008712149784687123,Low Risk,2,VIP Loyal
422,6,1563.34,1,260.5566666666667,313,62.6,1.5,0.2831240217441568,Low Risk,0,Occasional
12,5,663.21,0,132.642,719,179.75,1.6666666666666667,0.05045877162828156,Low Risk,0,Occasional
407,3,1608.19,1,536.0633333333334,329,164.5,1.0,0.3297803105632757,Medium Risk,3,regular
185,6,1071.45,1,178.57500000000002,546,109.2,1.2,0.10384641960204975,Low Risk,0,Occasional
373,1,417.94,1,417.94,0,0.0,1.0,0.6946834684063926,High Risk,1,Churned
2,4,1418.03,0,354.5075,279,93.0,1.3333333333333333,0.35146637776070117,Medium Risk,3,regular
4,24,28682.24,0,1195.0933333333332,637,27.695652173913043,2.0,0.037530708263198785,Low Risk,2,VIP Loyal
6,30,12797.65,0,426.5883333333333,727,25.06896551724138,1.6666666666666667,0.01811180363937129,Low Risk,2,VIP Loyal
305,1,148.21,1,148.21,0,0.0,1.0,0.6973914454896822,High Risk,1,Churned
369,4,1015.54,1,253.885,359,119.66666666666667,1.3333333333333333,0.2684958424020642,Low Risk,0,Occasional
3,18,5127.69,0,284.87166666666667,726,42.705882352941174,1.5,0.025147359801832126,Low Risk,2,VIP Loyal
324,4,1279.09,1,319.77250000000004,239,79.66666666666667,1.3333333333333333,0.39765065706184644,Medium Risk,0,Occasional
59,12,5745.2,0,478.76666666666665,593,53.90909090909091,1.0,0.061840981647742765,Low Risk,2,VIP Loyal
13,5,924.32,0,184.864,414,103.5,1.0,0.19945091205937382,Low Risk,3,regular
31,46,26374.39,0,573.356304347826,708,15.733333333333333,2.090909090909091,0.013909296700175532,Low Risk,2,VIP Loyal
143,3,1134.95,0,378.31666666666666,582,291.0,1.0,0.13707453692898322,Low Risk,3,regular
30,15,1621.2800000000002,0,108.08533333333334,707,50.5,1.3636363636363635,0.030425706202919657,Low Risk,2,VIP Loyal
386,1,234.65,1,234.65,0,0.0,1.0,0.6965251043046976,High Risk,1,Churned
107,7,1036.16,0,148.02285714285713,440,73.33333333333333,1.1666666666666667,0.15937503474705395,Low Risk,0,Occasional
2,13,3108.15,0,239.0884615384615,379,31.583333333333332,1.625,0.17313752519569764,Low Risk,2,VIP Loyal
205,5,1118.99,1,223.798,488,122.0,1.0,0.14563597365652475,Low Risk,0,Occasional
382,1,235.87,1,235.87,0,0.0,1.0,0.6965128668940487,High Risk,1,Churned
80,18,6515.88,0,361.99333333333334,643,37.8235294117647,1.2857142857142858,0.03941029903094663,Low Risk,2,VIP Loyal
185,6,683.46,1,113.91000000000001,70,14.0,2.0,0.5885082119111039,Medium Risk,0,Occasional
688,1,167.1,1,167.1,0,0.0,1.0,0.6972022408361482,High Risk,1,Churned
400,3,3424.02,1,1141.34,275,137.5,1.0,0.380338137742944,Medium Risk,3,regular
170,1,237.61,0,237.61,0,0.0,1.0,0.6964954130561188,High Risk,1,Churned
44,3,1412.33,0,470.77666666666664,351,175.5,1.5,0.31108529422233966,Medium Risk,3,regular
174,1,178.51999999999998,0,178.51999999999998,0,0.0,1.0,0.6970878242051186,High Risk,1,Churned
365,3,824.9200000000001,1,274.97333333333336,365,182.5,1.0,0.2970046493745663,Low Risk,0,Occasional
304,1,133.35000000000002,1,133.35000000000002,0,0.0,1.0,0.6975402381058049,High Risk,1,Churned
379,2,313.46,1,156.73,0,0.0,2.0,0.6962235530828377,High Risk,1,Churned
3,7,995.85,0,142.2642857142857,648,108.0,1.1666666666666667,0.05894670645313355,Low Risk,0,Occasional
4,20,3072.89,0,153.6445,731,38.473684210526315,1.8181818181818181,0.022977297960461503,Low Risk,2,VIP Loyal
12,1,190.19,0,190.19,0,0.0,1.0,0.696970877580177,High Risk,1,Churned
32,6,1608.38,0,268.06333333333333,557,111.4,1.0,0.09808750204582792,Low Risk,3,regular
129,1,111.35,0,111.35,0,0.0,1.0,0.6977604471623731,High Risk,1,Churned
21,25,1820.44,0,72.8176,696,29.0,1.4705882352941178,0.02366466678643928,Low Risk,2,VIP Loyal
212,7,774.87,1,110.69571428571429,406,67.66666666666667,1.75,0.18708960315716577,Low Risk,0,Occasional
323,2,602.09,1,301.04499999999996,38,38.0,1.0,0.6635229800490025,High Risk,0,Occasional
162,1,203.85999999999999,0,203.85999999999999,0,0.0,1.0,0.6968338562400547,High Risk,1,Churned
56,3,244.1,0,81.36666666666666,99,49.5,1.5,0.5867316626988461,Medium Risk,0,Occasional
225,1,112.25,1,112.25,0,0.0,1.0,0.6977514403930405,High Risk,1,Churned
72,18,2453.38,0,136.29888888888888,397,23.352941176470587,2.5714285714285716,0.14156814002015602,Low Risk,2,VIP Loyal
44,1,98.0,0,98.0,0,0.0,1.0,0.6978940297059307,High Risk,1,Churned
23,1,256.32,0,256.32,0,0.0,1.0,0.6963076983625549,High Risk,1,Churned
173,9,2585.0,0,287.22222222222223,403,50.375,1.5,0.17457783219562098,Low Risk,3,regular
85,4,299.18,0,74.795,481,160.33333333333334,1.0,0.1675859085634774,Low Risk,0,Occasional
159,1,155.8,0,155.8,0,0.0,1.0,0.69731543112285,High Risk,1,Churned
190,2,112.19999999999999,1,56.099999999999994,0,0.0,2.0,0.6971048535717532,High Risk,1,Churned
29,3,260.08,0,86.69333333333333,492,246.0,1.5,0.1954989485777979,Low Risk,0,Occasional
547,1,216.39999999999998,1,216.39999999999998,0,0.0,1.0,0.6967081306869503,High Risk,1,Churned
394,1,381.09000000000003,1,381.09000000000003,0,0.0,1.0,0.6950542277118431,High Risk,1,Churned
21,1,191.67,0,191.67,0,0.0,1.0,0.6969560444796431,High Risk,1,Churned
71,13,2383.52,0,183.3476923076923,608,50.666666666666664,1.4444444444444444,0.05541682772923714,Low Risk,2,VIP Loyal
247,1,72.9,1,72.9,0,0.0,1.0,0.6981450942150783,High Risk,1,Churned
641,1,291.76,1,291.76,0,0.0,1.0,0.6959519546697562,High Risk,1,Churned
374,5,1411.54,1,282.308,351,87.75,1.0,0.25546311709671393,Low Risk,3,regular
737,1,132.55,1,132.55,0,0.0,1.0,0.6975482472999022,High Risk,1,Churned
726,1,261.7,1,261.7,0,0.0,1.0,0.696253709492705,High Risk,1,Churned
9,1,366.23,0,366.23,0,0.0,1.0,0.6952036672733714,High Risk,1,Churned
310,6,375.5,1,62.583333333333336,65,13.0,2.0,0.5950548109108571,Medium Risk,0,Occasional
59,14,3479.64,0,248.54571428571427,677,52.07692307692308,1.1666666666666667,0.037019095127482145,Low Risk,2,VIP Loyal
4,1,336.43,0,336.43,0,0.0,1.0,0.695503226937759,High Risk,1,Churned
551,1,242.13,1,242.13,0,0.0,1.0,0.6964500705548019,High Risk,1,Churned
629,2,43.87,1,21.935000000000002,104,104.0,1.0,0.616978009804648,High Risk,0,Occasional
45,3,341.28,0,113.75999999999999,317,158.5,1.0,0.34517330294342563,Medium Risk,0,Occasional
501,3,396.39,1,132.13,4,2.0,3.0,0.6915045806902146,High Risk,1,Churned
88,2,1840.32,0,920.16,350,350.0,1.0,0.41154121936811056,Medium Risk,3,regular
4,54,24516.46,0,454.0085185185185,729,13.754716981132075,2.7,0.009981830963157749,Low Risk,2,VIP Loyal
64,10,2423.5,0,242.35,447,49.666666666666664,1.25,0.13715702437036625,Low Risk,2,VIP Loyal
543,1,170.4,1,170.4,0,0.0,1.0,0.6971691807486169,High Risk,1,Churned
282,3,497.0,1,165.66666666666666,262,131.0,1.5,0.40503148435551084,Medium Risk,0,Occasional
12,8,3536.7000000000003,0,442.08750000000003,402,57.42857142857143,1.6,0.181937274183669,Low Risk,2,VIP Loyal
373,1,488.16,1,488.16,0,0.0,1.0,0.6939762643387342,High Risk,1,Churned
133,5,1035.49,0,207.098,446,111.5,1.25,0.17527938225861278,Low Risk,0,Occasional
722,1,294.0,1,294.0,0,0.0,1.0,0.6959294618576266,High Risk,1,Churned
45,3,341.24,0,113.74666666666667,525,262.5,1.0,0.17158376993320862,Low Risk,0,Occasional
11,12,3082.1,0,256.84166666666664,719,71.9,1.1,0.032301241100893795,Low Risk,2,VIP Loyal
36,13,4275.22,0,328.86307692307696,609,50.75,1.1818181818181819,0.055024524508931784,Low Risk,2,VIP Loyal
134,14,3437.29,0,245.5207142857143,527,40.53846153846154,1.4,0.08155867763499494,Low Risk,2,VIP Loyal
29,3,1331.57,0,443.8566666666666,182,91.0,1.0,0.48856700211989257,Medium Risk,3,regular
632,1,114.69,1,114.69,0,0.0,1.0,0.6977270212753057,High Risk,1,Churned
52,3,1049.15,0,349.7166666666667,354,177.0,1.5,0.3091206040983321,Medium Risk,3,regular
138,7,686.14,0,98.02,596,99.33333333333333,1.4,0.07670222070105308,Low Risk,0,Occasional
5,1,389.84,0,389.84,0,0.0,1.0,0.6949662141200178,High Risk,1,Churned
9,7,4301.22,0,614.46,353,58.833333333333336,1.1666666666666667,0.23059646182662114,Low Risk,3,regular
420,1,144.29,1,144.29,0,0.0,1.0,0.6974307003244611,High Risk,1,Churned
160,1,99.14,0,99.14,0,0.0,1.0,0.6978826239648399,High Risk,1,Churned
49,16,30393.19,0,1899.5743750000001,687,45.8,1.3333333333333333,0.0352539990373403,Low Risk,2,VIP Loyal
131,4,1433.28,0,358.32,571,190.33333333333334,1.0,0.1137614353379196,Low Risk,3,regular
8,1,77.50000000000001,0,77.50000000000001,0,0.0,1.0,0.6980990912567536,High Risk,1,Churned
423,1,75.41,1,75.41,0,0.0,1.0,0.698119993094087,High Risk,1,Churned
697,3,360.35,1,120.11666666666667,0,0.0,3.0,0.6954136667316769,High Risk,1,Churned
233,2,149.57999999999998,1,74.78999999999999,26,26.0,1.0,0.6742111521002251,High Risk,0,Occasional
37,1,176.68,0,176.68,0,0.0,1.0,0.697106260761004,High Risk,1,Churned
147,1,358.56000000000006,0,358.56000000000006,0,0.0,1.0,0.6952807845197347,High Risk,1,Churned
1,118,118628.08,0,1005.3227118644068,736,6.4,4.64,0.002943226926636795,Low Risk,2,VIP Loyal
72,7,1432.81,0,204.68714285714285,631,105.16666666666667,1.1666666666666667,0.06413046870077924,Low Risk,0,Occasional
40,4,1636.0800000000002,0,409.02,364,121.33333333333333,1.3333333333333333,0.262818363918957,Low Risk,3,regular
378,4,819.61,1,204.9025,163,54.333333333333336,2.0,0.4938173400986586,Medium Risk,0,Occasional
540,1,160.82,1,160.82,0,0.0,1.0,0.6972651495443647,High Risk,1,Churned
5,19,3966.05,0,208.73947368421054,725,40.27777777777778,1.3571428571428572,0.024337253640178386,Low Risk,2,VIP Loyal
199,6,949.9,1,158.31666666666666,466,93.2,3.0,0.1548158872247143,Low Risk,0,Occasional
249,1,12.75,1,12.75,0,0.0,1.0,0.6987462664715881,High Risk,1,Churned
66,1,111.68,0,111.68,0,0.0,1.0,0.6977571446979492,High Risk,1,Churned
117,2,973.88,0,486.93999999999994,611,611.0,1.0,0.23408946517325116,Low Risk,3,regular
592,1,140.75,1,140.75,0,0.0,1.0,0.6974661473661365,High Risk,1,Churned
171,3,135.08,0,45.02666666666667,470,235.0,1.0,0.20998660561103,Low Risk,0,Occasional
21,100,2995.54,0,29.9554,717,7.242424242424242,4.3478260869565215,0.002809955168076822,Low Risk,2,VIP Loyal
142,4,687.42,0,171.855,552,184.0,1.3333333333333333,0.1248732465919737,Low Risk,0,Occasional
471,4,651.51,1,162.8775,217,72.33333333333333,1.0,0.42317517972517177,Medium Risk,0,Occasional
32,2,733.46,0,366.73,340,340.0,1.0,0.4250053478690078,Medium Risk,3,regular
38,29,7240.9800000000005,0,249.68896551724137,687,24.535714285714285,1.5263157894736843,0.02266066399179133,Low Risk,2,VIP Loyal
38,10,1974.42,0,197.442,652,72.44444444444444,1.4285714285714286,0.04946911371257554,Low Risk,2,VIP Loyal
372,2,357.28999999999996,1,178.64499999999998,44,44.0,1.0,0.6603074105518737,High Risk,0,Occasional
374,4,888.04,1,222.01,138,46.0,1.3333333333333333,0.5208144150186873,Medium Risk,0,Occasional
166,20,2369.94,0,118.497,566,29.789473684210527,2.0,0.05610225866482106,Low Risk,2,VIP Loyal
211,1,582.59,1,582.59,0,0.0,1.0,0.6930237931112785,High Risk,1,Churned
548,1,161.94,1,161.94,0,0.0,1.0,0.6972539306987564,High Risk,1,Churned
242,1,136.04,1,136.04,0,0.0,1.0,0.6975133063096205,High Risk,1,Churned
52,1,337.04,0,337.04,0,0.0,1.0,0.6954970966712741,High Risk,1,Churned
25,6,1858.06,0,309.6766666666667,382,76.4,1.2,0.2145192420944326,Low Risk,3,regular
15,24,7028.83,0,292.86791666666664,475,20.652173913043477,1.7142857142857142,0.08167592079689223,Low Risk,2,VIP Loyal
372,1,706.38,1,706.38,0,0.0,1.0,0.6917726842453856,High Risk,1,Churned
29,2,1565.6299999999999,0,782.815,370,370.0,1.0,0.39730387358663166,Medium Risk,3,regular
365,4,1461.76,1,365.43999999999994,366,122.0,1.0,0.2598050078120857,Low Risk,3,regular
36,4,757.71,0,189.4275,224,74.66666666666667,1.3333333333333333,0.4163413386497419,Medium Risk,0,Occasional
166,4,1033.42,0,258.355,227,75.66666666666667,1.0,0.4105626087215767,Medium Risk,3,regular
411,1,239.12,1,239.12,0,0.0,1.0,0.696480265875681,High Risk,1,Churned
681,1,138.18,1,138.18,0,0.0,1.0,0.6974918800445653,High Risk,1,Churned
395,1,171.71,1,171.71,0,0.0,1.0,0.697156056329593,High Risk,1,Churned
145,5,1191.27,0,238.254,593,148.25,1.25,0.09099975327659837,Low Risk,3,regular
22,1,634.95,0,634.95,0,0.0,1.0,0.6924949512461052,High Risk,1,Churned
56,1,20.8,0,20.8,0,0.0,1.0,0.6986658498166558,High Risk,1,Churned
185,5,1003.64,1,200.728,365,91.25,1.6666666666666667,0.24503926299719972,Low Risk,0,Occasional
12,14,489.54,0,34.96714285714285,720,55.38461538461539,2.0,0.02971105071397034,Low Risk,0,Occasional
379,1,228.82999999999998,1,228.82999999999998,0,0.0,1.0,0.6965834789390114,High Risk,1,Churned
237,6,1527.6100000000001,1,254.6016666666667,495,99.0,1.2,0.13133432167093811,Low Risk,0,Occasional
225,3,320.55,1,106.85000000000001,366,183.0,1.5,0.2995335665907084,Low Risk,0,Occasional
389,1,254.13,1,254.13,0,0.0,1.0,0.6963296736948908,High Risk,1,Churned
617,1,235.19,1,235.19,0,0.0,1.0,0.6965196877802339,High Risk,1,Churned
122,11,2313.32,0,210.30181818181816,499,49.9,1.1,0.10279757235599404,Low Risk,2,VIP Loyal
282,3,495.48,1,165.16,105,52.5,1.5,0.5794596688259669,Medium Risk,0,Occasional
380,3,482.33,1,160.77666666666667,166,83.0,1.5,0.5116884104212469,Medium Risk,0,Occasional
74,8,1970.6699999999998,0,246.33374999999998,89,12.714285714285714,2.6666666666666665,0.551246795768536,Medium Risk,2,VIP Loyal
380,3,639.24,1,213.08,358,179.0,1.5,0.30632514425163576,Medium Risk,0,Occasional
37,3,730.9,0,243.63333333333333,341,170.5,1.0,0.32023133527155234,Medium Risk,0,Occasional
564,1,124.25,1,124.25,0,0.0,1.0,0.6976313355996105,High Risk,1,Churned
12,6,953.84,0,158.97333333333333,725,145.0,1.2,0.043394363273462216,Low Risk,0,Occasional
376,4,249.92,1,62.48,355,118.33333333333333,1.0,0.2720825488170338,Low Risk,0,Occasional
376,1,358.61,1,358.61,0,0.0,1.0,0.695280281835238,High Risk,1,Churned
362,1,169.47,1,169.47,0,0.0,1.0,0.6971784978889892,High Risk,1,Churned
4,2,249.72,0,124.86,43,43.0,1.0,0.6615331059314532,High Risk,0,Occasional
23,4,997.86,0,249.46499999999997,699,233.0,1.0,0.06429099375926256,Low Risk,0,Occasional
393,1,220.32,1,220.32,0,0.0,1.0,0.696668822879381,High Risk,1,Churned
70,23,19787.13,0,860.3100000000001,632,28.727272727272727,1.7692307692307692,0.03819088546993615,Low Risk,2,VIP Loyal
235,8,2155.83,1,269.47875,417,59.57142857142857,1.3333333333333333,0.16955634453157406,Low Risk,0,Occasional
257,1,174.8,1,174.8,0,0.0,1.0,0.6971250974561605,High Risk,1,Churned
373,2,527.03,1,263.515,194,194.0,1.0,0.5436640577911854,Medium Risk,0,Occasional
723,1,115.3,1,115.3,0,0.0,1.0,0.6977209163211614,High Risk,1,Churned
155,2,187.29,0,93.64500000000001,0,0.0,2.0,0.69677620990734,High Risk,1,Churned
28,1,166.42,0,166.42,0,0.0,1.0,0.6972090529641137,High Risk,1,Churned
4,1,120.03,0,120.03,0,0.0,1.0,0.6976735755345577,High Risk,1,Churned
32,7,1960.46,0,280.0657142857143,648,108.0,1.0,0.05866396272928291,Low Risk,3,regular
81,4,688.0,0,172.0,350,116.66666666666667,1.0,0.27632489767746543,Low Risk,0,Occasional
108,4,297.99,0,74.4975,312,104.0,1.0,0.31574449702124885,Medium Risk,0,Occasional
52,1,38.45,0,38.45,0,0.0,1.0,0.6984894898371178,High Risk,1,Churned
544,1,190.48000000000002,1,190.48000000000002,0,0.0,1.0,0.6969679711265887,High Risk,1,Churned
510,2,227.06,1,113.53,2,2.0,2.0,0.6952306667238742,High Risk,1,Churned
36,5,1651.79,0,330.358,510,127.5,1.25,0.1325046674176623,Low Risk,3,regular
153,2,389.78,0,194.89,0,0.0,2.0,0.6958889765437681,High Risk,1,Churned
380,6,1177.72,1,196.28666666666666,239,47.8,1.5,0.368178620322069,Medium Risk,0,Occasional
501,2,2074.07,1,1037.035,4,4.0,2.0,0.6856661481511422,High Risk,3,regular
99,1,115.31,0,115.31,0,0.0,1.0,0.6977208162393638,High Risk,1,Churned
583,1,192.05,1,192.05,0,0.0,1.0,0.6969522359146492,High Risk,1,Churned
642,1,433.77,1,433.77,0,0.0,1.0,0.694524120297756,High Risk,1,Churned
4,2,230.64999999999998,0,115.32499999999999,38,38.0,1.0,0.6652391933410932,High Risk,0,Occasional
379,1,462.09999999999997,1,462.09999999999997,0,0.0,1.0,0.6942388283132375,High Risk,1,Churned
334,1,73.5,1,73.5,0,0.0,1.0,0.698139094054865,High Risk,1,Churned
65,1,97.97,0,97.97,0,0.0,1.0,0.6978943298537144,High Risk,1,Churned
22,3,793.7,0,264.56666666666666,353,176.5,1.5,0.3107263537192649,Medium Risk,3,regular
36,5,1276.74,0,255.348,349,87.25,1.6666666666666667,0.2602508252782257,Low Risk,3,regular
32,11,1563.6399999999999,0,142.1490909090909,689,68.9,1.2222222222222223,0.03885938613430233,Low Risk,0,Occasional
154,15,167.42,0,11.161333333333333,583,41.642857142857146,1.5,0.05883272018155372,Low Risk,0,Occasional
556,1,149.41,1,149.41,0,0.0,1.0,0.6973794281271833,High Risk,1,Churned
374,4,579.17,1,144.7925,266,88.66666666666667,1.0,0.36593283824037437,Medium Risk,0,Occasional
19,2,357.20000000000005,0,178.6,226,226.0,1.0,0.5187241891671353,Medium Risk,0,Occasional
12,38,8752.38,0,230.32578947368418,683,18.45945945945946,1.9,0.01826975099122407,Low Risk,2,VIP Loyal
54,2,281.15,0,140.575,488,488.0,1.0,0.31594918645474346,Medium Risk,0,Occasional
25,3,875.97,0,291.98999999999995,342,171.0,1.0,0.31888225843284684,Medium Risk,3,regular
4,18,3505.61,0,194.75611111111112,555,32.64705882352941,1.3846153846153846,0.062487912624169716,Low Risk,2,VIP Loyal
45,1,189.4,0,189.4,0,0.0,1.0,0.696978795080716,High Risk,1,Churned
650,1,189.63,1,189.63,0,0.0,1.0,0.696976489997688,High Risk,1,Churned
381,2,342.69,1,171.345,0,0.0,2.0,0.696095437238423,High Risk,1,Churned
203,3,401.73,1,133.91,290,145.0,1.5,0.3753891791977642,Medium Risk,0,Occasional
437,2,556.52,1,278.26,153,153.0,1.0,0.5762366992366521,Medium Risk,0,Occasional
359,2,412.06,1,206.03000000000003,33,33.0,1.0,0.6680043506929078,High Risk,0,Occasional
634,7,2282.28,1,326.03999999999996,96,16.0,1.75,0.5446763898183067,Medium Risk,3,regular
565,1,10877.18,1,10877.18,0,0.0,1.0,0.580733005825652,Medium Risk,3,regular
71,3,571.07,0,190.35666666666665,456,228.0,1.0,0.21972287317747063,Low Risk,0,Occasional
393,1,176.5,1,176.5,0,0.0,1.0,0.6971080643030483,High Risk,1,Churned
7,14,11195.57,0,799.6835714285714,406,31.23076923076923,1.5555555555555556,0.1506394431415659,Low Risk,2,VIP Loyal
288,2,554.6,1,277.29999999999995,330,330.0,1.0,0.43385256663525346,Medium Risk,0,Occasional
393,3,1203.56,1,401.18666666666667,297,148.5,1.0,0.36338806176513644,Medium Risk,3,regular
10,3,774.06,0,258.02,657,328.5,1.0,0.10225986369916362,Low Risk,0,Occasional
23,3,306.46,0,102.15333333333332,44,22.0,1.5,0.6449094267395383,High Risk,0,Occasional
408,2,1185.46,1,592.73,156,156.0,1.0,0.5706711710099359,Medium Risk,3,regular
22,28,6488.97,0,231.7489285714286,713,26.40740740740741,1.4,0.020079971718180677,Low Risk,2,VIP Loyal
173,6,1632.67,0,272.1116666666667,424,84.8,1.0,0.17922210863487184,Low Risk,3,regular
391,2,186.60000000000002,1,93.30000000000001,242,242.0,1.0,0.506655127093336,Medium Risk,0,Occasional
133,11,4495.03,0,408.6390909090909,543,54.3,1.375,0.08318813272749971,Low Risk,2,VIP Loyal
6,29,5866.63,0,202.29758620689657,724,28.96,1.8571428571428572,0.01862812010180002,Low Risk,2,VIP Loyal
75,3,1440.4,0,480.1333333333334,340,170.0,1.0,0.31938539487305995,Medium Risk,3,regular
40,1,396.33,0,396.33,0,0.0,1.0,0.6949009239762399,High Risk,1,Churned
289,1,101.69999999999999,1,101.69999999999999,0,0.0,1.0,0.6978570101826856,High Risk,1,Churned
26,11,4540.56,0,412.77818181818185,622,62.2,1.1,0.05523118659158366,Low Risk,2,VIP Loyal
669,1,314.1,1,314.1,0,0.0,1.0,0.6957275871199807,High Risk,1,Churned
258,6,1428.63,1,238.10500000000002,477,95.4,1.5,0.1432922364589302,Low Risk,0,Occasional
186,1,247.44,1,247.44,0,0.0,1.0,0.6963967982658512,High Risk,1,Churned
114,12,3877.5200000000004,0,323.1266666666667,82,7.454545454545454,3.0,0.5344410652741687,Medium Risk,2,VIP Loyal
374,2,1509.04,1,754.52,131,131.0,1.0,0.5887723091008248,Medium Risk,3,regular
23,20,5783.29,0,289.1645,475,25.0,1.5384615384615385,0.09023717019145774,Low Risk,2,VIP Loyal
380,1,151.49,1,151.49,0,0.0,1.0,0.6973585973922546,High Risk,1,Churned
8,18,4338.56,0,241.03111111111113,724,42.588235294117645,1.3846153846153846,0.025303253008632426,Low Risk,2,VIP Loyal
217,4,844.6,1,211.15,410,136.66666666666666,1.0,0.22125147242474696,Low Risk,0,Occasional
45,5,4242.75,0,848.55,446,111.5,1.25,0.17311906498411173,Low Risk,3,regular
19,2,1231.5,0,615.75,223,223.0,1.0,0.5166278546757566,Medium Risk,3,regular
36,3,343.45,0,114.48333333333335,97,48.5,1.0,0.5860506363983586,Medium Risk,0,Occasional
26,1,703.37,0,703.37,0,0.0,1.0,0.691803138947062,High Risk,1,Churned
398,1,470.72999999999996,1,470.72999999999996,0,0.0,1.0,0.6941518918860727,High Risk,1,Churned
16,3,812.93,0,270.9766666666667,372,186.0,1.5,0.2927052876958031,Low Risk,3,regular
330,4,1645.75,1,411.4375,298,99.33333333333333,1.0,0.3285828445322205,Medium Risk,3,regular
274,1,101.34,1,101.34,0,0.0,1.0,0.6978606121952057,High Risk,1,Churned
98,17,14761.519999999999,0,868.324705882353,640,40.0,1.7,0.04260406347369081,Low Risk,2,VIP Loyal
61,1,167.67000000000002,0,167.67000000000002,0,0.0,1.0,0.6971965306032653,High Risk,1,Churned
447,1,428.45,1,428.45,0,0.0,1.0,0.6945776777337923,High Risk,1,Churned
422,1,349.4,1,349.4,0,0.0,1.0,0.6953728684590599,High Risk,1,Churned
593,1,360.85,1,360.85,0,0.0,1.0,0.6952577610919018,High Risk,1,Churned
2,18,16179.44,0,898.8577777777778,733,43.11764705882353,1.3846153846153846,0.024951674520050766,Low Risk,2,VIP Loyal
93,8,4452.71,0,556.58875,525,75.0,1.1428571428571428,0.101938569927382,Low Risk,3,regular
82,13,6391.52,0,491.6553846153846,619,51.583333333333336,1.625,0.05288575981303427,Low Risk,2,VIP Loyal
313,5,2303.09,1,460.61800000000005,286,71.5,1.25,0.3238813353824424,Medium Risk,3,regular
12,6,1805.28,0,300.88,501,100.2,1.5,0.1284094461736759,Low Risk,3,regular
8,11,4663.32,0,423.9381818181818,715,71.5,1.1,0.03389580367404029,Low Risk,2,VIP Loyal
396,1,550.84,1,550.84,0,0.0,1.0,0.6933442247889716,High Risk,1,Churned
127,1,168.31,0,168.31,0,0.0,1.0,0.6971901190411167,High Risk,1,Churned
550,1,451.56,1,451.56,0,0.0,1.0,0.6943449868352185,High Risk,1,Churned
11,5,629.16,0,125.832,662,165.5,1.25,0.06587316714666876,Low Risk,0,Occasional
1,145,608821.65,0,4198.77,738,5.426470588235294,5.956521739130435,0.022470115228532817,Low Risk,2,VIP Loyal
549,1,105.8,1,105.8,0,0.0,1.0,0.6978159855445598,High Risk,1,Churned
37,1,754.64,0,754.64,0,0.0,1.0,0.6912841695278544,High Risk,1,Churned
38,1,113.48000000000002,0,113.48000000000002,0,0.0,1.0,0.6977391308955836,High Risk,1,Churned
330,6,1461.46,1,243.57666666666668,364,72.8,1.5,0.23218187806608998,Low Risk,0,Occasional
442,1,167.13,1,167.13,0,0.0,1.0,0.6972019402990941,High Risk,1,Churned
254,3,848.8100000000001,1,282.93666666666667,483,241.5,1.0,0.19911761117195112,Low Risk,0,Occasional
2,38,9893.96,0,260.3673684210526,524,14.162162162162161,2.111111111111111,0.044270258164657586,Low Risk,2,VIP Loyal
20,2,435.43,0,217.715,391,391.0,1.0,0.38666830553936266,Medium Risk,0,Occasional
589,1,405.85,1,405.85,0,0.0,1.0,0.694805137503723,High Risk,1,Churned
12,4,775.96,0,193.99,539,179.66666666666666,1.0,0.13113090761716417,Low Risk,0,Occasional
369,1,152.64000000000001,1,152.64000000000001,0,0.0,1.0,0.6973470800509871,High Risk,1,Churned
290,1,220.1,1,220.1,0,0.0,1.0,0.6966710290059881,High Risk,1,Churned
698,1,9.700000000000001,1,9.700000000000001,0,0.0,1.0,0.6987767317044455,High Risk,1,Churned
68,13,2154.3,0,165.71538461538464,343,28.583333333333332,2.1666666666666665,0.20510850274415493,Low Risk,2,VIP Loyal
26,1,320.72,0,320.72,0,0.0,1.0,0.6956610825162801,High Risk,1,Churned
11,29,6733.22,0,232.18,370,13.214285714285714,2.4166666666666665,0.1239400582341738,Low Risk,2,VIP Loyal
368,1,362.24,1,362.24,0,0.0,1.0,0.695243785696301,High Risk,1,Churned
214,1,111.15,1,111.15,0,0.0,1.0,0.6977624486460083,High Risk,1,Churned
149,2,673.1,0,336.55,5,5.0,2.0,0.6911977795135558,High Risk,1,Churned
8,6,1826.21,0,304.36833333333334,142,28.4,1.2,0.4900320845335296,Medium Risk,3,regular
24,3,684.59,0,228.19666666666663,489,244.5,1.5,0.19683281170250105,Low Risk,0,Occasional
472,1,111.53,1,111.53,0,0.0,1.0,0.6977586458206775,High Risk,1,Churned
30,4,1142.99,0,285.7475,286,95.33333333333333,1.0,0.3425368824899889,Medium Risk,3,regular
61,1,206.82999999999998,0,206.82999999999998,0,0.0,1.0,0.6968040817963185,High Risk,1,Churned
19,4,561.53,0,140.3825,384,128.0,1.3333333333333333,0.24571011731740397,Low Risk,0,Occasional
537,1,420.04,1,420.04,0,0.0,1.0,0.6946623320452219,High Risk,1,Churned
243,1,112.55000000000001,1,112.55000000000001,0,0.0,1.0,0.6977484381027882,High Risk,1,Churned
15,3,1059.39,0,353.12999999999994,41,20.5,1.5,0.6459575904518144,High Risk,3,regular
632,1,222.95999999999998,1,222.95999999999998,0,0.0,1.0,0.6966423486535069,High Risk,1,Churned
504,1,226.9,1,226.9,0,0.0,1.0,0.6966028354510267,High Risk,1,Churned
212,1,931.4999999999999,1,931.4999999999999,0,0.0,1.0,0.6894902392583806,High Risk,1,Churned
598,2,445.0,1,222.5,96,96.0,1.0,0.6211309716518246,High Risk,0,Occasional
29,10,1249.6200000000001,0,124.96200000000002,605,67.22222222222223,1.25,0.0627876841076045,Low Risk,0,Occasional
63,5,1631.3600000000001,0,326.27200000000005,387,96.75,1.0,0.2218530236632908,Low Risk,3,regular
551,2,145.99,1,72.995,0,0.0,2.0,0.6969569910365945,High Risk,1,Churned
295,1,152.65,1,152.65,0,0.0,1.0,0.6973469798991057,High Risk,1,Churned
18,6,8438.34,0,1406.39,0,0.0,6.0,0.6872164092879179,High Risk,2,VIP Loyal
474,1,536.41,1,536.41,0,0.0,1.0,0.693489795528582,High Risk,1,Churned
402,2,882.47,1,441.235,187,187.0,1.0,0.5474614597859206,Medium Risk,3,regular
157,2,1019.52,0,509.76,58,58.0,1.0,0.6469314021628594,High Risk,3,regular
117,2,1000.16,0,500.08000000000004,25,25.0,1.0,0.6710436121250746,High Risk,3,regular
8,19,5058.0,0,266.2105263157895,715,39.72222222222222,1.1176470588235294,0.025663752139892616,Low Risk,2,VIP Loyal
13,11,5617.79,0,510.7081818181818,718,71.8,1.0,0.03332737988379985,Low Risk,2,VIP Loyal
141,2,160.35000000000002,0,80.17500000000001,79,79.0,1.0,0.6353724255840772,High Risk,0,Occasional
46,2,179.33999999999997,0,89.66999999999999,62,62.0,1.0,0.6479468303825033,High Risk,0,Occasional
647,1,114.10000000000001,1,114.10000000000001,0,0.0,1.0,0.6977329260005356,High Risk,1,Churned
51,7,1624.71,0,232.10142857142858,584,97.33333333333333,1.0,0.08060577020515546,Low Risk,3,regular
32,3,566.58,0,188.86,169,84.5,1.0,0.5054192252502736,Medium Risk,0,Occasional
135,6,1879.44,0,313.24,511,102.2,1.0,0.12149580155441232,Low Risk,3,regular
646,1,426.69,1,426.69,0,0.0,1.0,0.6945953948251341,High Risk,1,Churned
659,1,246.22,1,246.22,0,0.0,1.0,0.6964090383167267,High Risk,1,Churned
3,5,932.6,0,186.51999999999998,487,121.75,1.0,0.14638275008692714,Low Risk,0,Occasional
75,3,371.62,0,123.87333333333333,216,108.0,1.0,0.45336223139243775,Medium Risk,0,Occasional
13,2,941.1700000000001,0,470.58500000000004,356,356.0,1.0,0.4113450406775916,Medium Risk,3,regular
571,1,215.35,1,215.35,0,0.0,1.0,0.6967186590755541,High Risk,1,Churned
9,2,453.4,0,226.7,79,79.0,1.0,0.6339644503117541,High Risk,0,Occasional
301,1,530.15,1,530.15,0,0.0,1.0,0.6935529348047298,High Risk,1,Churned
57,3,1003.88,0,334.62666666666667,328,164.0,1.0,0.33235554352587876,Medium Risk,3,regular
15,6,1803.1000000000001,0,300.51666666666665,364,72.8,1.0,0.2301190404000849,Low Risk,3,regular
732,1,379.16,1,379.16,0,0.0,1.0,0.6950736390767552,High Risk,1,Churned
584,1,728.84,1,728.84,0,0.0,1.0,0.6915453848730614,High Risk,1,Churned
37,1,399.65000000000003,0,399.65000000000003,0,0.0,1.0,0.6948675213651432,High Risk,1,Churned
177,1,302.46000000000004,0,302.46000000000004,0,0.0,1.0,0.6958445028753667,High Risk,1,Churned
624,1,175.5,1,175.5,0,0.0,1.0,0.6971180838704834,High Risk,1,Churned
23,3,1384.8600000000001,0,461.62000000000006,82,41.0,1.5,0.6018893229407631,High Risk,3,regular
176,16,3770.27,0,235.641875,560,37.333333333333336,1.2307692307692308,0.06449449043417965,Low Risk,2,VIP Loyal
61,1,202.65,0,202.65,0,0.0,1.0,0.696845986095404,High Risk,1,Churned
33,9,2878.0,0,319.77777777777777,667,83.375,1.125,0.04766532154212233,Low Risk,2,VIP Loyal
59,9,2437.31,0,270.8122222222222,644,80.5,1.0,0.05352826956455965,Low Risk,3,regular
15,52,17479.84,0,336.15076923076924,714,15.521739130434783,2.473684210526316,0.011067516430520018,Low Risk,2,VIP Loyal
87,5,2696.36,0,539.272,526,131.5,1.0,0.12227590330631198,Low Risk,3,regular
7,2,162.5,0,81.25,596,596.0,1.0,0.24602156844042491,Low Risk,0,Occasional
676,1,176.1,1,176.1,0,0.0,1.0,0.6971120721525149,High Risk,1,Churned
358,1,476.35,1,476.35,0,0.0,1.0,0.6940952700005019,High Risk,1,Churned
31,9,2216.87,0,246.31888888888886,692,86.5,1.125,0.04186723896777516,Low Risk,2,VIP Loyal
129,11,6103.74,0,554.8854545454546,530,53.0,1.0,0.08830405938890035,Low Risk,3,regular
9,8,2547.55,0,318.44375,654,93.42857142857143,1.1428571428571428,0.053699275502255825,Low Risk,2,VIP Loyal
5,6,1843.75,0,307.2916666666667,137,27.4,1.5,0.49816222664208265,Medium Risk,3,regular
24,5,1205.94,0,241.18800000000002,710,177.5,1.25,0.05214545696512472,Low Risk,0,Occasional
463,1,291.13,1,291.13,0,0.0,1.0,0.6959582806043506,High Risk,1,Churned
227,2,632.07,1,316.035,47,47.0,1.0,0.6568413663171613,High Risk,0,Occasional
15,1,49.8,0,49.8,0,0.0,1.0,0.6983760488935085,High Risk,1,Churned
249,1,304.25,1,304.25,0,0.0,1.0,0.6958265252078826,High Risk,1,Churned
723,1,329.58,1,329.58,0,0.0,1.0,0.6955720620509124,High Risk,1,Churned
632,1,724.89,1,724.89,0,0.0,1.0,0.691585366335833,High Risk,1,Churned
15,6,3280.59,0,546.765,608,121.6,1.0,0.07650446033017648,Low Risk,3,regular
78,3,1403.73,0,467.91,548,274.0,1.0,0.15573833673434048,Low Risk,3,regular
192,5,745.62,1,149.124,525,131.25,1.0,0.12381357123865819,Low Risk,0,Occasional
262,2,529.4,1,264.7,215,215.0,1.0,0.5267262181810668,Medium Risk,0,Occasional
72,1,957.97,0,957.97,0,0.0,1.0,0.6892212556211517,High Risk,1,Churned
165,3,1207.35,0,402.45,277,138.5,1.0,0.3843998309997544,Medium Risk,3,regular
82,6,4162.04,0,693.6733333333333,597,119.4,1.0,0.08048923038051355,Low Risk,3,regular
387,1,101.16,1,101.16,0,0.0,1.0,0.6978624131923343,High Risk,1,Churned
95,4,1464.31,0,366.0775,537,179.0,1.0,0.13167333762051556,Low Risk,3,regular
576,1,230.1,1,230.1,0,0.0,1.0,0.6965707413721184,High Risk,1,Churned
4,17,5425.56,0,319.15058823529415,332,20.75,1.5454545454545454,0.19434370419545574,Low Risk,2,VIP Loyal
684,1,344.75,1,344.75,0,0.0,1.0,0.6954196081427483,High Risk,1,Churned
106,1,163.8,0,163.8,0,0.0,1.0,0.6972352988818872,High Risk,1,Churned
723,1,447.53000000000003,1,447.53000000000003,0,0.0,1.0,0.6943855714052254,High Risk,1,Churned
200,3,1396.99,1,465.66333333333336,111,55.5,1.5,0.5702723203388879,Medium Risk,3,regular
157,4,504.42,0,126.105,573,191.0,1.0,0.11346099337478276,Low Risk,0,Occasional
71,3,1993.7,0,664.5666666666666,121,60.5,1.0,0.5548752046112252,Medium Risk,3,regular
36,2,517.36,0,258.68,38,38.0,1.0,0.6639148513119157,High Risk,0,Occasional
553,1,314.65999999999997,1,314.65999999999997,0,0.0,1.0,0.6957219616695004,High Risk,1,Churned
499,1,544.47,1,544.47,0,0.0,1.0,0.693408490499865,High Risk,1,Churned
566,1,360.08,1,360.08,0,0.0,1.0,0.695265502702872,High Risk,1,Churned
29,1,139.10000000000002,0,139.10000000000002,0,0.0,1.0,0.697482668488884,High Risk,1,Churned
2,7,2768.83,0,395.54714285714283,381,63.5,1.4,0.20642825466581158,Low Risk,2,VIP Loyal
26,5,600.07,0,120.01400000000001,252,63.0,1.0,0.363692929565787,Medium Risk,0,Occasional
326,2,546.72,1,273.36,351,351.0,1.0,0.41725971440049153,Medium Risk,0,Occasional
237,1,232.48000000000002,1,232.48000000000002,0,0.0,1.0,0.6965468701584572,High Risk,1,Churned
531,4,1780.34,1,445.085,23,7.666666666666667,4.0,0.6676924116425371,High Risk,3,regular
89,5,2247.4900000000002,0,449.49800000000005,534,133.5,1.0,0.1181693875567291,Low Risk,3,regular
31,1,481.75,0,481.75,0,0.0,1.0,0.6940408591076342,High Risk,1,Churned
29,4,945.04,0,236.26000000000002,496,165.33333333333334,1.3333333333333333,0.15787502004742873,Low Risk,3,regular
211,4,1142.0,1,285.5,448,149.33333333333334,1.0,0.19045226034391638,Low Risk,3,regular
3,17,3562.89,0,209.58176470588236,729,45.5625,1.2142857142857142,0.025289270358756725,Low Risk,2,VIP Loyal
227,6,1921.76,1,320.29333333333335,497,99.4,1.0,0.1295340759379856,Low Risk,3,regular
22,6,1424.94,0,237.49,367,73.4,1.0,0.22753783642453185,Low Risk,3,regular
93,1,443.0,0,443.0,0,0.0,1.0,0.6944311876796875,High Risk,1,Churned
5,26,14000.85,0,538.4942307692307,730,29.2,1.368421052631579,0.01992420354021252,Low Risk,2,VIP Loyal
264,1,158.95000000000002,1,158.95000000000002,0,0.0,1.0,0.6972838804855269,High Risk,1,Churned
3,26,13054.26,0,502.0869230769231,731,29.24,1.3,0.019713680382971714,Low Risk,2,VIP Loyal
44,26,11878.88,0,456.88,600,24.0,1.625,0.040495265441764926,Low Risk,2,VIP Loyal
218,2,388.75,1,194.375,266,266.0,1.0,0.4861700427741282,Medium Risk,0,Occasional
57,2,779.9,0,389.95,22,22.0,1.0,0.6741892019425082,High Risk,0,Occasional
12,28,10803.710000000001,0,385.84678571428566,724,26.814814814814813,1.4736842105263157,0.01925336969980444,Low Risk,2,VIP Loyal
9,9,4291.06,0,476.7844444444445,516,64.5,1.125,0.10203271288722526,Low Risk,2,VIP Loyal
192,28,6880.97,1,245.7489285714286,506,18.74074074074074,2.1538461538461537,0.06292653362219117,Low Risk,2,VIP Loyal
82,4,592.97,0,148.2425,115,38.333333333333336,1.3333333333333333,0.5494272496138877,Medium Risk,0,Occasional
326,1,440.0,1,440.0,0,0.0,1.0,0.694461395034307,High Risk,1,Churned
552,1,179.6,1,179.6,0,0.0,1.0,0.6970770024528712,High Risk,1,Churned
72,3,1796.48,0,598.8266666666667,145,72.5,1.0,0.5287020954998459,Medium Risk,3,regular
30,12,1795.3500000000001,0,149.6125,573,52.09090909090909,1.2,0.06843611937673452,Low Risk,2,VIP Loyal
3,5,987.1,0,197.42,131,32.75,1.0,0.5144680467424407,Medium Risk,0,Occasional
515,1,270.92,1,270.92,0,0.0,1.0,0.6961611732357783,High Risk,1,Churned
219,6,2150.36,1,358.3933333333334,204,40.8,1.2,0.4095607295146032,Medium Risk,3,regular
46,1,422.58,0,422.58,0,0.0,1.0,0.6946367660173776,High Risk,1,Churned
10,21,2986.9900000000002,0,142.23761904761906,608,30.4,2.1,0.04372192638889617,Low Risk,2,VIP Loyal
72,8,3605.21,0,450.65125,625,89.28571428571429,1.3333333333333333,0.06240437673017365,Low Risk,3,regular
414,1,515.78,1,515.78,0,0.0,1.0,0.6936978452639574,High Risk,1,Churned
431,2,568.64,1,284.32,72,72.0,1.0,0.6386608523000802,High Risk,3,regular
7,20,6324.9800000000005,0,316.249,633,37.23529411764706,1.5,0.03968361612861783,Low Risk,2,VIP Loyal
24,3,758.8199999999999,0,252.93999999999997,586,293.0,1.0,0.135482985769169,Low Risk,0,Occasional
415,3,839.73,1,279.91,216,108.0,1.0,0.45199242013960705,Medium Risk,0,Occasional
123,2,804.02,0,402.01,63,63.0,1.0,0.6442461622181308,High Risk,3,regular
17,1,95.34,0,95.34,0,0.0,1.0,0.6979206421521147,High Risk,1,Churned
310,1,349.27,1,349.27,0,0.0,1.0,0.695374175214657,High Risk,1,Churned
87,9,26278.86,0,2919.8733333333334,630,78.75,1.5,0.05818167405759152,Low Risk,3,regular
51,7,1542.09,0,220.29857142857142,670,111.66666666666667,1.1666666666666667,0.05273001907241963,Low Risk,0,Occasional
643,1,317.88,1,317.88,0,0.0,1.0,0.6956896141936745,High Risk,1,Churned
581,1,267.9,1,267.9,0,0.0,1.0,0.6961914851259903,High Risk,1,Churned
89,2,303.15,0,151.575,366,366.0,1.0,0.40670825757222345,Medium Risk,0,Occasional
388,1,110.7,1,110.7,0,0.0,1.0,0.6977669519567179,High Risk,1,Churned
39,12,4600.15,0,383.3458333333333,619,56.27272727272727,1.3333333333333333,0.05429871133019027,Low Risk,2,VIP Loyal
464,6,2059.67,1,343.27833333333336,108,21.6,1.2,0.5343588423061146,Medium Risk,3,regular
25,7,4318.200000000001,0,616.8857142857144,707,117.83333333333333,1.1666666666666667,0.04352445448391245,Low Risk,3,regular
173,23,9962.11,0,433.13521739130437,551,25.045454545454547,1.5333333333333334,0.05670168626261149,Low Risk,2,VIP Loyal
43,2,324.24,0,162.12,52,52.0,1.0,0.6546238962210318,High Risk,0,Occasional
140,3,577.54,0,192.51333333333332,462,231.0,1.0,0.21512516039017174,Low Risk,0,Occasional
26,3,1213.1599999999999,0,404.3866666666666,226,113.0,1.0,0.43980736883567023,Medium Risk,3,regular
499,1,603.25,1,603.25,0,0.0,1.0,0.6928151853065581,High Risk,1,Churned
72,2,801.51,0,400.755,85,85.0,1.0,0.6277572354554131,High Risk,3,regular
434,1,251.1,1,251.1,0,0.0,1.0,0.6963600764432212,High Risk,1,Churned
673,1,269.37,1,269.37,0,0.0,1.0,0.6961767308757696,High Risk,1,Churned
134,6,1490.23,0,248.37166666666667,594,118.8,1.2,0.08256478237180011,Low Risk,0,Occasional
366,1,337.2,1,337.2,0,0.0,1.0,0.6954954887210381,High Risk,1,Churned
38,3,444.55,0,148.18333333333334,394,197.0,1.0,0.2714362229510724,Low Risk,0,Occasional
610,2,680.85,1,340.425,121,121.0,1.0,0.6007177799988427,High Risk,0,Occasional
3,9,4385.9800000000005,0,487.33111111111106,642,80.25,1.125,0.05422396244895159,Low Risk,2,VIP Loyal
2,4,357.0,0,89.25,588,196.0,1.0,0.10636703278919128,Low Risk,0,Occasional
30,1,175.92,0,175.92,0,0.0,1.0,0.6971138756749907,High Risk,1,Churned
578,2,741.85,1,370.925,152,152.0,1.0,0.5760901792333558,Medium Risk,3,regular
44,6,1656.52,0,276.08666666666664,685,137.0,1.0,0.052665499267718505,Low Risk,3,regular
58,5,1180.05,0,236.01,436,109.0,1.25,0.18269751115645913,Low Risk,0,Occasional
74,2,414.20000000000005,0,207.10000000000002,330,330.0,1.0,0.4345672961433683,Medium Risk,0,Occasional
519,1,231.33999999999997,1,231.33999999999997,0,0.0,1.0,0.6965583044014482,High Risk,1,Churned
278,2,488.15000000000003,1,244.07500000000002,116,116.0,1.0,0.6055515584709491,High Risk,0,Occasional
181,2,201.14,1,100.57,397,397.0,1.0,0.3832146887554777,Medium Risk,0,Occasional
8,2,178.05,0,89.025,118,118.0,1.0,0.6055384485846443,High Risk,0,Occasional
4,22,2736.65,0,124.39318181818182,654,31.142857142857142,1.5714285714285714,0.032719154970166656,Low Risk,2,VIP Loyal
432,1,461.68,1,461.68,0,0.0,1.0,0.694243058933647,High Risk,1,Churned
661,1,427.0,1,427.0,0,0.0,1.0,0.6945922742428731,High Risk,1,Churned
477,2,1296.43,1,648.215,247,247.0,1.0,0.49685587252006663,Medium Risk,3,regular
43,7,4182.99,0,597.5699999999999,528,88.0,1.4,0.10606042016788365,Low Risk,3,regular
